#2026 05 31 18:07:28.946#Z#INFO#96214937-5d1b-11f1-bf65-eeee0a9fba87.OPERATION#http-nio-0.0.0.0-8080-exec-5#
[XS2StartProcessListener] Operation ID: 96214937-5d1b-11f1-bf65-eeee0a9fba87#
#2026 05 31 18:07:28.970#Z#DEBUG#96214937-5d1b-11f1-bf65-eeee0a9fba87.OPERATION#http-nio-0.0.0.0-8080-exec-5#
[XS2StartProcessListener] Process environment: {
  "SKIP_SSL_VALIDATION" : "false",
  "FLOWABLE_JOB_EXECUTOR_MAX_THREADS" : "32",
  "VERSION" : "2.46.0",
  "BASIC_AUTH_ENABLED" : "true",
  "FLOWABLE_JOB_EXECUTOR_QUEUE_CAPACITY" : "16",
  "FLOWABLE_JOB_EXECUTOR_CORE_THREADS" : "8"
}#
#2026 05 31 18:07:28.970#Z#DEBUG#96214937-5d1b-11f1-bf65-eeee0a9fba87.OPERATION#http-nio-0.0.0.0-8080-exec-5#
[XS2StartProcessListener] Current user: keerthanadevi.natarajan@distrelec.com#
#2026 05 31 18:07:28.970#Z#DEBUG#96214937-5d1b-11f1-bf65-eeee0a9fba87.OPERATION#http-nio-0.0.0.0-8080-exec-5#
[XS2StartProcessListener] Client space: dev#
#2026 05 31 18:07:28.970#Z#DEBUG#96214937-5d1b-11f1-bf65-eeee0a9fba87.OPERATION#http-nio-0.0.0.0-8080-exec-5#
[XS2StartProcessListener] Client organization: a17ff4fftrial#
#2026 05 31 18:07:28.971#Z#INFO#96214937-5d1b-11f1-bf65-eeee0a9fba87.OPERATION#http-nio-0.0.0.0-8080-exec-5#
[XS2StartProcessListener] Process variables: {
  "keepFiles" : false,
  "skipAppDigestCalculation" : false,
  "abortOnError" : false,
  "mtaId" : "Vendor_portal",
  "versionRule" : "ALL",
  "noFailOnMissingPermissions" : false,
  "isSecurityEnabled" : false,
  "apiRequestPath" : "https://deploy-service.cf.us10-001.hana.ondemand.com/api/v1/spaces/25c4b79f-ec1f-4f41-8212-286dd3a0616c/operations",
  "deleteServiceBrokers" : false,
  "appArchiveId" : "e390314d-9264-4d8f-98eb-319f2dfe96fb",
  "isDisposableUserProvidedServiceEnabled" : false,
  "deleteServiceKeys" : false,
  "noRestartSubscribedApps" : false,
  "noStart" : false,
  "deleteServices" : false
}#
#2026 05 31 18:07:29.034#Z#DEBUG#96214937-5d1b-11f1-bf65-eeee0a9fba87.OPERATION#flowable-async-job-executor-thread-10011#
[ValidateDeployParametersStep] Executing task "validateParametersTask" of process "9621495d-5d1b-11f1-bf65-eeee0a9fba87"...#
#2026 05 31 18:07:29.034#Z#DEBUG#96214937-5d1b-11f1-bf65-eeee0a9fba87.OPERATION#flowable-async-job-executor-thread-10011#
[ValidateDeployParametersStep] Validating parameters...#
#2026 05 31 18:07:29.037#Z#INFO#96214937-5d1b-11f1-bf65-eeee0a9fba87.OPERATION#flowable-async-job-executor-thread-10011#
[ValidateDeployParametersStep] Size of mtars is 9,862,948 and size of extension descriptors is 0#
#2026 05 31 18:07:29.072#Z#INFO#96214937-5d1b-11f1-bf65-eeee0a9fba87.OPERATION#flowable-async-job-executor-thread-10011#
[ValidateDeployParametersStep] Archive was not split! Total size in bytes: 9,862,948#
#2026 05 31 18:07:29.072#Z#INFO#96214937-5d1b-11f1-bf65-eeee0a9fba87.OPERATION#flowable-async-job-executor-thread-10011#
[ValidateDeployParametersStep] Deploying in org "a17ff4fftrial" and space "dev"#
#2026 05 31 18:07:29.081#Z#DEBUG#96214937-5d1b-11f1-bf65-eeee0a9fba87.OPERATION#flowable-async-job-executor-thread-10011#
[ValidateDeployParametersStep] Parameters validated#
#2026 05 31 18:07:29.081#Z#DEBUG#96214937-5d1b-11f1-bf65-eeee0a9fba87.OPERATION#flowable-async-job-executor-thread-10011#
Step "Validate Parameters" finished#
#2026 05 31 18:07:29.122#Z#DEBUG#96214937-5d1b-11f1-bf65-eeee0a9fba87.OPERATION#flowable-async-job-executor-thread-10012#
[DeleteRemainingFileParts] Executing task "deleteRemainingFileParts" of process "9621495d-5d1b-11f1-bf65-eeee0a9fba87"...#
#2026 05 31 18:07:29.123#Z#DEBUG#96214937-5d1b-11f1-bf65-eeee0a9fba87.OPERATION#flowable-async-job-executor-thread-10012#
Step "Delete Remaining File Parts" finished#
#2026 05 31 18:07:29.162#Z#DEBUG#96214937-5d1b-11f1-bf65-eeee0a9fba87.OPERATION#flowable-async-job-executor-thread-10013#
[XS2ProcessMtaArchiveStep] Executing task "processArchiveTask" of process "9621495d-5d1b-11f1-bf65-eeee0a9fba87"...#
#2026 05 31 18:07:29.163#Z#DEBUG#96214937-5d1b-11f1-bf65-eeee0a9fba87.OPERATION#flowable-async-job-executor-thread-10013#
[XS2ProcessMtaArchiveStep] Processing MTA archive...#
#2026 05 31 18:07:29.163#Z#DEBUG#96214937-5d1b-11f1-bf65-eeee0a9fba87.OPERATION#flowable-async-job-executor-thread-10013#
[XS2ProcessMtaArchiveStep] MTA Archive ID: e390314d-9264-4d8f-98eb-319f2dfe96fb#
#2026 05 31 18:07:29.483#Z#DEBUG#96214937-5d1b-11f1-bf65-eeee0a9fba87.OPERATION#flowable-async-job-executor-thread-10013#
[XS2ProcessMtaArchiveStep] MTA Descriptor length: 3,849#
#2026 05 31 18:07:29.483#Z#DEBUG#96214937-5d1b-11f1-bf65-eeee0a9fba87.OPERATION#flowable-async-job-executor-thread-10013#
[XS2ProcessMtaArchiveStep] MTA Archive Modules: [Vendor_portal, Vendor_portal-app-deployer, Vendor_portal-srv, Vendor_portal-db-deployer]#
#2026 05 31 18:07:29.484#Z#DEBUG#96214937-5d1b-11f1-bf65-eeee0a9fba87.OPERATION#flowable-async-job-executor-thread-10013#
[XS2ProcessMtaArchiveStep] MTA Archive Requires: []#
#2026 05 31 18:07:29.484#Z#DEBUG#96214937-5d1b-11f1-bf65-eeee0a9fba87.OPERATION#flowable-async-job-executor-thread-10013#
[XS2ProcessMtaArchiveStep] MTA Archive Resources: [Vendor_portal-auth]#
#2026 05 31 18:07:29.495#Z#DEBUG#96214937-5d1b-11f1-bf65-eeee0a9fba87.OPERATION#flowable-async-job-executor-thread-10013#
[XS2ProcessMtaArchiveStep] MTA archive processed#
#2026 05 31 18:07:29.495#Z#DEBUG#96214937-5d1b-11f1-bf65-eeee0a9fba87.OPERATION#flowable-async-job-executor-thread-10013#
Step "Process Archive" finished#
#2026 05 31 18:07:29.551#Z#DEBUG#96214937-5d1b-11f1-bf65-eeee0a9fba87.OPERATION#flowable-async-job-executor-thread-10014#
[ProcessMtaExtensionDescriptorsStep] Executing task "processExtensionDescriptorsTask" of process "9621495d-5d1b-11f1-bf65-eeee0a9fba87"...#
#2026 05 31 18:07:29.553#Z#DEBUG#96214937-5d1b-11f1-bf65-eeee0a9fba87.OPERATION#flowable-async-job-executor-thread-10014#
[ProcessMtaExtensionDescriptorsStep] Processing MTA extension descriptors...#
#2026 05 31 18:07:29.555#Z#DEBUG#96214937-5d1b-11f1-bf65-eeee0a9fba87.OPERATION#flowable-async-job-executor-thread-10014#
[ProcessMtaExtensionDescriptorsStep] Provided extension descriptors: [ ]#
#2026 05 31 18:07:29.555#Z#DEBUG#96214937-5d1b-11f1-bf65-eeee0a9fba87.OPERATION#flowable-async-job-executor-thread-10014#
[ProcessMtaExtensionDescriptorsStep] No extension descriptors in use#
#2026 05 31 18:07:29.555#Z#DEBUG#96214937-5d1b-11f1-bf65-eeee0a9fba87.OPERATION#flowable-async-job-executor-thread-10014#
[ProcessMtaExtensionDescriptorsStep] MTA extension descriptors processed#
#2026 05 31 18:07:29.555#Z#DEBUG#96214937-5d1b-11f1-bf65-eeee0a9fba87.OPERATION#flowable-async-job-executor-thread-10014#
Step "Process Extension Descriptors" finished#
#2026 05 31 18:07:29.606#Z#DEBUG#96214937-5d1b-11f1-bf65-eeee0a9fba87.OPERATION#flowable-async-job-executor-thread-10015#
[XS2DetectMtaSchemaVersionStep] Executing task "detectSchemaVersionTask" of process "9621495d-5d1b-11f1-bf65-eeee0a9fba87"...#
#2026 05 31 18:07:29.608#Z#DEBUG#96214937-5d1b-11f1-bf65-eeee0a9fba87.OPERATION#flowable-async-job-executor-thread-10015#
[XS2DetectMtaSchemaVersionStep] Detecting MTA major schema version...#
#2026 05 31 18:07:29.613#Z#INFO#96214937-5d1b-11f1-bf65-eeee0a9fba87.OPERATION#flowable-async-job-executor-thread-10015#
[XS2DetectMtaSchemaVersionStep] Detected MTA schema version: "3"#
#2026 05 31 18:07:29.620#Z#DEBUG#96214937-5d1b-11f1-bf65-eeee0a9fba87.OPERATION#flowable-async-job-executor-thread-10015#
Step "Detect Schema Version" finished#
#2026 05 31 18:07:29.664#Z#DEBUG#96214937-5d1b-11f1-bf65-eeee0a9fba87.OPERATION#flowable-async-job-executor-thread-10016#
[MergeDescriptorsStep] Executing task "mergeDescriptorsTask" of process "9621495d-5d1b-11f1-bf65-eeee0a9fba87"...#
#2026 05 31 18:07:29.665#Z#DEBUG#96214937-5d1b-11f1-bf65-eeee0a9fba87.OPERATION#flowable-async-job-executor-thread-10016#
[MergeDescriptorsStep] Validating and merging descriptors...#
#2026 05 31 18:07:29.669#Z#DEBUG#96214937-5d1b-11f1-bf65-eeee0a9fba87.OPERATION#flowable-async-job-executor-thread-10016#
[MergeDescriptorsStep] Merged deployment descriptor: {
  "majorSchemaVersion" : 3,
  "schemaVersion" : "3.3.0",
  "id" : "Vendor_portal",
  "version" : "1.0.0",
  "modules" : [ {
    "majorSchemaVersion" : 3,
    "name" : "Vendor_portal-srv",
    "type" : "javascript.nodejs",
    "path" : "Vendor_portal-srv",
    "properties" : { },
    "parameters" : {
      "buildpack" : "nodejs_buildpack",
      "instances" : 1
    },
    "requiredDependencies" : [ {
      "majorSchemaVersion" : 3,
      "name" : "********",
      "properties" : { },
      "parameters" : { },
      "propertiesMetadata" : {
        "metadata" : { }
      },
      "parametersMetadata" : {
        "metadata" : { }
      }
    }, {
      "majorSchemaVersion" : 3,
      "name" : "Vendor_portal-db",
      "properties" : { },
      "parameters" : { },
      "propertiesMetadata" : {
        "metadata" : { }
      },
      "parametersMetadata" : {
        "metadata" : { }
      }
    }, {
      "majorSchemaVersion" : 3,
      "name" : "Vendor_portal-destination",
      "properties" : { },
      "parameters" : { },
      "propertiesMetadata" : {
        "metadata" : { }
      },
      "parametersMetadata" : {
        "metadata" : { }
      }
    } ],
    "providedDependencies" : [ {
      "majorSchemaVersion" : 3,
      "name" : "srv-api",
      "isPublic" : false,
      "properties" : {
        "srv-url" : "${default-url}"
      },
      "parameters" : { },
      "propertiesMetadata" : {
        "metadata" : { }
      },
      "parametersMetadata" : {
        "metadata" : { }
      }
    }, {
      "majorSchemaVersion" : 3,
      "name" : "Vendor_portal-srv",
      "isPublic" : false,
      "properties" : { },
      "parameters" : { },
      "propertiesMetadata" : {
        "metadata" : { }
      },
      "parametersMetadata" : {
        "metadata" : { }
      }
    } ],
    "propertiesMetadata" : {
      "metadata" : { }
    },
    "parametersMetadata" : {
      "metadata" : { }
    },
    "hooks" : [ ]
  }, {
    "majorSchemaVersion" : 3,
    "name" : "Vendor_portal-db-deployer",
    "type" : "com.sap.xs.hdi",
    "path" : "Vendor_portal-db-deployer",
    "properties" : {
      "EXIT" : 1
    },
    "parameters" : {
      "memory" : "256M",
      "buildpack" : "nodejs_buildpack",
      "no-route" : true,
      "dependency-type" : "hard",
      "tasks" : [ {
        "name" : "deploy",
        "memory" : "256M",
        "command" : "npm start"
      } ],
      "no-start" : true
    },
    "requiredDependencies" : [ {
      "majorSchemaVersion" : 3,
      "name" : "Vendor_portal-db",
      "properties" : { },
      "parameters" : { },
      "propertiesMetadata" : {
        "metadata" : { }
      },
      "parametersMetadata" : {
        "metadata" : { }
      }
    } ],
    "providedDependencies" : [ {
      "majorSchemaVersion" : 3,
      "name" : "Vendor_portal-db-deployer",
      "isPublic" : false,
      "properties" : { },
      "parameters" : { },
      "propertiesMetadata" : {
        "metadata" : { }
      },
      "parametersMetadata" : {
        "metadata" : { }
      }
    } ],
    "propertiesMetadata" : {
      "metadata" : { }
    },
    "parametersMetadata" : {
      "metadata" : { }
    },
    "hooks" : [ ]
  }, {
    "majorSchemaVersion" : 3,
    "name" : "Vendor_portal-app-deployer",
    "type" : "com.sap.application.content",
    "path" : "Vendor_portal-app-deployer",
    "properties" : { },
    "parameters" : {
      "config" : {
        "destinations" : [ {
          "Authentication" : "********",
          "HTML5.DynamicDestination" : true,
          "HTML5.ForwardAuthToken" : "********",
          "Name" : "srv-api",
          "ProxyType" : "Internet",
          "Type" : "HTTP",
          "URL" : "~{srv-api/srv-url}"
        } ]
      }
    },
    "requiredDependencies" : [ {
      "majorSchemaVersion" : 3,
      "name" : "********",
      "properties" : { },
      "parameters" : { },
      "propertiesMetadata" : {
        "metadata" : { }
      },
      "parametersMetadata" : {
        "metadata" : { }
      }
    }, {
      "majorSchemaVersion" : 3,
      "name" : "srv-api",
      "properties" : { },
      "parameters" : { },
      "propertiesMetadata" : {
        "metadata" : { }
      },
      "parametersMetadata" : {
        "metadata" : { }
      }
    }, {
      "majorSchemaVersion" : 3,
      "name" : "Vendor_portal-html5-repo-host",
      "properties" : { },
      "parameters" : {
        "config" : {
          "HTML5Runtime_enabled" : true
        },
        "content-target" : true
      },
      "propertiesMetadata" : {
        "metadata" : { }
      },
      "parametersMetadata" : {
        "metadata" : { }
      }
    } ],
    "providedDependencies" : [ {
      "majorSchemaVersion" : 3,
      "name" : "Vendor_portal-app-deployer",
      "isPublic" : false,
      "properties" : { },
      "parameters" : { },
      "propertiesMetadata" : {
        "metadata" : { }
      },
      "parametersMetadata" : {
        "metadata" : { }
      }
    } ],
    "propertiesMetadata" : {
      "metadata" : { }
    },
    "parametersMetadata" : {
      "metadata" : { }
    },
    "hooks" : [ ]
  }, {
    "majorSchemaVersion" : 3,
    "name" : "Vendor_portal",
    "type" : "javascript.nodejs",
    "path" : "Vendor_portal",
    "properties" : { },
    "parameters" : {
      "disk-quota" : "256M",
      "keep-existing-routes" : true,
      "memory" : "256M"
    },
    "requiredDependencies" : [ {
      "majorSchemaVersion" : 3,
      "name" : "srv-api",
      "group" : "destinations",
      "properties" : {
        "name" : "srv-api",
        "forwardAuthToken" : "********",
        "url" : "~{srv-url}"
      },
      "parameters" : { },
      "propertiesMetadata" : {
        "metadata" : { }
      },
      "parametersMetadata" : {
        "metadata" : { }
      }
    }, {
      "majorSchemaVersion" : 3,
      "name" : "********",
      "properties" : { },
      "parameters" : { },
      "propertiesMetadata" : {
        "metadata" : { }
      },
      "parametersMetadata" : {
        "metadata" : { }
      }
    }, {
      "majorSchemaVersion" : 3,
      "name" : "Vendor_portal-destination",
      "properties" : { },
      "parameters" : { },
      "propertiesMetadata" : {
        "metadata" : { }
      },
      "parametersMetadata" : {
        "metadata" : { }
      }
    }, {
      "majorSchemaVersion" : 3,
      "name" : "Vendor_portal-html5-runtime",
      "properties" : { },
      "parameters" : { },
      "propertiesMetadata" : {
        "metadata" : { }
      },
      "parametersMetadata" : {
        "metadata" : { }
      }
    } ],
    "providedDependencies" : [ {
      "majorSchemaVersion" : 3,
      "name" : "app-api",
      "isPublic" : false,
      "properties" : {
        "app-protocol" : "${protocol}",
        "app-uri" : "${default-uri}"
      },
      "parameters" : { },
      "propertiesMetadata" : {
        "metadata" : { }
      },
      "parametersMetadata" : {
        "metadata" : { }
      }
    }, {
      "majorSchemaVersion" : 3,
      "name" : "Vendor_portal",
      "isPublic" : false,
      "properties" : { },
      "parameters" : { },
      "propertiesMetadata" : {
        "metadata" : { }
      },
      "parametersMetadata" : {
        "metadata" : { }
      }
    } ],
    "propertiesMetadata" : {
      "metadata" : { }
    },
    "parametersMetadata" : {
      "metadata" : { }
    },
    "hooks" : [ ]
  }, {
    "majorSchemaVersion" : 3,
    "name" : "Vendor_portal-destinations",
    "type" : "com.sap.application.content",
    "properties" : { },
    "parameters" : {
      "content" : {
        "instance" : {
          "destinations" : [ {
            "Name" : "Vendor_portal-html5-repository",
            "ServiceInstanceName" : "Vendor_portal-html5-repo-host",
            "ServiceKeyName" : "********",
            "sap.cloud.service" : "Vendor_portal.service"
          }, {
            "Authentication" : "********",
            "Name" : "********",
            "ServiceInstanceName" : "********",
            "ServiceKeyName" : "********",
            "sap.cloud.service" : "Vendor_portal.service"
          } ],
          "existing_destinations_policy" : "update"
        }
      }
    },
    "requiredDependencies" : [ {
      "majorSchemaVersion" : 3,
      "name" : "********",
      "properties" : { },
      "parameters" : {
        "service-key" : "********"
      },
      "propertiesMetadata" : {
        "metadata" : { }
      },
      "parametersMetadata" : {
        "metadata" : { }
      }
    }, {
      "majorSchemaVersion" : 3,
      "name" : "Vendor_portal-html5-repo-host",
      "properties" : { },
      "parameters" : {
        "service-key" : "********"
      },
      "propertiesMetadata" : {
        "metadata" : { }
      },
      "parametersMetadata" : {
        "metadata" : { }
      }
    }, {
      "majorSchemaVersion" : 3,
      "name" : "srv-api",
      "properties" : { },
      "parameters" : { },
      "propertiesMetadata" : {
        "metadata" : { }
      },
      "parametersMetadata" : {
        "metadata" : { }
      }
    }, {
      "majorSchemaVersion" : 3,
      "name" : "Vendor_portal-destination",
      "properties" : { },
      "parameters" : {
        "content-target" : true
      },
      "propertiesMetadata" : {
        "metadata" : { }
      },
      "parametersMetadata" : {
        "metadata" : { }
      }
    } ],
    "providedDependencies" : [ {
      "majorSchemaVersion" : 3,
      "name" : "Vendor_portal-destinations",
      "isPublic" : false,
      "properties" : { },
      "parameters" : { },
      "propertiesMetadata" : {
        "metadata" : { }
      },
      "parametersMetadata" : {
        "metadata" : { }
      }
    } ],
    "propertiesMetadata" : {
      "metadata" : { }
    },
    "parametersMetadata" : {
      "metadata" : { }
    },
    "hooks" : [ ]
  } ],
  "resources" : [ {
    "majorSchemaVersion" : 3,
    "name" : "********",
    "type" : "org.cloudfoundry.managed-service",
    "properties" : { },
    "parameters" : {
      "path" : "./xs-security.json",
      "service-plan" : "application",
      "type" : "managed-service",
      "config" : {
        "oauth2-configuration" : "********",
        "tenant-mode" : "dedicated",
        "xsappname" : "Vendor_portal-${org}-${space}"
      },
      "service" : "xsuaa"
    },
    "isActive" : true,
    "isOptional" : false,
    "propertiesMetadata" : {
      "metadata" : { }
    },
    "parametersMetadata" : {
      "metadata" : { }
    },
    "requiredDependencies" : [ {
      "majorSchemaVersion" : 3,
      "name" : "app-api",
      "properties" : { },
      "parameters" : { },
      "propertiesMetadata" : {
        "metadata" : { }
      },
      "parametersMetadata" : {
        "metadata" : { }
      }
    } ],
    "processedAfter" : [ ]
  }, {
    "majorSchemaVersion" : 3,
    "name" : "Vendor_portal-db",
    "type" : "com.sap.xs.hdi-container",
    "properties" : { },
    "parameters" : {
      "type" : "managed-service",
      "service" : "hana",
      "service-plan" : "hdi-shared"
    },
    "isActive" : true,
    "isOptional" : false,
    "propertiesMetadata" : {
      "metadata" : { }
    },
    "parametersMetadata" : {
      "metadata" : { }
    },
    "requiredDependencies" : [ ],
    "processedAfter" : [ ]
  }, {
    "majorSchemaVersion" : 3,
    "name" : "Vendor_portal-destination",
    "type" : "org.cloudfoundry.managed-service",
    "properties" : { },
    "parameters" : {
      "type" : "managed-service",
      "service" : "destination",
      "service-plan" : "lite"
    },
    "isActive" : true,
    "isOptional" : false,
    "propertiesMetadata" : {
      "metadata" : { }
    },
    "parametersMetadata" : {
      "metadata" : { }
    },
    "requiredDependencies" : [ {
      "majorSchemaVersion" : 3,
      "name" : "srv-api",
      "properties" : { },
      "parameters" : { },
      "propertiesMetadata" : {
        "metadata" : { }
      },
      "parametersMetadata" : {
        "metadata" : { }
      }
    } ],
    "processedAfter" : [ ]
  }, {
    "majorSchemaVersion" : 3,
    "name" : "Vendor_portal-html5-repo-host",
    "type" : "org.cloudfoundry.managed-service",
    "properties" : { },
    "parameters" : {
      "type" : "managed-service",
      "service" : "html5-apps-repo",
      "service-plan" : "app-host"
    },
    "isActive" : true,
    "isOptional" : false,
    "propertiesMetadata" : {
      "metadata" : { }
    },
    "parametersMetadata" : {
      "metadata" : { }
    },
    "requiredDependencies" : [ ],
    "processedAfter" : [ ]
  }, {
    "majorSchemaVersion" : 3,
    "name" : "Vendor_portal-html5-runtime",
    "type" : "org.cloudfoundry.managed-service",
    "properties" : { },
    "parameters" : {
      "type" : "managed-service",
      "service" : "html5-apps-repo",
      "service-plan" : "app-runtime"
    },
    "isActive" : true,
    "isOptional" : false,
    "propertiesMetadata" : {
      "metadata" : { }
    },
    "parametersMetadata" : {
      "metadata" : { }
    },
    "requiredDependencies" : [ ],
    "processedAfter" : [ ]
  } ],
  "parameters" : {
    "enable-parallel-deployments" : true,
    "deploy_mode" : "html5-repo"
  },
  "parametersMetadata" : {
    "metadata" : { }
  }
}#
#2026 05 31 18:07:29.672#Z#DEBUG#96214937-5d1b-11f1-bf65-eeee0a9fba87.OPERATION#flowable-async-job-executor-thread-10016#
[MergeDescriptorsStep] Descriptors validated and merged#
#2026 05 31 18:07:29.672#Z#DEBUG#96214937-5d1b-11f1-bf65-eeee0a9fba87.OPERATION#flowable-async-job-executor-thread-10016#
Step "Merge Descriptors" finished#
#2026 05 31 18:07:29.723#Z#DEBUG#96214937-5d1b-11f1-bf65-eeee0a9fba87.OPERATION#flowable-async-job-executor-thread-10017#
[DetectDeployedMtaStep] Executing task "detectDeployedMtaTask" of process "9621495d-5d1b-11f1-bf65-eeee0a9fba87"...#
#2026 05 31 18:07:29.724#Z#DEBUG#96214937-5d1b-11f1-bf65-eeee0a9fba87.OPERATION#flowable-async-job-executor-thread-10017#
[DetectDeployedMtaStep] Detecting deployed MTA...#
#2026 05 31 18:07:29.789#Z#DEBUG#96214937-5d1b-11f1-bf65-eeee0a9fba87.OPERATION#flowable-async-job-executor-thread-10017#
[DetectDeployedMtaStep] Detecting MTA by id Vendor_portal and namespace null#
#2026 05 31 18:07:29.789#Z#DEBUG#96214937-5d1b-11f1-bf65-eeee0a9fba87.OPERATION#flowable-async-job-executor-thread-10017#
[DetectDeployedMtaStep] Getting applications by metadata label selector "mta_id=54228c1fbfd316678aa58a19b8f339c3,!mta_namespace"...#
#2026 05 31 18:07:29.847#Z#DEBUG#96214937-5d1b-11f1-bf65-eeee0a9fba87.OPERATION#flowable-async-job-executor-thread-10017#
[DetectDeployedMtaStep] Getting service instances by metadata label selector "mta_id=54228c1fbfd316678aa58a19b8f339c3,!mta_namespace"...#
#2026 05 31 18:07:29.968#Z#DEBUG#96214937-5d1b-11f1-bf65-eeee0a9fba87.OPERATION#flowable-async-job-executor-thread-10017#
[DetectDeployedMtaStep] Deployed MTA: {
  "metadata" : {
    "id" : "Vendor_portal",
    "version" : "1.0.0"
  },
  "applications" : [ {
    "name" : "Vendor_portal-db-deployer",
    "metadata" : {
      "guid" : "718baf92-0d5b-4a96-b0c8-87425390867d",
      "createdAt" : [ 2026, 5, 29, 15, 50, 51 ],
      "updatedAt" : [ 2026, 5, 31, 0, 10, 4 ]
    },
    "v3Metadata" : {
      "annotations" : {
        "mta_id" : "Vendor_portal",
        "mta_version" : "1.0.0",
        "mta_module" : "{\"name\":\"Vendor_portal-db-deployer\"}",
        "mta_module_provided_dependencies" : "[]",
        "mta_bound_services" : "[\"Vendor_portal-db\"]"
      },
      "labels" : {
        "mta_id" : "54228c1fbfd316678aa58a19b8f339c3"
      }
    },
    "state" : "STOPPED",
    "lifecycle" : {
      "type" : "BUILDPACK",
      "data" : {
        "stack" : "cflinuxfs4",
        "buildpacks" : [ "nodejs_buildpack" ]
      }
    },
    "space" : {
      "name" : "dev",
      "metadata" : {
        "guid" : "25c4b79f-ec1f-4f41-8212-286dd3a0616c",
        "createdAt" : [ 2026, 4, 28, 9, 39, 6 ],
        "updatedAt" : [ 2026, 4, 28, 9, 39, 6 ]
      },
      "organization" : {
        "name" : "a17ff4fftrial",
        "metadata" : {
          "guid" : "87b32d9e-9c3e-4c0f-a9e8-c141fcaf6941",
          "createdAt" : [ 2026, 4, 28, 9, 39, 4 ],
          "updatedAt" : [ 2026, 4, 28, 9, 39, 6 ]
        }
      }
    },
    "moduleName" : "Vendor_portal-db-deployer",
    "boundMtaServices" : [ "Vendor_portal-db" ],
    "providedDependencyNames" : [ ],
    "productizationState" : "LIVE"
  }, {
    "name" : "Vendor_portal-srv",
    "metadata" : {
      "guid" : "f3610358-e791-4b3a-8047-269077eb9aff",
      "createdAt" : [ 2026, 5, 29, 15, 50, 53 ],
      "updatedAt" : [ 2026, 5, 31, 0, 10, 5 ]
    },
    "v3Metadata" : {
      "annotations" : {
        "mta_id" : "Vendor_portal",
        "mta_version" : "1.0.0",
        "mta_module" : "{\"name\":\"Vendor_portal-srv\"}",
        "mta_module_provided_dependencies" : "[]",
        "mta_bound_services" : "********"
      },
      "labels" : {
        "mta_id" : "54228c1fbfd316678aa58a19b8f339c3"
      }
    },
    "state" : "STOPPED",
    "lifecycle" : {
      "type" : "BUILDPACK",
      "data" : {
        "stack" : "cflinuxfs4",
        "buildpacks" : [ "nodejs_buildpack" ]
      }
    },
    "space" : {
      "name" : "dev",
      "metadata" : {
        "guid" : "25c4b79f-ec1f-4f41-8212-286dd3a0616c",
        "createdAt" : [ 2026, 4, 28, 9, 39, 6 ],
        "updatedAt" : [ 2026, 4, 28, 9, 39, 6 ]
      },
      "organization" : {
        "name" : "a17ff4fftrial",
        "metadata" : {
          "guid" : "87b32d9e-9c3e-4c0f-a9e8-c141fcaf6941",
          "createdAt" : [ 2026, 4, 28, 9, 39, 4 ],
          "updatedAt" : [ 2026, 4, 28, 9, 39, 6 ]
        }
      }
    },
    "moduleName" : "Vendor_portal-srv",
    "boundMtaServices" : [ "********", "Vendor_portal-db", "Vendor_portal-destination" ],
    "providedDependencyNames" : [ ],
    "productizationState" : "LIVE"
  }, {
    "name" : "Vendor_portal",
    "metadata" : {
      "guid" : "8eeb1495-b644-4c51-b33b-4bba12e1bf9d",
      "createdAt" : [ 2026, 5, 30, 10, 19, 17 ],
      "updatedAt" : [ 2026, 5, 31, 0, 10, 5 ]
    },
    "v3Metadata" : {
      "annotations" : {
        "mta_id" : "Vendor_portal",
        "mta_version" : "1.0.0",
        "mta_module" : "{\"name\":\"Vendor_portal\"}",
        "mta_module_provided_dependencies" : "[]",
        "mta_bound_services" : "********"
      },
      "labels" : {
        "mta_id" : "54228c1fbfd316678aa58a19b8f339c3"
      }
    },
    "state" : "STOPPED",
    "lifecycle" : {
      "type" : "BUILDPACK",
      "data" : {
        "stack" : "cflinuxfs4",
        "buildpacks" : [ ]
      }
    },
    "space" : {
      "name" : "dev",
      "metadata" : {
        "guid" : "25c4b79f-ec1f-4f41-8212-286dd3a0616c",
        "createdAt" : [ 2026, 4, 28, 9, 39, 6 ],
        "updatedAt" : [ 2026, 4, 28, 9, 39, 6 ]
      },
      "organization" : {
        "name" : "a17ff4fftrial",
        "metadata" : {
          "guid" : "87b32d9e-9c3e-4c0f-a9e8-c141fcaf6941",
          "createdAt" : [ 2026, 4, 28, 9, 39, 4 ],
          "updatedAt" : [ 2026, 4, 28, 9, 39, 6 ]
        }
      }
    },
    "moduleName" : "Vendor_portal",
    "boundMtaServices" : [ "********", "Vendor_portal-destination", "Vendor_portal-html5-runtime" ],
    "providedDependencyNames" : [ ],
    "productizationState" : "LIVE"
  } ],
  "services" : [ {
    "name" : "********",
    "metadata" : {
      "guid" : "872c8647-a392-4436-bbf4-3eeead01a604",
      "createdAt" : [ 2026, 5, 29, 15, 1, 24 ],
      "updatedAt" : [ 2026, 5, 29, 15, 1, 24 ]
    },
    "v3Metadata" : {
      "annotations" : {
        "mta_id" : "Vendor_portal",
        "mta_version" : "1.0.0",
        "mta_resource" : "********"
      },
      "labels" : {
        "mta_id" : "54228c1fbfd316678aa58a19b8f339c3"
      }
    },
    "label" : "xsuaa",
    "plan" : "application",
    "credentials" : "********",
    "tags" : [ ],
    "type" : "managed",
    "lastOperation" : {
      "type" : "UPDATE",
      "description" : "",
      "state" : "SUCCEEDED"
    },
    "resourceName" : "********"
  }, {
    "name" : "Vendor_portal-db",
    "metadata" : {
      "guid" : "adcecc63-16ef-49a6-bfe4-ceb5945703c3",
      "createdAt" : [ 2026, 5, 29, 16, 4, 44 ],
      "updatedAt" : [ 2026, 5, 29, 16, 4, 44 ]
    },
    "v3Metadata" : {
      "annotations" : {
        "mta_id" : "Vendor_portal",
        "mta_version" : "1.0.0",
        "mta_resource" : "{\"name\":\"Vendor_portal-db\"}"
      },
      "labels" : {
        "mta_id" : "54228c1fbfd316678aa58a19b8f339c3"
      }
    },
    "label" : "hana",
    "plan" : "hdi-shared",
    "credentials" : "********",
    "tags" : [ ],
    "type" : "managed",
    "lastOperation" : {
      "type" : "CREATE",
      "state" : "SUCCEEDED"
    },
    "resourceName" : "Vendor_portal-db"
  }, {
    "name" : "Vendor_portal-html5-runtime",
    "metadata" : {
      "guid" : "6da8f408-78f3-43b9-83a3-d24985d9c96e",
      "createdAt" : [ 2026, 5, 30, 10, 19 ],
      "updatedAt" : [ 2026, 5, 30, 10, 19, 1 ]
    },
    "v3Metadata" : {
      "annotations" : {
        "mta_id" : "Vendor_portal",
        "mta_version" : "1.0.0",
        "mta_resource" : "{\"name\":\"Vendor_portal-html5-runtime\"}"
      },
      "labels" : {
        "mta_id" : "54228c1fbfd316678aa58a19b8f339c3"
      }
    },
    "label" : "html5-apps-repo",
    "plan" : "app-runtime",
    "credentials" : "********",
    "tags" : [ ],
    "type" : "managed",
    "lastOperation" : {
      "type" : "CREATE",
      "description" : "",
      "state" : "SUCCEEDED"
    },
    "resourceName" : "Vendor_portal-html5-runtime"
  }, {
    "name" : "Vendor_portal-html5-repo-host",
    "metadata" : {
      "guid" : "5f314e74-afd9-478c-a397-afe1ac2289f2",
      "createdAt" : [ 2026, 5, 30, 10, 19 ],
      "updatedAt" : [ 2026, 5, 30, 10, 19, 2 ]
    },
    "v3Metadata" : {
      "annotations" : {
        "mta_id" : "Vendor_portal",
        "mta_version" : "1.0.0",
        "mta_resource" : "{\"name\":\"Vendor_portal-html5-repo-host\"}"
      },
      "labels" : {
        "mta_id" : "54228c1fbfd316678aa58a19b8f339c3"
      }
    },
    "label" : "html5-apps-repo",
    "plan" : "app-host",
    "credentials" : "********",
    "tags" : [ ],
    "type" : "managed",
    "lastOperation" : {
      "type" : "CREATE",
      "description" : "",
      "state" : "SUCCEEDED"
    },
    "resourceName" : "Vendor_portal-html5-repo-host"
  }, {
    "name" : "Vendor_portal-destination",
    "metadata" : {
      "guid" : "0096e76b-4204-4488-89af-b195d851d22b",
      "createdAt" : [ 2026, 5, 29, 15, 1, 24 ],
      "updatedAt" : [ 2026, 5, 29, 15, 1, 26 ]
    },
    "v3Metadata" : {
      "annotations" : {
        "mta_id" : "Vendor_portal",
        "mta_version" : "1.0.0",
        "mta_resource" : "{\"name\":\"Vendor_portal-destination\"}"
      },
      "labels" : {
        "mta_id" : "54228c1fbfd316678aa58a19b8f339c3"
      }
    },
    "label" : "destination",
    "plan" : "lite",
    "credentials" : "********",
    "tags" : [ ],
    "type" : "managed",
    "lastOperation" : {
      "type" : "CREATE",
      "description" : "",
      "state" : "SUCCEEDED"
    },
    "resourceName" : "Vendor_portal-destination"
  } ]
}#
#2026 05 31 18:07:29.968#Z#INFO#96214937-5d1b-11f1-bf65-eeee0a9fba87.OPERATION#flowable-async-job-executor-thread-10017#
[DetectDeployedMtaStep] Detected deployed MTA with ID "Vendor_portal" and version "1.0.0"#
#2026 05 31 18:07:29.975#Z#DEBUG#96214937-5d1b-11f1-bf65-eeee0a9fba87.OPERATION#flowable-async-job-executor-thread-10017#
[DetectDeployedMtaStep] Detecting backup mta by id "Vendor_portal" and namespace "null"#
#2026 05 31 18:07:29.975#Z#DEBUG#96214937-5d1b-11f1-bf65-eeee0a9fba87.OPERATION#flowable-async-job-executor-thread-10017#
[DetectDeployedMtaStep] Getting applications by metadata label selector "mta_id=54228c1fbfd316678aa58a19b8f339c3,mta_namespace=b698114a0995e936895b9598a6c19a2c"...#
#2026 05 31 18:07:30.025#Z#DEBUG#96214937-5d1b-11f1-bf65-eeee0a9fba87.OPERATION#flowable-async-job-executor-thread-10017#
[DetectDeployedMtaStep] Getting service instances by metadata label selector "mta_id=54228c1fbfd316678aa58a19b8f339c3,mta_namespace=b698114a0995e936895b9598a6c19a2c"...#
#2026 05 31 18:07:30.108#Z#DEBUG#96214937-5d1b-11f1-bf65-eeee0a9fba87.OPERATION#flowable-async-job-executor-thread-10017#
[DetectDeployedMtaStep] Deployed MTA service keys: [ {
  "name" : "********",
  "metadata" : {
    "guid" : "b9fb18b7-2aec-4193-97d1-7e8fbe9ee1a7",
    "createdAt" : [ 2026, 5, 30, 10, 19, 15 ],
    "updatedAt" : [ 2026, 5, 30, 10, 19, 16 ]
  },
  "v3Metadata" : {
    "annotations" : {
      "mta_id" : "Vendor_portal",
      "mta_version" : "1.0.0"
    },
    "labels" : {
      "mta_id" : "54228c1fbfd316678aa58a19b8f339c3",
      "space_guid" : "25c4b79f-ec1f-4f41-8212-286dd3a0616c"
    }
  },
  "serviceInstance" : {
    "name" : "Vendor_portal-html5-repo-host",
    "metadata" : {
      "guid" : "5f314e74-afd9-478c-a397-afe1ac2289f2",
      "createdAt" : [ 2026, 5, 30, 10, 19 ],
      "updatedAt" : [ 2026, 5, 30, 10, 19, 2 ]
    },
    "v3Metadata" : {
      "annotations" : {
        "mta_id" : "Vendor_portal",
        "mta_version" : "1.0.0",
        "mta_resource" : "{\"name\":\"Vendor_portal-html5-repo-host\"}"
      },
      "labels" : {
        "mta_id" : "54228c1fbfd316678aa58a19b8f339c3"
      }
    },
    "credentials" : "********",
    "tags" : [ ],
    "type" : "managed"
  }
}, {
  "name" : "********",
  "metadata" : {
    "guid" : "85ac08b6-9982-41ac-aafe-a4e0bce82d34",
    "createdAt" : [ 2026, 5, 30, 10, 19, 15 ],
    "updatedAt" : [ 2026, 5, 30, 10, 19, 15 ]
  },
  "v3Metadata" : {
    "annotations" : {
      "mta_id" : "Vendor_portal",
      "mta_version" : "1.0.0"
    },
    "labels" : {
      "mta_id" : "54228c1fbfd316678aa58a19b8f339c3",
      "space_guid" : "25c4b79f-ec1f-4f41-8212-286dd3a0616c"
    }
  },
  "serviceInstance" : {
    "name" : "********",
    "metadata" : {
      "guid" : "872c8647-a392-4436-bbf4-3eeead01a604",
      "createdAt" : [ 2026, 5, 29, 15, 1, 24 ],
      "updatedAt" : [ 2026, 5, 29, 15, 1, 24 ]
    },
    "v3Metadata" : {
      "annotations" : {
        "mta_id" : "Vendor_portal",
        "mta_version" : "1.0.0",
        "mta_resource" : "********"
      },
      "labels" : {
        "mta_id" : "54228c1fbfd316678aa58a19b8f339c3"
      }
    },
    "credentials" : "********",
    "tags" : [ ],
    "type" : "managed"
  }
}, {
  "name" : "********",
  "metadata" : {
    "guid" : "5da5e703-b984-4da5-bcfb-42b2d6998d60",
    "createdAt" : [ 2026, 5, 30, 10, 19, 19 ],
    "updatedAt" : [ 2026, 5, 30, 10, 19, 19 ]
  },
  "v3Metadata" : {
    "annotations" : {
      "mta_id" : "Vendor_portal",
      "mta_version" : "1.0.0"
    },
    "labels" : {
      "mta_id" : "54228c1fbfd316678aa58a19b8f339c3",
      "space_guid" : "25c4b79f-ec1f-4f41-8212-286dd3a0616c"
    }
  },
  "serviceInstance" : {
    "name" : "********",
    "metadata" : {
      "guid" : "872c8647-a392-4436-bbf4-3eeead01a604",
      "createdAt" : [ 2026, 5, 29, 15, 1, 24 ],
      "updatedAt" : [ 2026, 5, 29, 15, 1, 24 ]
    },
    "v3Metadata" : {
      "annotations" : {
        "mta_id" : "Vendor_portal",
        "mta_version" : "1.0.0",
        "mta_resource" : "********"
      },
      "labels" : {
        "mta_id" : "54228c1fbfd316678aa58a19b8f339c3"
      }
    },
    "credentials" : "********",
    "tags" : [ ],
    "type" : "managed"
  }
}, {
  "name" : "********",
  "metadata" : {
    "guid" : "98117fa9-5fe3-4697-ab41-f17cbf6b0aa7",
    "createdAt" : [ 2026, 5, 30, 10, 19, 19 ],
    "updatedAt" : [ 2026, 5, 30, 10, 19, 19 ]
  },
  "v3Metadata" : {
    "annotations" : {
      "mta_id" : "Vendor_portal",
      "mta_version" : "1.0.0"
    },
    "labels" : {
      "mta_id" : "54228c1fbfd316678aa58a19b8f339c3",
      "space_guid" : "25c4b79f-ec1f-4f41-8212-286dd3a0616c"
    }
  },
  "serviceInstance" : {
    "name" : "Vendor_portal-html5-repo-host",
    "metadata" : {
      "guid" : "5f314e74-afd9-478c-a397-afe1ac2289f2",
      "createdAt" : [ 2026, 5, 30, 10, 19 ],
      "updatedAt" : [ 2026, 5, 30, 10, 19, 2 ]
    },
    "v3Metadata" : {
      "annotations" : {
        "mta_id" : "Vendor_portal",
        "mta_version" : "1.0.0",
        "mta_resource" : "{\"name\":\"Vendor_portal-html5-repo-host\"}"
      },
      "labels" : {
        "mta_id" : "54228c1fbfd316678aa58a19b8f339c3"
      }
    },
    "credentials" : "********",
    "tags" : [ ],
    "type" : "managed"
  }
}, {
  "name" : "********",
  "metadata" : {
    "guid" : "caf03d18-1c8d-491d-9177-e62c357735b8",
    "createdAt" : [ 2026, 5, 30, 10, 19, 19 ],
    "updatedAt" : [ 2026, 5, 30, 10, 19, 20 ]
  },
  "v3Metadata" : {
    "annotations" : {
      "mta_id" : "Vendor_portal",
      "mta_version" : "1.0.0"
    },
    "labels" : {
      "mta_id" : "54228c1fbfd316678aa58a19b8f339c3",
      "space_guid" : "25c4b79f-ec1f-4f41-8212-286dd3a0616c"
    }
  },
  "serviceInstance" : {
    "name" : "Vendor_portal-destination",
    "metadata" : {
      "guid" : "0096e76b-4204-4488-89af-b195d851d22b",
      "createdAt" : [ 2026, 5, 29, 15, 1, 24 ],
      "updatedAt" : [ 2026, 5, 29, 15, 1, 26 ]
    },
    "v3Metadata" : {
      "annotations" : {
        "mta_id" : "Vendor_portal",
        "mta_version" : "1.0.0",
        "mta_resource" : "{\"name\":\"Vendor_portal-destination\"}"
      },
      "labels" : {
        "mta_id" : "54228c1fbfd316678aa58a19b8f339c3"
      }
    },
    "credentials" : "********",
    "tags" : [ ],
    "type" : "managed"
  }
} ]#
#2026 05 31 18:07:30.108#Z#DEBUG#96214937-5d1b-11f1-bf65-eeee0a9fba87.OPERATION#flowable-async-job-executor-thread-10017#
Step "Detect Deployed MTA" finished#
#2026 05 31 18:07:30.162#Z#DEBUG#96214937-5d1b-11f1-bf65-eeee0a9fba87.OPERATION#flowable-async-job-executor-thread-10018#
[XS2CollectSystemParametersStep] Executing task "collectSystemParametersTask" of process "9621495d-5d1b-11f1-bf65-eeee0a9fba87"...#
#2026 05 31 18:07:30.163#Z#DEBUG#96214937-5d1b-11f1-bf65-eeee0a9fba87.OPERATION#flowable-async-job-executor-thread-10018#
[XS2CollectSystemParametersStep] Collecting system parameters...#
#2026 05 31 18:07:30.164#Z#DEBUG#96214937-5d1b-11f1-bf65-eeee0a9fba87.OPERATION#flowable-async-job-executor-thread-10018#
[XS2CollectSystemParametersStep] Getting default domain...#
#2026 05 31 18:07:30.198#Z#DEBUG#96214937-5d1b-11f1-bf65-eeee0a9fba87.OPERATION#flowable-async-job-executor-thread-10018#
[XS2CollectSystemParametersStep] Default domain: cfapps.us10-001.hana.ondemand.com#
#2026 05 31 18:07:30.201#Z#DEBUG#96214937-5d1b-11f1-bf65-eeee0a9fba87.OPERATION#flowable-async-job-executor-thread-10018#
[XS2CollectSystemParametersStep] Checking for overwriting read-only parameters for mta with id: "Vendor_portal"#
#2026 05 31 18:07:30.201#Z#DEBUG#96214937-5d1b-11f1-bf65-eeee0a9fba87.OPERATION#flowable-async-job-executor-thread-10018#
[XS2CollectSystemParametersStep] No read-only parameters are overwritten#
#2026 05 31 18:07:30.215#Z#DEBUG#96214937-5d1b-11f1-bf65-eeee0a9fba87.OPERATION#flowable-async-job-executor-thread-10018#
[XS2CollectSystemParametersStep] Descriptor with system parameters: {
  "majorSchemaVersion" : 3,
  "schemaVersion" : "3.3.0",
  "id" : "Vendor_portal",
  "version" : "1.0.0",
  "modules" : [ {
    "majorSchemaVersion" : 3,
    "name" : "Vendor_portal-srv",
    "type" : "javascript.nodejs",
    "path" : "Vendor_portal-srv",
    "properties" : { },
    "parameters" : {
      "default-url" : "${protocol}://${default-uri}",
      "default-app-name" : "Vendor_portal-srv",
      "generated-password" : "********",
      "default-live-url" : "${protocol}://${default-live-uri}",
      "default-uri" : "${host}.${domain}",
      "default-instances" : 1,
      "default-live-host" : "a17ff4fftrial-dev-vendor-portal-srv",
      "instances" : 1,
      "buildpack" : "nodejs_buildpack",
      "default-host" : "a17ff4fftrial-dev-vendor-portal-srv",
      "app-name" : "${default-app-name}",
      "default-live-uri" : "a17ff4fftrial-dev-vendor-portal-srv.${domain}",
      "protocol" : "https",
      "default-live-app-name" : "Vendor_portal-srv",
      "default-live-domain" : "cfapps.us10-001.hana.ondemand.com",
      "domain" : "${default-domain}",
      "host" : "${default-host}",
      "generated-user" : "********"
    },
    "requiredDependencies" : [ {
      "majorSchemaVersion" : 3,
      "name" : "********",
      "properties" : { },
      "parameters" : { },
      "propertiesMetadata" : {
        "metadata" : { }
      },
      "parametersMetadata" : {
        "metadata" : { }
      }
    }, {
      "majorSchemaVersion" : 3,
      "name" : "Vendor_portal-db",
      "properties" : { },
      "parameters" : { },
      "propertiesMetadata" : {
        "metadata" : { }
      },
      "parametersMetadata" : {
        "metadata" : { }
      }
    }, {
      "majorSchemaVersion" : 3,
      "name" : "Vendor_portal-destination",
      "properties" : { },
      "parameters" : { },
      "propertiesMetadata" : {
        "metadata" : { }
      },
      "parametersMetadata" : {
        "metadata" : { }
      }
    } ],
    "providedDependencies" : [ {
      "majorSchemaVersion" : 3,
      "name" : "srv-api",
      "isPublic" : false,
      "properties" : {
        "srv-url" : "${default-url}"
      },
      "parameters" : { },
      "propertiesMetadata" : {
        "metadata" : { }
      },
      "parametersMetadata" : {
        "metadata" : { }
      }
    }, {
      "majorSchemaVersion" : 3,
      "name" : "Vendor_portal-srv",
      "isPublic" : false,
      "properties" : { },
      "parameters" : { },
      "propertiesMetadata" : {
        "metadata" : { }
      },
      "parametersMetadata" : {
        "metadata" : { }
      }
    } ],
    "propertiesMetadata" : {
      "metadata" : { }
    },
    "parametersMetadata" : {
      "metadata" : { }
    },
    "hooks" : [ ]
  }, {
    "majorSchemaVersion" : 3,
    "name" : "Vendor_portal-db-deployer",
    "type" : "com.sap.xs.hdi",
    "path" : "Vendor_portal-db-deployer",
    "properties" : {
      "EXIT" : 1
    },
    "parameters" : {
      "default-url" : "${protocol}://${default-uri}",
      "default-app-name" : "Vendor_portal-db-deployer",
      "generated-password" : "********",
      "default-live-url" : "${protocol}://${default-live-uri}",
      "default-uri" : "${host}.${domain}",
      "memory" : "256M",
      "default-instances" : 1,
      "no-route" : true,
      "default-live-host" : "a17ff4fftrial-dev-vendor-portal-db-deployer",
      "instances" : "${default-instances}",
      "buildpack" : "nodejs_buildpack",
      "default-host" : "a17ff4fftrial-dev-vendor-portal-db-deployer",
      "app-name" : "${default-app-name}",
      "default-live-uri" : "a17ff4fftrial-dev-vendor-portal-db-deployer.${domain}",
      "protocol" : "https",
      "default-live-app-name" : "Vendor_portal-db-deployer",
      "default-live-domain" : "cfapps.us10-001.hana.ondemand.com",
      "dependency-type" : "hard",
      "domain" : "${default-domain}",
      "host" : "${default-host}",
      "generated-user" : "********",
      "tasks" : [ {
        "name" : "deploy",
        "memory" : "256M",
        "command" : "npm start"
      } ],
      "no-start" : true
    },
    "requiredDependencies" : [ {
      "majorSchemaVersion" : 3,
      "name" : "Vendor_portal-db",
      "properties" : { },
      "parameters" : { },
      "propertiesMetadata" : {
        "metadata" : { }
      },
      "parametersMetadata" : {
        "metadata" : { }
      }
    } ],
    "providedDependencies" : [ {
      "majorSchemaVersion" : 3,
      "name" : "Vendor_portal-db-deployer",
      "isPublic" : false,
      "properties" : { },
      "parameters" : { },
      "propertiesMetadata" : {
        "metadata" : { }
      },
      "parametersMetadata" : {
        "metadata" : { }
      }
    } ],
    "propertiesMetadata" : {
      "metadata" : { }
    },
    "parametersMetadata" : {
      "metadata" : { }
    },
    "hooks" : [ ]
  }, {
    "majorSchemaVersion" : 3,
    "name" : "Vendor_portal-app-deployer",
    "type" : "com.sap.application.content",
    "path" : "Vendor_portal-app-deployer",
    "properties" : { },
    "parameters" : {
      "default-url" : "${protocol}://${default-uri}",
      "default-app-name" : "Vendor_portal-app-deployer",
      "generated-password" : "********",
      "default-live-url" : "${protocol}://${default-live-uri}",
      "default-uri" : "${host}.${domain}",
      "default-instances" : 1,
      "default-live-host" : "a17ff4fftrial-dev-vendor-portal-app-deployer",
      "instances" : "${default-instances}",
      "default-host" : "a17ff4fftrial-dev-vendor-portal-app-deployer",
      "app-name" : "${default-app-name}",
      "default-live-uri" : "a17ff4fftrial-dev-vendor-portal-app-deployer.${domain}",
      "protocol" : "https",
      "default-live-app-name" : "Vendor_portal-app-deployer",
      "default-live-domain" : "cfapps.us10-001.hana.ondemand.com",
      "domain" : "${default-domain}",
      "host" : "${default-host}",
      "generated-user" : "********",
      "config" : {
        "destinations" : [ {
          "Authentication" : "********",
          "HTML5.DynamicDestination" : true,
          "HTML5.ForwardAuthToken" : "********",
          "Name" : "srv-api",
          "ProxyType" : "Internet",
          "Type" : "HTTP",
          "URL" : "~{srv-api/srv-url}"
        } ]
      }
    },
    "requiredDependencies" : [ {
      "majorSchemaVersion" : 3,
      "name" : "********",
      "properties" : { },
      "parameters" : { },
      "propertiesMetadata" : {
        "metadata" : { }
      },
      "parametersMetadata" : {
        "metadata" : { }
      }
    }, {
      "majorSchemaVersion" : 3,
      "name" : "srv-api",
      "properties" : { },
      "parameters" : { },
      "propertiesMetadata" : {
        "metadata" : { }
      },
      "parametersMetadata" : {
        "metadata" : { }
      }
    }, {
      "majorSchemaVersion" : 3,
      "name" : "Vendor_portal-html5-repo-host",
      "properties" : { },
      "parameters" : {
        "config" : {
          "HTML5Runtime_enabled" : true
        },
        "content-target" : true
      },
      "propertiesMetadata" : {
        "metadata" : { }
      },
      "parametersMetadata" : {
        "metadata" : { }
      }
    } ],
    "providedDependencies" : [ {
      "majorSchemaVersion" : 3,
      "name" : "Vendor_portal-app-deployer",
      "isPublic" : false,
      "properties" : { },
      "parameters" : { },
      "propertiesMetadata" : {
        "metadata" : { }
      },
      "parametersMetadata" : {
        "metadata" : { }
      }
    } ],
    "propertiesMetadata" : {
      "metadata" : { }
    },
    "parametersMetadata" : {
      "metadata" : { }
    },
    "hooks" : [ ]
  }, {
    "majorSchemaVersion" : 3,
    "name" : "Vendor_portal",
    "type" : "javascript.nodejs",
    "path" : "Vendor_portal",
    "properties" : { },
    "parameters" : {
      "default-url" : "${protocol}://${default-uri}",
      "default-app-name" : "Vendor_portal",
      "generated-password" : "********",
      "default-live-url" : "${protocol}://${default-live-uri}",
      "default-uri" : "${host}.${domain}",
      "memory" : "256M",
      "default-instances" : 1,
      "default-live-host" : "a17ff4fftrial-dev-vendor-portal",
      "instances" : "${default-instances}",
      "default-host" : "a17ff4fftrial-dev-vendor-portal",
      "keep-existing-routes" : true,
      "app-name" : "${default-app-name}",
      "default-live-uri" : "a17ff4fftrial-dev-vendor-portal.${domain}",
      "protocol" : "https",
      "default-live-app-name" : "Vendor_portal",
      "default-live-domain" : "cfapps.us10-001.hana.ondemand.com",
      "disk-quota" : "256M",
      "domain" : "${default-domain}",
      "host" : "${default-host}",
      "generated-user" : "********"
    },
    "requiredDependencies" : [ {
      "majorSchemaVersion" : 3,
      "name" : "srv-api",
      "group" : "destinations",
      "properties" : {
        "name" : "srv-api",
        "forwardAuthToken" : "********",
        "url" : "~{srv-url}"
      },
      "parameters" : { },
      "propertiesMetadata" : {
        "metadata" : { }
      },
      "parametersMetadata" : {
        "metadata" : { }
      }
    }, {
      "majorSchemaVersion" : 3,
      "name" : "********",
      "properties" : { },
      "parameters" : { },
      "propertiesMetadata" : {
        "metadata" : { }
      },
      "parametersMetadata" : {
        "metadata" : { }
      }
    }, {
      "majorSchemaVersion" : 3,
      "name" : "Vendor_portal-destination",
      "properties" : { },
      "parameters" : { },
      "propertiesMetadata" : {
        "metadata" : { }
      },
      "parametersMetadata" : {
        "metadata" : { }
      }
    }, {
      "majorSchemaVersion" : 3,
      "name" : "Vendor_portal-html5-runtime",
      "properties" : { },
      "parameters" : { },
      "propertiesMetadata" : {
        "metadata" : { }
      },
      "parametersMetadata" : {
        "metadata" : { }
      }
    } ],
    "providedDependencies" : [ {
      "majorSchemaVersion" : 3,
      "name" : "app-api",
      "isPublic" : false,
      "properties" : {
        "app-protocol" : "${protocol}",
        "app-uri" : "${default-uri}"
      },
      "parameters" : { },
      "propertiesMetadata" : {
        "metadata" : { }
      },
      "parametersMetadata" : {
        "metadata" : { }
      }
    }, {
      "majorSchemaVersion" : 3,
      "name" : "Vendor_portal",
      "isPublic" : false,
      "properties" : { },
      "parameters" : { },
      "propertiesMetadata" : {
        "metadata" : { }
      },
      "parametersMetadata" : {
        "metadata" : { }
      }
    } ],
    "propertiesMetadata" : {
      "metadata" : { }
    },
    "parametersMetadata" : {
      "metadata" : { }
    },
    "hooks" : [ ]
  }, {
    "majorSchemaVersion" : 3,
    "name" : "Vendor_portal-destinations",
    "type" : "com.sap.application.content",
    "properties" : { },
    "parameters" : {
      "default-url" : "${protocol}://${default-uri}",
      "default-app-name" : "Vendor_portal-destinations",
      "generated-password" : "********",
      "default-live-url" : "${protocol}://${default-live-uri}",
      "default-uri" : "${host}.${domain}",
      "default-instances" : 1,
      "default-live-host" : "a17ff4fftrial-dev-vendor-portal-destinations",
      "instances" : "${default-instances}",
      "default-host" : "a17ff4fftrial-dev-vendor-portal-destinations",
      "content" : {
        "instance" : {
          "destinations" : [ {
            "Name" : "Vendor_portal-html5-repository",
            "ServiceInstanceName" : "Vendor_portal-html5-repo-host",
            "ServiceKeyName" : "********",
            "sap.cloud.service" : "Vendor_portal.service"
          }, {
            "Authentication" : "********",
            "Name" : "********",
            "ServiceInstanceName" : "********",
            "ServiceKeyName" : "********",
            "sap.cloud.service" : "Vendor_portal.service"
          } ],
          "existing_destinations_policy" : "update"
        }
      },
      "app-name" : "${default-app-name}",
      "default-live-uri" : "a17ff4fftrial-dev-vendor-portal-destinations.${domain}",
      "protocol" : "https",
      "default-live-app-name" : "Vendor_portal-destinations",
      "default-live-domain" : "cfapps.us10-001.hana.ondemand.com",
      "domain" : "${default-domain}",
      "host" : "${default-host}",
      "generated-user" : "********"
    },
    "requiredDependencies" : [ {
      "majorSchemaVersion" : 3,
      "name" : "********",
      "properties" : { },
      "parameters" : {
        "service-key" : "********"
      },
      "propertiesMetadata" : {
        "metadata" : { }
      },
      "parametersMetadata" : {
        "metadata" : { }
      }
    }, {
      "majorSchemaVersion" : 3,
      "name" : "Vendor_portal-html5-repo-host",
      "properties" : { },
      "parameters" : {
        "service-key" : "********"
      },
      "propertiesMetadata" : {
        "metadata" : { }
      },
      "parametersMetadata" : {
        "metadata" : { }
      }
    }, {
      "majorSchemaVersion" : 3,
      "name" : "srv-api",
      "properties" : { },
      "parameters" : { },
      "propertiesMetadata" : {
        "metadata" : { }
      },
      "parametersMetadata" : {
        "metadata" : { }
      }
    }, {
      "majorSchemaVersion" : 3,
      "name" : "Vendor_portal-destination",
      "properties" : { },
      "parameters" : {
        "content-target" : true
      },
      "propertiesMetadata" : {
        "metadata" : { }
      },
      "parametersMetadata" : {
        "metadata" : { }
      }
    } ],
    "providedDependencies" : [ {
      "majorSchemaVersion" : 3,
      "name" : "Vendor_portal-destinations",
      "isPublic" : false,
      "properties" : { },
      "parameters" : { },
      "propertiesMetadata" : {
        "metadata" : { }
      },
      "parametersMetadata" : {
        "metadata" : { }
      }
    } ],
    "propertiesMetadata" : {
      "metadata" : { }
    },
    "parametersMetadata" : {
      "metadata" : { }
    },
    "hooks" : [ ]
  } ],
  "resources" : [ {
    "majorSchemaVersion" : 3,
    "name" : "********",
    "type" : "org.cloudfoundry.managed-service",
    "properties" : { },
    "parameters" : {
      "generated-password" : "********",
      "path" : "./xs-security.json",
      "service-name" : "${default-service-name}",
      "service-plan" : "application",
      "service" : "xsuaa",
      "generated-user" : "********",
      "default-xsappname" : "********",
      "type" : "managed-service",
      "config" : {
        "oauth2-configuration" : "********",
        "tenant-mode" : "dedicated",
        "xsappname" : "Vendor_portal-${org}-${space}"
      },
      "default-service-name" : "********",
      "default-container-name" : "********"
    },
    "isActive" : true,
    "isOptional" : false,
    "propertiesMetadata" : {
      "metadata" : { }
    },
    "parametersMetadata" : {
      "metadata" : { }
    },
    "requiredDependencies" : [ {
      "majorSchemaVersion" : 3,
      "name" : "app-api",
      "properties" : { },
      "parameters" : { },
      "propertiesMetadata" : {
        "metadata" : { }
      },
      "parametersMetadata" : {
        "metadata" : { }
      }
    } ],
    "processedAfter" : [ ]
  }, {
    "majorSchemaVersion" : 3,
    "name" : "Vendor_portal-db",
    "type" : "com.sap.xs.hdi-container",
    "properties" : { },
    "parameters" : {
      "generated-password" : "********",
      "service-name" : "${default-service-name}",
      "service-plan" : "hdi-shared",
      "service" : "hana",
      "generated-user" : "********",
      "default-xsappname" : "Vendor_portal-db",
      "type" : "managed-service",
      "default-service-name" : "Vendor_portal-db",
      "default-container-name" : "A17FF4FFTRIAL_DEV_VENDOR_PORTAL_DB"
    },
    "isActive" : true,
    "isOptional" : false,
    "propertiesMetadata" : {
      "metadata" : { }
    },
    "parametersMetadata" : {
      "metadata" : { }
    },
    "requiredDependencies" : [ ],
    "processedAfter" : [ ]
  }, {
    "majorSchemaVersion" : 3,
    "name" : "Vendor_portal-destination",
    "type" : "org.cloudfoundry.managed-service",
    "properties" : { },
    "parameters" : {
      "generated-password" : "********",
      "service-name" : "${default-service-name}",
      "service-plan" : "lite",
      "service" : "destination",
      "generated-user" : "********",
      "default-xsappname" : "Vendor_portal-destination",
      "type" : "managed-service",
      "default-service-name" : "Vendor_portal-destination",
      "default-container-name" : "A17FF4FFTRIAL_DEV_VENDOR_PORTAL_DESTINATION"
    },
    "isActive" : true,
    "isOptional" : false,
    "propertiesMetadata" : {
      "metadata" : { }
    },
    "parametersMetadata" : {
      "metadata" : { }
    },
    "requiredDependencies" : [ {
      "majorSchemaVersion" : 3,
      "name" : "srv-api",
      "properties" : { },
      "parameters" : { },
      "propertiesMetadata" : {
        "metadata" : { }
      },
      "parametersMetadata" : {
        "metadata" : { }
      }
    } ],
    "processedAfter" : [ ]
  }, {
    "majorSchemaVersion" : 3,
    "name" : "Vendor_portal-html5-repo-host",
    "type" : "org.cloudfoundry.managed-service",
    "properties" : { },
    "parameters" : {
      "generated-password" : "********",
      "service-name" : "${default-service-name}",
      "service-plan" : "app-host",
      "service" : "html5-apps-repo",
      "generated-user" : "********",
      "default-xsappname" : "Vendor_portal-html5-repo-host",
      "type" : "managed-service",
      "default-service-name" : "Vendor_portal-html5-repo-host",
      "default-container-name" : "A17FF4FFTRIAL_DEV_VENDOR_PORTAL_HTML5_REPO_HOST"
    },
    "isActive" : true,
    "isOptional" : false,
    "propertiesMetadata" : {
      "metadata" : { }
    },
    "parametersMetadata" : {
      "metadata" : { }
    },
    "requiredDependencies" : [ ],
    "processedAfter" : [ ]
  }, {
    "majorSchemaVersion" : 3,
    "name" : "Vendor_portal-html5-runtime",
    "type" : "org.cloudfoundry.managed-service",
    "properties" : { },
    "parameters" : {
      "generated-password" : "********",
      "service-name" : "${default-service-name}",
      "service-plan" : "app-runtime",
      "service" : "html5-apps-repo",
      "generated-user" : "********",
      "default-xsappname" : "Vendor_portal-html5-runtime",
      "type" : "managed-service",
      "default-service-name" : "Vendor_portal-html5-runtime",
      "default-container-name" : "A17FF4FFTRIAL_DEV_VENDOR_PORTAL_HTML5_RUNTIME"
    },
    "isActive" : true,
    "isOptional" : false,
    "propertiesMetadata" : {
      "metadata" : { }
    },
    "parametersMetadata" : {
      "metadata" : { }
    },
    "requiredDependencies" : [ ],
    "processedAfter" : [ ]
  } ],
  "parameters" : {
    "deploy_mode" : "html5-repo",
    "mta-id" : "Vendor_portal",
    "authorization-url" : "********",
    "org-guid" : "87b32d9e-9c3e-4c0f-a9e8-c141fcaf6941",
    "org" : "a17ff4fftrial",
    "deploy-target" : "a17ff4fftrial dev",
    "enable-parallel-deployments" : true,
    "space" : "dev",
    "xs-api-url" : "https://api.cf.us10-001.hana.ondemand.com",
    "deploy-url" : "deploy-service.cfapps.us10-001.hana.ondemand.com",
    "xs-type" : "CF",
    "default-domain" : "cfapps.us10-001.hana.ondemand.com",
    "mta-version" : "1.0.0",
    "xs-auth-url" : "********",
    "space-guid" : "25c4b79f-ec1f-4f41-8212-286dd3a0616c",
    "user" : "********",
    "controller-url" : "https://api.cf.us10-001.hana.ondemand.com",
    "timestamp" : "20260531180728"
  },
  "parametersMetadata" : {
    "metadata" : { }
  }
}#
#2026 05 31 18:07:30.217#Z#DEBUG#96214937-5d1b-11f1-bf65-eeee0a9fba87.OPERATION#flowable-async-job-executor-thread-10018#
[XS2CollectSystemParametersStep] Version rule: ALL#
#2026 05 31 18:07:30.217#Z#INFO#96214937-5d1b-11f1-bf65-eeee0a9fba87.OPERATION#flowable-async-job-executor-thread-10018#
[XS2CollectSystemParametersStep] Detected new MTA version: "1.0.0"#
#2026 05 31 18:07:30.225#Z#INFO#96214937-5d1b-11f1-bf65-eeee0a9fba87.OPERATION#flowable-async-job-executor-thread-10018#
[XS2CollectSystemParametersStep] Deployed MTA version: "1.0.0"#
#2026 05 31 18:07:30.231#Z#DEBUG#96214937-5d1b-11f1-bf65-eeee0a9fba87.OPERATION#flowable-async-job-executor-thread-10018#
[XS2CollectSystemParametersStep] MTA accepted for deployment#
#2026 05 31 18:07:30.232#Z#DEBUG#96214937-5d1b-11f1-bf65-eeee0a9fba87.OPERATION#flowable-async-job-executor-thread-10018#
[XS2CollectSystemParametersStep] System parameters collected#
#2026 05 31 18:07:30.232#Z#DEBUG#96214937-5d1b-11f1-bf65-eeee0a9fba87.OPERATION#flowable-async-job-executor-thread-10018#
Step "Collect System Parameters" finished#
#2026 05 31 18:07:30.279#Z#DEBUG#96214937-5d1b-11f1-bf65-eeee0a9fba87.OPERATION#flowable-async-job-executor-thread-10018#
[ProcessDescriptorStep] Executing task "processDescriptorTask" of process "9621495d-5d1b-11f1-bf65-eeee0a9fba87"...#
#2026 05 31 18:07:30.280#Z#DEBUG#96214937-5d1b-11f1-bf65-eeee0a9fba87.OPERATION#flowable-async-job-executor-thread-10018#
[ProcessDescriptorStep] Resolving properties and parameters in merged descriptor...#
#2026 05 31 18:07:30.286#Z#DEBUG#96214937-5d1b-11f1-bf65-eeee0a9fba87.OPERATION#flowable-async-job-executor-thread-10018#
[ProcessDescriptorStep] Subscriptions: [ ]#
#2026 05 31 18:07:30.287#Z#DEBUG#96214937-5d1b-11f1-bf65-eeee0a9fba87.OPERATION#flowable-async-job-executor-thread-10018#
[ProcessDescriptorStep] MTA modules: [Vendor_portal, Vendor_portal-destinations, Vendor_portal-app-deployer, Vendor_portal-srv, Vendor_portal-db-deployer]#
#2026 05 31 18:07:30.288#Z#DEBUG#96214937-5d1b-11f1-bf65-eeee0a9fba87.OPERATION#flowable-async-job-executor-thread-10018#
[ProcessDescriptorStep] Resolved deployment descriptor: {
  "majorSchemaVersion" : 3,
  "schemaVersion" : "3.3.0",
  "id" : "Vendor_portal",
  "version" : "1.0.0",
  "modules" : [ {
    "majorSchemaVersion" : 3,
    "name" : "Vendor_portal-srv",
    "type" : "javascript.nodejs",
    "path" : "Vendor_portal-srv",
    "properties" : { },
    "parameters" : {
      "default-url" : "https://a17ff4fftrial-dev-vendor-portal-srv.cfapps.us10-001.hana.ondemand.com",
      "default-app-name" : "Vendor_portal-srv",
      "generated-password" : "********",
      "default-live-url" : "https://a17ff4fftrial-dev-vendor-portal-srv.cfapps.us10-001.hana.ondemand.com",
      "default-uri" : "a17ff4fftrial-dev-vendor-portal-srv.cfapps.us10-001.hana.ondemand.com",
      "default-instances" : 1,
      "default-live-host" : "a17ff4fftrial-dev-vendor-portal-srv",
      "instances" : 1,
      "buildpack" : "nodejs_buildpack",
      "default-host" : "a17ff4fftrial-dev-vendor-portal-srv",
      "app-name" : "Vendor_portal-srv",
      "default-live-uri" : "a17ff4fftrial-dev-vendor-portal-srv.cfapps.us10-001.hana.ondemand.com",
      "protocol" : "https",
      "default-live-app-name" : "Vendor_portal-srv",
      "default-live-domain" : "cfapps.us10-001.hana.ondemand.com",
      "domain" : "cfapps.us10-001.hana.ondemand.com",
      "host" : "a17ff4fftrial-dev-vendor-portal-srv",
      "generated-user" : "********"
    },
    "requiredDependencies" : [ {
      "majorSchemaVersion" : 3,
      "name" : "********",
      "properties" : { },
      "parameters" : { },
      "propertiesMetadata" : {
        "metadata" : { }
      },
      "parametersMetadata" : {
        "metadata" : { }
      }
    }, {
      "majorSchemaVersion" : 3,
      "name" : "Vendor_portal-db",
      "properties" : { },
      "parameters" : { },
      "propertiesMetadata" : {
        "metadata" : { }
      },
      "parametersMetadata" : {
        "metadata" : { }
      }
    }, {
      "majorSchemaVersion" : 3,
      "name" : "Vendor_portal-destination",
      "properties" : { },
      "parameters" : { },
      "propertiesMetadata" : {
        "metadata" : { }
      },
      "parametersMetadata" : {
        "metadata" : { }
      }
    } ],
    "providedDependencies" : [ {
      "majorSchemaVersion" : 3,
      "name" : "srv-api",
      "isPublic" : false,
      "properties" : {
        "srv-url" : "https://a17ff4fftrial-dev-vendor-portal-srv.cfapps.us10-001.hana.ondemand.com"
      },
      "parameters" : { },
      "propertiesMetadata" : {
        "metadata" : { }
      },
      "parametersMetadata" : {
        "metadata" : { }
      }
    }, {
      "majorSchemaVersion" : 3,
      "name" : "Vendor_portal-srv",
      "isPublic" : false,
      "properties" : { },
      "parameters" : { },
      "propertiesMetadata" : {
        "metadata" : { }
      },
      "parametersMetadata" : {
        "metadata" : { }
      }
    } ],
    "propertiesMetadata" : {
      "metadata" : { }
    },
    "parametersMetadata" : {
      "metadata" : { }
    },
    "hooks" : [ ]
  }, {
    "majorSchemaVersion" : 3,
    "name" : "Vendor_portal-db-deployer",
    "type" : "com.sap.xs.hdi",
    "path" : "Vendor_portal-db-deployer",
    "properties" : {
      "EXIT" : 1
    },
    "parameters" : {
      "default-url" : "https://a17ff4fftrial-dev-vendor-portal-db-deployer.cfapps.us10-001.hana.ondemand.com",
      "default-app-name" : "Vendor_portal-db-deployer",
      "generated-password" : "********",
      "default-live-url" : "https://a17ff4fftrial-dev-vendor-portal-db-deployer.cfapps.us10-001.hana.ondemand.com",
      "default-uri" : "a17ff4fftrial-dev-vendor-portal-db-deployer.cfapps.us10-001.hana.ondemand.com",
      "memory" : "256M",
      "default-instances" : 1,
      "no-route" : true,
      "default-live-host" : "a17ff4fftrial-dev-vendor-portal-db-deployer",
      "instances" : 1,
      "buildpack" : "nodejs_buildpack",
      "default-host" : "a17ff4fftrial-dev-vendor-portal-db-deployer",
      "app-name" : "Vendor_portal-db-deployer",
      "default-live-uri" : "a17ff4fftrial-dev-vendor-portal-db-deployer.cfapps.us10-001.hana.ondemand.com",
      "protocol" : "https",
      "default-live-app-name" : "Vendor_portal-db-deployer",
      "default-live-domain" : "cfapps.us10-001.hana.ondemand.com",
      "dependency-type" : "hard",
      "domain" : "cfapps.us10-001.hana.ondemand.com",
      "host" : "a17ff4fftrial-dev-vendor-portal-db-deployer",
      "generated-user" : "********",
      "tasks" : [ {
        "command" : "npm start",
        "memory" : "256M",
        "name" : "deploy"
      } ],
      "no-start" : true
    },
    "requiredDependencies" : [ {
      "majorSchemaVersion" : 3,
      "name" : "Vendor_portal-db",
      "properties" : { },
      "parameters" : { },
      "propertiesMetadata" : {
        "metadata" : { }
      },
      "parametersMetadata" : {
        "metadata" : { }
      }
    } ],
    "providedDependencies" : [ {
      "majorSchemaVersion" : 3,
      "name" : "Vendor_portal-db-deployer",
      "isPublic" : false,
      "properties" : { },
      "parameters" : { },
      "propertiesMetadata" : {
        "metadata" : { }
      },
      "parametersMetadata" : {
        "metadata" : { }
      }
    } ],
    "propertiesMetadata" : {
      "metadata" : { }
    },
    "parametersMetadata" : {
      "metadata" : { }
    },
    "hooks" : [ ]
  }, {
    "majorSchemaVersion" : 3,
    "name" : "Vendor_portal-app-deployer",
    "type" : "com.sap.application.content",
    "path" : "Vendor_portal-app-deployer",
    "properties" : { },
    "parameters" : {
      "default-url" : "https://a17ff4fftrial-dev-vendor-portal-app-deployer.cfapps.us10-001.hana.ondemand.com",
      "default-app-name" : "Vendor_portal-app-deployer",
      "generated-password" : "********",
      "default-live-url" : "https://a17ff4fftrial-dev-vendor-portal-app-deployer.cfapps.us10-001.hana.ondemand.com",
      "default-uri" : "a17ff4fftrial-dev-vendor-portal-app-deployer.cfapps.us10-001.hana.ondemand.com",
      "default-instances" : 1,
      "default-live-host" : "a17ff4fftrial-dev-vendor-portal-app-deployer",
      "instances" : 1,
      "default-host" : "a17ff4fftrial-dev-vendor-portal-app-deployer",
      "app-name" : "Vendor_portal-app-deployer",
      "default-live-uri" : "a17ff4fftrial-dev-vendor-portal-app-deployer.cfapps.us10-001.hana.ondemand.com",
      "protocol" : "https",
      "default-live-app-name" : "Vendor_portal-app-deployer",
      "default-live-domain" : "cfapps.us10-001.hana.ondemand.com",
      "domain" : "cfapps.us10-001.hana.ondemand.com",
      "host" : "a17ff4fftrial-dev-vendor-portal-app-deployer",
      "generated-user" : "********",
      "config" : {
        "destinations" : [ {
          "Authentication" : "********",
          "HTML5.DynamicDestination" : true,
          "HTML5.ForwardAuthToken" : "********",
          "Name" : "srv-api",
          "ProxyType" : "Internet",
          "Type" : "HTTP",
          "URL" : "https://a17ff4fftrial-dev-vendor-portal-srv.cfapps.us10-001.hana.ondemand.com"
        } ]
      }
    },
    "requiredDependencies" : [ {
      "majorSchemaVersion" : 3,
      "name" : "********",
      "properties" : { },
      "parameters" : { },
      "propertiesMetadata" : {
        "metadata" : { }
      },
      "parametersMetadata" : {
        "metadata" : { }
      }
    }, {
      "majorSchemaVersion" : 3,
      "name" : "srv-api",
      "properties" : { },
      "parameters" : { },
      "propertiesMetadata" : {
        "metadata" : { }
      },
      "parametersMetadata" : {
        "metadata" : { }
      }
    }, {
      "majorSchemaVersion" : 3,
      "name" : "Vendor_portal-html5-repo-host",
      "properties" : { },
      "parameters" : {
        "config" : {
          "HTML5Runtime_enabled" : true
        },
        "content-target" : true
      },
      "propertiesMetadata" : {
        "metadata" : { }
      },
      "parametersMetadata" : {
        "metadata" : { }
      }
    } ],
    "providedDependencies" : [ {
      "majorSchemaVersion" : 3,
      "name" : "Vendor_portal-app-deployer",
      "isPublic" : false,
      "properties" : { },
      "parameters" : { },
      "propertiesMetadata" : {
        "metadata" : { }
      },
      "parametersMetadata" : {
        "metadata" : { }
      }
    } ],
    "propertiesMetadata" : {
      "metadata" : { }
    },
    "parametersMetadata" : {
      "metadata" : { }
    },
    "hooks" : [ ]
  }, {
    "majorSchemaVersion" : 3,
    "name" : "Vendor_portal",
    "type" : "javascript.nodejs",
    "path" : "Vendor_portal",
    "properties" : { },
    "parameters" : {
      "default-url" : "https://a17ff4fftrial-dev-vendor-portal.cfapps.us10-001.hana.ondemand.com",
      "default-app-name" : "Vendor_portal",
      "generated-password" : "********",
      "default-live-url" : "https://a17ff4fftrial-dev-vendor-portal.cfapps.us10-001.hana.ondemand.com",
      "default-uri" : "a17ff4fftrial-dev-vendor-portal.cfapps.us10-001.hana.ondemand.com",
      "memory" : "256M",
      "default-instances" : 1,
      "default-live-host" : "a17ff4fftrial-dev-vendor-portal",
      "instances" : 1,
      "default-host" : "a17ff4fftrial-dev-vendor-portal",
      "keep-existing-routes" : true,
      "app-name" : "Vendor_portal",
      "default-live-uri" : "a17ff4fftrial-dev-vendor-portal.cfapps.us10-001.hana.ondemand.com",
      "protocol" : "https",
      "default-live-app-name" : "Vendor_portal",
      "default-live-domain" : "cfapps.us10-001.hana.ondemand.com",
      "disk-quota" : "256M",
      "domain" : "cfapps.us10-001.hana.ondemand.com",
      "host" : "a17ff4fftrial-dev-vendor-portal",
      "generated-user" : "********"
    },
    "requiredDependencies" : [ {
      "majorSchemaVersion" : 3,
      "name" : "srv-api",
      "group" : "destinations",
      "properties" : {
        "name" : "srv-api",
        "forwardAuthToken" : "********",
        "url" : "https://a17ff4fftrial-dev-vendor-portal-srv.cfapps.us10-001.hana.ondemand.com"
      },
      "parameters" : { },
      "propertiesMetadata" : {
        "metadata" : { }
      },
      "parametersMetadata" : {
        "metadata" : { }
      }
    }, {
      "majorSchemaVersion" : 3,
      "name" : "********",
      "properties" : { },
      "parameters" : { },
      "propertiesMetadata" : {
        "metadata" : { }
      },
      "parametersMetadata" : {
        "metadata" : { }
      }
    }, {
      "majorSchemaVersion" : 3,
      "name" : "Vendor_portal-destination",
      "properties" : { },
      "parameters" : { },
      "propertiesMetadata" : {
        "metadata" : { }
      },
      "parametersMetadata" : {
        "metadata" : { }
      }
    }, {
      "majorSchemaVersion" : 3,
      "name" : "Vendor_portal-html5-runtime",
      "properties" : { },
      "parameters" : { },
      "propertiesMetadata" : {
        "metadata" : { }
      },
      "parametersMetadata" : {
        "metadata" : { }
      }
    } ],
    "providedDependencies" : [ {
      "majorSchemaVersion" : 3,
      "name" : "app-api",
      "isPublic" : false,
      "properties" : {
        "app-protocol" : "https",
        "app-uri" : "a17ff4fftrial-dev-vendor-portal.cfapps.us10-001.hana.ondemand.com"
      },
      "parameters" : { },
      "propertiesMetadata" : {
        "metadata" : { }
      },
      "parametersMetadata" : {
        "metadata" : { }
      }
    }, {
      "majorSchemaVersion" : 3,
      "name" : "Vendor_portal",
      "isPublic" : false,
      "properties" : { },
      "parameters" : { },
      "propertiesMetadata" : {
        "metadata" : { }
      },
      "parametersMetadata" : {
        "metadata" : { }
      }
    } ],
    "propertiesMetadata" : {
      "metadata" : { }
    },
    "parametersMetadata" : {
      "metadata" : { }
    },
    "hooks" : [ ]
  }, {
    "majorSchemaVersion" : 3,
    "name" : "Vendor_portal-destinations",
    "type" : "com.sap.application.content",
    "properties" : { },
    "parameters" : {
      "default-url" : "https://a17ff4fftrial-dev-vendor-portal-destinations.cfapps.us10-001.hana.ondemand.com",
      "default-app-name" : "Vendor_portal-destinations",
      "generated-password" : "********",
      "default-live-url" : "https://a17ff4fftrial-dev-vendor-portal-destinations.cfapps.us10-001.hana.ondemand.com",
      "default-uri" : "a17ff4fftrial-dev-vendor-portal-destinations.cfapps.us10-001.hana.ondemand.com",
      "default-instances" : 1,
      "default-live-host" : "a17ff4fftrial-dev-vendor-portal-destinations",
      "instances" : 1,
      "default-host" : "a17ff4fftrial-dev-vendor-portal-destinations",
      "content" : {
        "instance" : {
          "destinations" : [ {
            "Name" : "Vendor_portal-html5-repository",
            "ServiceInstanceName" : "Vendor_portal-html5-repo-host",
            "ServiceKeyName" : "********",
            "sap.cloud.service" : "Vendor_portal.service"
          }, {
            "Authentication" : "********",
            "Name" : "********",
            "ServiceInstanceName" : "********",
            "ServiceKeyName" : "********",
            "sap.cloud.service" : "Vendor_portal.service"
          } ],
          "existing_destinations_policy" : "update"
        }
      },
      "app-name" : "Vendor_portal-destinations",
      "default-live-uri" : "a17ff4fftrial-dev-vendor-portal-destinations.cfapps.us10-001.hana.ondemand.com",
      "protocol" : "https",
      "default-live-app-name" : "Vendor_portal-destinations",
      "default-live-domain" : "cfapps.us10-001.hana.ondemand.com",
      "domain" : "cfapps.us10-001.hana.ondemand.com",
      "host" : "a17ff4fftrial-dev-vendor-portal-destinations",
      "generated-user" : "********"
    },
    "requiredDependencies" : [ {
      "majorSchemaVersion" : 3,
      "name" : "********",
      "properties" : { },
      "parameters" : {
        "service-key" : "********"
      },
      "propertiesMetadata" : {
        "metadata" : { }
      },
      "parametersMetadata" : {
        "metadata" : { }
      }
    }, {
      "majorSchemaVersion" : 3,
      "name" : "Vendor_portal-html5-repo-host",
      "properties" : { },
      "parameters" : {
        "service-key" : "********"
      },
      "propertiesMetadata" : {
        "metadata" : { }
      },
      "parametersMetadata" : {
        "metadata" : { }
      }
    }, {
      "majorSchemaVersion" : 3,
      "name" : "srv-api",
      "properties" : { },
      "parameters" : { },
      "propertiesMetadata" : {
        "metadata" : { }
      },
      "parametersMetadata" : {
        "metadata" : { }
      }
    }, {
      "majorSchemaVersion" : 3,
      "name" : "Vendor_portal-destination",
      "properties" : { },
      "parameters" : {
        "content-target" : true
      },
      "propertiesMetadata" : {
        "metadata" : { }
      },
      "parametersMetadata" : {
        "metadata" : { }
      }
    } ],
    "providedDependencies" : [ {
      "majorSchemaVersion" : 3,
      "name" : "Vendor_portal-destinations",
      "isPublic" : false,
      "properties" : { },
      "parameters" : { },
      "propertiesMetadata" : {
        "metadata" : { }
      },
      "parametersMetadata" : {
        "metadata" : { }
      }
    } ],
    "propertiesMetadata" : {
      "metadata" : { }
    },
    "parametersMetadata" : {
      "metadata" : { }
    },
    "hooks" : [ ]
  } ],
  "resources" : [ {
    "majorSchemaVersion" : 3,
    "name" : "********",
    "type" : "org.cloudfoundry.managed-service",
    "properties" : { },
    "parameters" : {
      "generated-password" : "********",
      "path" : "./xs-security.json",
      "service-name" : "********",
      "service-plan" : "application",
      "service" : "xsuaa",
      "generated-user" : "********",
      "default-xsappname" : "********",
      "type" : "managed-service",
      "config" : {
        "oauth2-configuration" : "********",
        "tenant-mode" : "dedicated",
        "xsappname" : "Vendor_portal-a17ff4fftrial-dev"
      },
      "default-service-name" : "********",
      "default-container-name" : "********"
    },
    "isActive" : true,
    "isOptional" : false,
    "propertiesMetadata" : {
      "metadata" : { }
    },
    "parametersMetadata" : {
      "metadata" : { }
    },
    "requiredDependencies" : [ {
      "majorSchemaVersion" : 3,
      "name" : "app-api",
      "properties" : { },
      "parameters" : { },
      "propertiesMetadata" : {
        "metadata" : { }
      },
      "parametersMetadata" : {
        "metadata" : { }
      }
    } ],
    "processedAfter" : [ ]
  }, {
    "majorSchemaVersion" : 3,
    "name" : "Vendor_portal-db",
    "type" : "com.sap.xs.hdi-container",
    "properties" : { },
    "parameters" : {
      "generated-password" : "********",
      "service-name" : "Vendor_portal-db",
      "service-plan" : "hdi-shared",
      "service" : "hana",
      "generated-user" : "********",
      "default-xsappname" : "Vendor_portal-db",
      "type" : "managed-service",
      "default-service-name" : "Vendor_portal-db",
      "default-container-name" : "A17FF4FFTRIAL_DEV_VENDOR_PORTAL_DB"
    },
    "isActive" : true,
    "isOptional" : false,
    "propertiesMetadata" : {
      "metadata" : { }
    },
    "parametersMetadata" : {
      "metadata" : { }
    },
    "requiredDependencies" : [ ],
    "processedAfter" : [ ]
  }, {
    "majorSchemaVersion" : 3,
    "name" : "Vendor_portal-destination",
    "type" : "org.cloudfoundry.managed-service",
    "properties" : { },
    "parameters" : {
      "generated-password" : "********",
      "service-name" : "Vendor_portal-destination",
      "service-plan" : "lite",
      "service" : "destination",
      "generated-user" : "********",
      "default-xsappname" : "Vendor_portal-destination",
      "type" : "managed-service",
      "default-service-name" : "Vendor_portal-destination",
      "default-container-name" : "A17FF4FFTRIAL_DEV_VENDOR_PORTAL_DESTINATION"
    },
    "isActive" : true,
    "isOptional" : false,
    "propertiesMetadata" : {
      "metadata" : { }
    },
    "parametersMetadata" : {
      "metadata" : { }
    },
    "requiredDependencies" : [ {
      "majorSchemaVersion" : 3,
      "name" : "srv-api",
      "properties" : { },
      "parameters" : { },
      "propertiesMetadata" : {
        "metadata" : { }
      },
      "parametersMetadata" : {
        "metadata" : { }
      }
    } ],
    "processedAfter" : [ ]
  }, {
    "majorSchemaVersion" : 3,
    "name" : "Vendor_portal-html5-repo-host",
    "type" : "org.cloudfoundry.managed-service",
    "properties" : { },
    "parameters" : {
      "generated-password" : "********",
      "service-name" : "Vendor_portal-html5-repo-host",
      "service-plan" : "app-host",
      "service" : "html5-apps-repo",
      "generated-user" : "********",
      "default-xsappname" : "Vendor_portal-html5-repo-host",
      "type" : "managed-service",
      "default-service-name" : "Vendor_portal-html5-repo-host",
      "default-container-name" : "A17FF4FFTRIAL_DEV_VENDOR_PORTAL_HTML5_REPO_HOST"
    },
    "isActive" : true,
    "isOptional" : false,
    "propertiesMetadata" : {
      "metadata" : { }
    },
    "parametersMetadata" : {
      "metadata" : { }
    },
    "requiredDependencies" : [ ],
    "processedAfter" : [ ]
  }, {
    "majorSchemaVersion" : 3,
    "name" : "Vendor_portal-html5-runtime",
    "type" : "org.cloudfoundry.managed-service",
    "properties" : { },
    "parameters" : {
      "generated-password" : "********",
      "service-name" : "Vendor_portal-html5-runtime",
      "service-plan" : "app-runtime",
      "service" : "html5-apps-repo",
      "generated-user" : "********",
      "default-xsappname" : "Vendor_portal-html5-runtime",
      "type" : "managed-service",
      "default-service-name" : "Vendor_portal-html5-runtime",
      "default-container-name" : "A17FF4FFTRIAL_DEV_VENDOR_PORTAL_HTML5_RUNTIME"
    },
    "isActive" : true,
    "isOptional" : false,
    "propertiesMetadata" : {
      "metadata" : { }
    },
    "parametersMetadata" : {
      "metadata" : { }
    },
    "requiredDependencies" : [ ],
    "processedAfter" : [ ]
  } ],
  "parameters" : {
    "deploy_mode" : "html5-repo",
    "mta-id" : "Vendor_portal",
    "authorization-url" : "********",
    "org-guid" : "87b32d9e-9c3e-4c0f-a9e8-c141fcaf6941",
    "org" : "a17ff4fftrial",
    "deploy-target" : "a17ff4fftrial dev",
    "enable-parallel-deployments" : true,
    "region-primary-domain" : "us10.hana.ondemand.com",
    "space" : "dev",
    "region-domain" : "us10-001.hana.ondemand.com",
    "xs-api-url" : "https://api.cf.us10-001.hana.ondemand.com",
    "deploy-url" : "deploy-service.cfapps.us10-001.hana.ondemand.com",
    "xs-type" : "CF",
    "default-domain" : "cfapps.us10-001.hana.ondemand.com",
    "mta-version" : "1.0.0",
    "xs-auth-url" : "********",
    "space-guid" : "25c4b79f-ec1f-4f41-8212-286dd3a0616c",
    "user" : "********",
    "controller-url" : "https://api.cf.us10-001.hana.ondemand.com",
    "timestamp" : "20260531180728"
  },
  "parametersMetadata" : {
    "metadata" : { }
  }
}#
#2026 05 31 18:07:30.288#Z#DEBUG#96214937-5d1b-11f1-bf65-eeee0a9fba87.OPERATION#flowable-async-job-executor-thread-10018#
[ProcessDescriptorStep] Merged descriptor properties and parameters resolved#
#2026 05 31 18:07:30.288#Z#DEBUG#96214937-5d1b-11f1-bf65-eeee0a9fba87.OPERATION#flowable-async-job-executor-thread-10018#
Step "Process Descriptor Step" finished#
#2026 05 31 18:07:30.336#Z#DEBUG#96214937-5d1b-11f1-bf65-eeee0a9fba87.OPERATION#flowable-async-job-executor-thread-10012#
[XS2BuildCloudDeployModelStep] Executing task "buildDeployModelTask" of process "9621495d-5d1b-11f1-bf65-eeee0a9fba87"...#
#2026 05 31 18:07:30.341#Z#DEBUG#96214937-5d1b-11f1-bf65-eeee0a9fba87.OPERATION#flowable-async-job-executor-thread-10012#
[XS2BuildCloudDeployModelStep] Service keys defined for content deployment grouped by service name: {
  "Vendor_portal-auth" : "********",
  "Vendor_portal-html5-repo-host" : [ {
    "name" : "********",
    "v3Metadata" : {
      "annotations" : {
        "mta_id" : "Vendor_portal",
        "mta_version" : "1.0.0"
      },
      "labels" : {
        "mta_id" : "54228c1fbfd316678aa58a19b8f339c3",
        "space_guid" : "25c4b79f-ec1f-4f41-8212-286dd3a0616c"
      }
    },
    "credentials" : "********",
    "moduleName" : "Vendor_portal-app-deployer",
    "resourceName" : "Vendor_portal-html5-repo-host",
    "serviceInstance" : {
      "isOptional" : false,
      "isManaged" : false,
      "name" : "Vendor_portal-html5-repo-host",
      "credentials" : "********",
      "tags" : [ ],
      "shouldSkipParametersUpdate" : false,
      "shouldSkipPlanUpdate" : false,
      "shouldSkipTagsUpdate" : false,
      "shouldSkipSyslogUrlUpdate" : false
    },
    "shouldDeleteServiceKeyAfterDeploy" : "********",
    "resourceType" : "org.cloudfoundry.managed-service"
  }, {
    "name" : "********",
    "v3Metadata" : {
      "annotations" : {
        "mta_id" : "Vendor_portal",
        "mta_version" : "1.0.0"
      },
      "labels" : {
        "mta_id" : "54228c1fbfd316678aa58a19b8f339c3",
        "space_guid" : "25c4b79f-ec1f-4f41-8212-286dd3a0616c"
      }
    },
    "credentials" : "********",
    "moduleName" : "Vendor_portal-destinations",
    "resourceName" : "Vendor_portal-html5-repo-host",
    "serviceInstance" : {
      "isOptional" : false,
      "isManaged" : false,
      "name" : "Vendor_portal-html5-repo-host",
      "credentials" : "********",
      "tags" : [ ],
      "shouldSkipParametersUpdate" : false,
      "shouldSkipPlanUpdate" : false,
      "shouldSkipTagsUpdate" : false,
      "shouldSkipSyslogUrlUpdate" : false
    },
    "shouldDeleteServiceKeyAfterDeploy" : "********",
    "resourceType" : "org.cloudfoundry.managed-service"
  } ],
  "Vendor_portal-destination" : [ {
    "name" : "********",
    "v3Metadata" : {
      "annotations" : {
        "mta_id" : "Vendor_portal",
        "mta_version" : "1.0.0"
      },
      "labels" : {
        "mta_id" : "54228c1fbfd316678aa58a19b8f339c3",
        "space_guid" : "25c4b79f-ec1f-4f41-8212-286dd3a0616c"
      }
    },
    "credentials" : "********",
    "moduleName" : "Vendor_portal-destinations",
    "resourceName" : "Vendor_portal-destination",
    "serviceInstance" : {
      "isOptional" : false,
      "isManaged" : false,
      "name" : "Vendor_portal-destination",
      "credentials" : "********",
      "tags" : [ ],
      "shouldSkipParametersUpdate" : false,
      "shouldSkipPlanUpdate" : false,
      "shouldSkipTagsUpdate" : false,
      "shouldSkipSyslogUrlUpdate" : false
    },
    "shouldDeleteServiceKeyAfterDeploy" : "********",
    "resourceType" : "org.cloudfoundry.managed-service"
  } ]
}#
#2026 05 31 18:07:30.341#Z#DEBUG#96214937-5d1b-11f1-bf65-eeee0a9fba87.OPERATION#flowable-async-job-executor-thread-10012#
[XS2BuildCloudDeployModelStep] Building cloud deployment model...#
#2026 05 31 18:07:30.344#Z#DEBUG#96214937-5d1b-11f1-bf65-eeee0a9fba87.OPERATION#flowable-async-job-executor-thread-10012#
[XS2BuildCloudDeployModelStep] MTA archive modules: [Vendor_portal, Vendor_portal-app-deployer, Vendor_portal-srv, Vendor_portal-db-deployer]#
#2026 05 31 18:07:30.344#Z#DEBUG#96214937-5d1b-11f1-bf65-eeee0a9fba87.OPERATION#flowable-async-job-executor-thread-10012#
[XS2BuildCloudDeployModelStep] Deployed modules: [Vendor_portal, Vendor_portal-db-deployer, Vendor_portal-srv]#
#2026 05 31 18:07:30.346#Z#DEBUG#96214937-5d1b-11f1-bf65-eeee0a9fba87.OPERATION#flowable-async-job-executor-thread-10012#
[XS2BuildCloudDeployModelStep] MTA modules: [Vendor_portal, Vendor_portal-destinations, Vendor_portal-app-deployer, Vendor_portal-srv, Vendor_portal-db-deployer]#
#2026 05 31 18:07:30.346#Z#DEBUG#96214937-5d1b-11f1-bf65-eeee0a9fba87.OPERATION#flowable-async-job-executor-thread-10012#
[XS2BuildCloudDeployModelStep] Service keys to create: {
  "Vendor_portal-auth" : "********",
  "Vendor_portal-html5-runtime" : [ ],
  "Vendor_portal-html5-repo-host" : [ ],
  "Vendor_portal-db" : [ ],
  "Vendor_portal-destination" : [ ]
}#
#2026 05 31 18:07:30.347#Z#DEBUG#96214937-5d1b-11f1-bf65-eeee0a9fba87.OPERATION#flowable-async-job-executor-thread-10012#
[XS2BuildCloudDeployModelStep] Modules to deploy: [{
  "majorSchemaVersion" : 3,
  "name" : "Vendor_portal-srv",
  "type" : "javascript.nodejs",
  "path" : "Vendor_portal-srv",
  "properties" : { },
  "parameters" : {
    "default-url" : "https://a17ff4fftrial-dev-vendor-portal-srv.cfapps.us10-001.hana.ondemand.com",
    "default-app-name" : "Vendor_portal-srv",
    "generated-password" : "********",
    "default-live-url" : "https://a17ff4fftrial-dev-vendor-portal-srv.cfapps.us10-001.hana.ondemand.com",
    "default-uri" : "a17ff4fftrial-dev-vendor-portal-srv.cfapps.us10-001.hana.ondemand.com",
    "default-instances" : 1,
    "default-live-host" : "a17ff4fftrial-dev-vendor-portal-srv",
    "instances" : 1,
    "buildpack" : "nodejs_buildpack",
    "default-host" : "a17ff4fftrial-dev-vendor-portal-srv",
    "app-name" : "Vendor_portal-srv",
    "default-live-uri" : "a17ff4fftrial-dev-vendor-portal-srv.cfapps.us10-001.hana.ondemand.com",
    "protocol" : "https",
    "default-live-app-name" : "Vendor_portal-srv",
    "default-live-domain" : "cfapps.us10-001.hana.ondemand.com",
    "dependency-type" : "soft",
    "domain" : "cfapps.us10-001.hana.ondemand.com",
    "host" : "a17ff4fftrial-dev-vendor-portal-srv",
    "generated-user" : "********"
  },
  "requiredDependencies" : [ {
    "majorSchemaVersion" : 3,
    "name" : "********",
    "properties" : { },
    "parameters" : { },
    "propertiesMetadata" : {
      "metadata" : { }
    },
    "parametersMetadata" : {
      "metadata" : { }
    }
  }, {
    "majorSchemaVersion" : 3,
    "name" : "Vendor_portal-db",
    "properties" : { },
    "parameters" : { },
    "propertiesMetadata" : {
      "metadata" : { }
    },
    "parametersMetadata" : {
      "metadata" : { }
    }
  }, {
    "majorSchemaVersion" : 3,
    "name" : "Vendor_portal-destination",
    "properties" : { },
    "parameters" : { },
    "propertiesMetadata" : {
      "metadata" : { }
    },
    "parametersMetadata" : {
      "metadata" : { }
    }
  } ],
  "providedDependencies" : [ {
    "majorSchemaVersion" : 3,
    "name" : "srv-api",
    "isPublic" : false,
    "properties" : {
      "srv-url" : "https://a17ff4fftrial-dev-vendor-portal-srv.cfapps.us10-001.hana.ondemand.com"
    },
    "parameters" : { },
    "propertiesMetadata" : {
      "metadata" : { }
    },
    "parametersMetadata" : {
      "metadata" : { }
    }
  }, {
    "majorSchemaVersion" : 3,
    "name" : "Vendor_portal-srv",
    "isPublic" : false,
    "properties" : { },
    "parameters" : { },
    "propertiesMetadata" : {
      "metadata" : { }
    },
    "parametersMetadata" : {
      "metadata" : { }
    }
  } ],
  "propertiesMetadata" : {
    "metadata" : { }
  },
  "parametersMetadata" : {
    "metadata" : { }
  },
  "deployedAfter" : [ ],
  "hooks" : [ ]
}, {
  "majorSchemaVersion" : 3,
  "name" : "Vendor_portal-db-deployer",
  "type" : "com.sap.xs.hdi",
  "path" : "Vendor_portal-db-deployer",
  "properties" : {
    "EXIT" : 1
  },
  "parameters" : {
    "default-url" : "https://a17ff4fftrial-dev-vendor-portal-db-deployer.cfapps.us10-001.hana.ondemand.com",
    "default-app-name" : "Vendor_portal-db-deployer",
    "generated-password" : "********",
    "default-live-url" : "https://a17ff4fftrial-dev-vendor-portal-db-deployer.cfapps.us10-001.hana.ondemand.com",
    "default-uri" : "a17ff4fftrial-dev-vendor-portal-db-deployer.cfapps.us10-001.hana.ondemand.com",
    "memory" : "256M",
    "default-instances" : 1,
    "no-route" : true,
    "default-live-host" : "a17ff4fftrial-dev-vendor-portal-db-deployer",
    "instances" : 1,
    "buildpack" : "nodejs_buildpack",
    "default-host" : "a17ff4fftrial-dev-vendor-portal-db-deployer",
    "app-name" : "Vendor_portal-db-deployer",
    "default-live-uri" : "a17ff4fftrial-dev-vendor-portal-db-deployer.cfapps.us10-001.hana.ondemand.com",
    "protocol" : "https",
    "default-live-app-name" : "Vendor_portal-db-deployer",
    "default-live-domain" : "cfapps.us10-001.hana.ondemand.com",
    "dependency-type" : "hard",
    "domain" : "cfapps.us10-001.hana.ondemand.com",
    "host" : "a17ff4fftrial-dev-vendor-portal-db-deployer",
    "generated-user" : "********",
    "tasks" : [ {
      "command" : "npm start",
      "memory" : "256M",
      "name" : "deploy"
    } ],
    "no-start" : true
  },
  "requiredDependencies" : [ {
    "majorSchemaVersion" : 3,
    "name" : "Vendor_portal-db",
    "properties" : { },
    "parameters" : { },
    "propertiesMetadata" : {
      "metadata" : { }
    },
    "parametersMetadata" : {
      "metadata" : { }
    }
  } ],
  "providedDependencies" : [ {
    "majorSchemaVersion" : 3,
    "name" : "Vendor_portal-db-deployer",
    "isPublic" : false,
    "properties" : { },
    "parameters" : { },
    "propertiesMetadata" : {
      "metadata" : { }
    },
    "parametersMetadata" : {
      "metadata" : { }
    }
  } ],
  "propertiesMetadata" : {
    "metadata" : { }
  },
  "parametersMetadata" : {
    "metadata" : { }
  },
  "deployedAfter" : [ ],
  "hooks" : [ ]
}, {
  "majorSchemaVersion" : 3,
  "name" : "Vendor_portal-app-deployer",
  "type" : "com.sap.application.content",
  "path" : "Vendor_portal-app-deployer",
  "properties" : { },
  "parameters" : {
    "default-url" : "https://a17ff4fftrial-dev-vendor-portal-app-deployer.cfapps.us10-001.hana.ondemand.com",
    "default-app-name" : "Vendor_portal-app-deployer",
    "generated-password" : "********",
    "default-live-url" : "https://a17ff4fftrial-dev-vendor-portal-app-deployer.cfapps.us10-001.hana.ondemand.com",
    "default-uri" : "a17ff4fftrial-dev-vendor-portal-app-deployer.cfapps.us10-001.hana.ondemand.com",
    "default-instances" : 1,
    "default-live-host" : "a17ff4fftrial-dev-vendor-portal-app-deployer",
    "instances" : 1,
    "default-host" : "a17ff4fftrial-dev-vendor-portal-app-deployer",
    "app-name" : "Vendor_portal-app-deployer",
    "default-live-uri" : "a17ff4fftrial-dev-vendor-portal-app-deployer.cfapps.us10-001.hana.ondemand.com",
    "protocol" : "https",
    "default-live-app-name" : "Vendor_portal-app-deployer",
    "default-live-domain" : "cfapps.us10-001.hana.ondemand.com",
    "dependency-type" : "soft",
    "domain" : "cfapps.us10-001.hana.ondemand.com",
    "host" : "a17ff4fftrial-dev-vendor-portal-app-deployer",
    "generated-user" : "********",
    "config" : {
      "destinations" : [ {
        "Authentication" : "********",
        "HTML5.DynamicDestination" : true,
        "HTML5.ForwardAuthToken" : "********",
        "Name" : "srv-api",
        "ProxyType" : "Internet",
        "Type" : "HTTP",
        "URL" : "https://a17ff4fftrial-dev-vendor-portal-srv.cfapps.us10-001.hana.ondemand.com"
      } ]
    }
  },
  "requiredDependencies" : [ {
    "majorSchemaVersion" : 3,
    "name" : "********",
    "properties" : { },
    "parameters" : { },
    "propertiesMetadata" : {
      "metadata" : { }
    },
    "parametersMetadata" : {
      "metadata" : { }
    }
  }, {
    "majorSchemaVersion" : 3,
    "name" : "srv-api",
    "properties" : { },
    "parameters" : { },
    "propertiesMetadata" : {
      "metadata" : { }
    },
    "parametersMetadata" : {
      "metadata" : { }
    }
  }, {
    "majorSchemaVersion" : 3,
    "name" : "Vendor_portal-html5-repo-host",
    "properties" : { },
    "parameters" : {
      "config" : {
        "HTML5Runtime_enabled" : true
      },
      "content-target" : true
    },
    "propertiesMetadata" : {
      "metadata" : { }
    },
    "parametersMetadata" : {
      "metadata" : { }
    }
  } ],
  "providedDependencies" : [ {
    "majorSchemaVersion" : 3,
    "name" : "Vendor_portal-app-deployer",
    "isPublic" : false,
    "properties" : { },
    "parameters" : { },
    "propertiesMetadata" : {
      "metadata" : { }
    },
    "parametersMetadata" : {
      "metadata" : { }
    }
  } ],
  "propertiesMetadata" : {
    "metadata" : { }
  },
  "parametersMetadata" : {
    "metadata" : { }
  },
  "deployedAfter" : [ ],
  "hooks" : [ ]
}, {
  "majorSchemaVersion" : 3,
  "name" : "Vendor_portal",
  "type" : "javascript.nodejs",
  "path" : "Vendor_portal",
  "properties" : { },
  "parameters" : {
    "default-url" : "https://a17ff4fftrial-dev-vendor-portal.cfapps.us10-001.hana.ondemand.com",
    "default-app-name" : "Vendor_portal",
    "generated-password" : "********",
    "default-live-url" : "https://a17ff4fftrial-dev-vendor-portal.cfapps.us10-001.hana.ondemand.com",
    "default-uri" : "a17ff4fftrial-dev-vendor-portal.cfapps.us10-001.hana.ondemand.com",
    "memory" : "256M",
    "default-instances" : 1,
    "default-live-host" : "a17ff4fftrial-dev-vendor-portal",
    "instances" : 1,
    "default-host" : "a17ff4fftrial-dev-vendor-portal",
    "keep-existing-routes" : true,
    "app-name" : "Vendor_portal",
    "default-live-uri" : "a17ff4fftrial-dev-vendor-portal.cfapps.us10-001.hana.ondemand.com",
    "protocol" : "https",
    "default-live-app-name" : "Vendor_portal",
    "default-live-domain" : "cfapps.us10-001.hana.ondemand.com",
    "disk-quota" : "256M",
    "dependency-type" : "soft",
    "domain" : "cfapps.us10-001.hana.ondemand.com",
    "host" : "a17ff4fftrial-dev-vendor-portal",
    "generated-user" : "********"
  },
  "requiredDependencies" : [ {
    "majorSchemaVersion" : 3,
    "name" : "srv-api",
    "group" : "destinations",
    "properties" : {
      "name" : "srv-api",
      "forwardAuthToken" : "********",
      "url" : "https://a17ff4fftrial-dev-vendor-portal-srv.cfapps.us10-001.hana.ondemand.com"
    },
    "parameters" : { },
    "propertiesMetadata" : {
      "metadata" : { }
    },
    "parametersMetadata" : {
      "metadata" : { }
    }
  }, {
    "majorSchemaVersion" : 3,
    "name" : "********",
    "properties" : { },
    "parameters" : { },
    "propertiesMetadata" : {
      "metadata" : { }
    },
    "parametersMetadata" : {
      "metadata" : { }
    }
  }, {
    "majorSchemaVersion" : 3,
    "name" : "Vendor_portal-destination",
    "properties" : { },
    "parameters" : { },
    "propertiesMetadata" : {
      "metadata" : { }
    },
    "parametersMetadata" : {
      "metadata" : { }
    }
  }, {
    "majorSchemaVersion" : 3,
    "name" : "Vendor_portal-html5-runtime",
    "properties" : { },
    "parameters" : { },
    "propertiesMetadata" : {
      "metadata" : { }
    },
    "parametersMetadata" : {
      "metadata" : { }
    }
  } ],
  "providedDependencies" : [ {
    "majorSchemaVersion" : 3,
    "name" : "app-api",
    "isPublic" : false,
    "properties" : {
      "app-protocol" : "https",
      "app-uri" : "a17ff4fftrial-dev-vendor-portal.cfapps.us10-001.hana.ondemand.com"
    },
    "parameters" : { },
    "propertiesMetadata" : {
      "metadata" : { }
    },
    "parametersMetadata" : {
      "metadata" : { }
    }
  }, {
    "majorSchemaVersion" : 3,
    "name" : "Vendor_portal",
    "isPublic" : false,
    "properties" : { },
    "parameters" : { },
    "propertiesMetadata" : {
      "metadata" : { }
    },
    "parametersMetadata" : {
      "metadata" : { }
    }
  } ],
  "propertiesMetadata" : {
    "metadata" : { }
  },
  "parametersMetadata" : {
    "metadata" : { }
  },
  "deployedAfter" : [ ],
  "hooks" : [ ]
}, {
  "majorSchemaVersion" : 3,
  "name" : "Vendor_portal-destinations",
  "type" : "com.sap.application.content",
  "properties" : { },
  "parameters" : {
    "default-url" : "https://a17ff4fftrial-dev-vendor-portal-destinations.cfapps.us10-001.hana.ondemand.com",
    "default-app-name" : "Vendor_portal-destinations",
    "generated-password" : "********",
    "default-live-url" : "https://a17ff4fftrial-dev-vendor-portal-destinations.cfapps.us10-001.hana.ondemand.com",
    "default-uri" : "a17ff4fftrial-dev-vendor-portal-destinations.cfapps.us10-001.hana.ondemand.com",
    "default-instances" : 1,
    "default-live-host" : "a17ff4fftrial-dev-vendor-portal-destinations",
    "instances" : 1,
    "default-host" : "a17ff4fftrial-dev-vendor-portal-destinations",
    "content" : {
      "instance" : {
        "destinations" : [ {
          "Name" : "Vendor_portal-html5-repository",
          "ServiceInstanceName" : "Vendor_portal-html5-repo-host",
          "ServiceKeyName" : "********",
          "sap.cloud.service" : "Vendor_portal.service"
        }, {
          "Authentication" : "********",
          "Name" : "********",
          "ServiceInstanceName" : "********",
          "ServiceKeyName" : "********",
          "sap.cloud.service" : "Vendor_portal.service"
        } ],
        "existing_destinations_policy" : "update"
      }
    },
    "app-name" : "Vendor_portal-destinations",
    "default-live-uri" : "a17ff4fftrial-dev-vendor-portal-destinations.cfapps.us10-001.hana.ondemand.com",
    "protocol" : "https",
    "default-live-app-name" : "Vendor_portal-destinations",
    "default-live-domain" : "cfapps.us10-001.hana.ondemand.com",
    "dependency-type" : "soft",
    "domain" : "cfapps.us10-001.hana.ondemand.com",
    "host" : "a17ff4fftrial-dev-vendor-portal-destinations",
    "generated-user" : "********"
  },
  "requiredDependencies" : [ {
    "majorSchemaVersion" : 3,
    "name" : "********",
    "properties" : { },
    "parameters" : {
      "service-key" : "********"
    },
    "propertiesMetadata" : {
      "metadata" : { }
    },
    "parametersMetadata" : {
      "metadata" : { }
    }
  }, {
    "majorSchemaVersion" : 3,
    "name" : "Vendor_portal-html5-repo-host",
    "properties" : { },
    "parameters" : {
      "service-key" : "********"
    },
    "propertiesMetadata" : {
      "metadata" : { }
    },
    "parametersMetadata" : {
      "metadata" : { }
    }
  }, {
    "majorSchemaVersion" : 3,
    "name" : "srv-api",
    "properties" : { },
    "parameters" : { },
    "propertiesMetadata" : {
      "metadata" : { }
    },
    "parametersMetadata" : {
      "metadata" : { }
    }
  }, {
    "majorSchemaVersion" : 3,
    "name" : "Vendor_portal-destination",
    "properties" : { },
    "parameters" : {
      "content-target" : true
    },
    "propertiesMetadata" : {
      "metadata" : { }
    },
    "parametersMetadata" : {
      "metadata" : { }
    }
  } ],
  "providedDependencies" : [ {
    "majorSchemaVersion" : 3,
    "name" : "Vendor_portal-destinations",
    "isPublic" : false,
    "properties" : { },
    "parameters" : { },
    "propertiesMetadata" : {
      "metadata" : { }
    },
    "parametersMetadata" : {
      "metadata" : { }
    }
  } ],
  "propertiesMetadata" : {
    "metadata" : { }
  },
  "parametersMetadata" : {
    "metadata" : { }
  },
  "deployedAfter" : [ ],
  "hooks" : [ ]
}]#
#2026 05 31 18:07:30.348#Z#DEBUG#96214937-5d1b-11f1-bf65-eeee0a9fba87.OPERATION#flowable-async-job-executor-thread-10012#
[XS2BuildCloudDeployModelStep] Custom domains: []#
#2026 05 31 18:07:30.350#Z#DEBUG#96214937-5d1b-11f1-bf65-eeee0a9fba87.OPERATION#flowable-async-job-executor-thread-10012#
[XS2BuildCloudDeployModelStep] Calculating resource batches...#
#2026 05 31 18:07:30.351#Z#DEBUG#96214937-5d1b-11f1-bf65-eeee0a9fba87.OPERATION#flowable-async-job-executor-thread-10012#
[XS2BuildCloudDeployModelStep] Calculating resource batches completed.#
#2026 05 31 18:07:30.351#Z#DEBUG#96214937-5d1b-11f1-bf65-eeee0a9fba87.OPERATION#flowable-async-job-executor-thread-10012#
[XS2BuildCloudDeployModelStep] Cloud deployment model built#
#2026 05 31 18:07:30.351#Z#DEBUG#96214937-5d1b-11f1-bf65-eeee0a9fba87.OPERATION#flowable-async-job-executor-thread-10012#
Step "Build Deploy Model" finished#
#2026 05 31 18:07:30.406#Z#DEBUG#96214937-5d1b-11f1-bf65-eeee0a9fba87.OPERATION#flowable-async-job-executor-thread-10012#
[BuildCloudUndeployModelStep] Executing task "buildUndeployModelTask" of process "9621495d-5d1b-11f1-bf65-eeee0a9fba87"...#
#2026 05 31 18:07:30.408#Z#DEBUG#96214937-5d1b-11f1-bf65-eeee0a9fba87.OPERATION#flowable-async-job-executor-thread-10012#
[BuildCloudUndeployModelStep] Building cloud undeployment model...#
#2026 05 31 18:07:30.411#Z#DEBUG#96214937-5d1b-11f1-bf65-eeee0a9fba87.OPERATION#flowable-async-job-executor-thread-10012#
[BuildCloudUndeployModelStep] Detecting service keys to delete.#
#2026 05 31 18:07:30.413#Z#DEBUG#96214937-5d1b-11f1-bf65-eeee0a9fba87.OPERATION#flowable-async-job-executor-thread-10012#
[BuildCloudUndeployModelStep] Detected deployed service keys by service "{Vendor_portal-auth=[DeployedMtaServiceKey{name=Vendor_portal-app-deployer-Vendor_portal-auth-credentials, metadata=CloudMetadata{guid=85ac08b6-9982-41ac-aafe-a4e0bce82d34, createdAt=2026-05-30T10:19:15, updatedAt=2026-05-30T10:19:15, url=null}, v3Metadata=Metadata{annotations={mta_id=Vendor_portal, mta_version=1.0.0}, labels={mta_id=54228c1fbfd316678aa58a19b8f339c3, space_guid=25c4b79f-ec1f-4f41-8212-286dd3a0616c}}, credentials=null, serviceInstance=CloudServiceInstance{name=Vendor_portal-auth, metadata=CloudMetadata{guid=872c8647-a392-4436-bbf4-3eeead01a604, createdAt=2026-05-29T15:01:24, updatedAt=2026-05-29T15:01:24, url=null}, v3Metadata=Metadata{annotations={mta_id=Vendor_portal, mta_version=1.0.0, mta_resource={"name":"Vendor_portal-auth"}}, labels={mta_id=54228c1fbfd316678aa58a19b8f339c3}}, label=null, plan=null, provider=null, broker=null, version=null, credentials={}, syslogDrainUrl=null, tags=[], type=managed, lastOperation=null}, serviceKeyOperation=null, resourceName=null}, DeployedMtaServiceKey{name=Vendor_portal-auth-key, metadata=CloudMetadata{guid=5da5e703-b984-4da5-bcfb-42b2d6998d60, createdAt=2026-05-30T10:19:19, updatedAt=2026-05-30T10:19:19, url=null}, v3Metadata=Metadata{annotations={mta_id=Vendor_portal, mta_version=1.0.0}, labels={mta_id=54228c1fbfd316678aa58a19b8f339c3, space_guid=25c4b79f-ec1f-4f41-8212-286dd3a0616c}}, credentials=null, serviceInstance=CloudServiceInstance{name=Vendor_portal-auth, metadata=CloudMetadata{guid=872c8647-a392-4436-bbf4-3eeead01a604, createdAt=2026-05-29T15:01:24, updatedAt=2026-05-29T15:01:24, url=null}, v3Metadata=Metadata{annotations={mta_id=Vendor_portal, mta_version=1.0.0, mta_resource={"name":"Vendor_portal-auth"}}, labels={mta_id=54228c1fbfd316678aa58a19b8f339c3}}, label=null, plan=null, provider=null, broker=null, version=null, credentials={}, syslogDrainUrl=null, tags=[], type=managed, lastOperation=null}, serviceKeyOperation=null, resourceName=null}], Vendor_portal-html5-repo-host=[DeployedMtaServiceKey{name=Vendor_portal-app-deployer-Vendor_portal-html5-repo-host-credentials, metadata=CloudMetadata{guid=b9fb18b7-2aec-4193-97d1-7e8fbe9ee1a7, createdAt=2026-05-30T10:19:15, updatedAt=2026-05-30T10:19:16, url=null}, v3Metadata=Metadata{annotations={mta_id=Vendor_portal, mta_version=1.0.0}, labels={mta_id=54228c1fbfd316678aa58a19b8f339c3, space_guid=25c4b79f-ec1f-4f41-8212-286dd3a0616c}}, credentials=null, serviceInstance=CloudServiceInstance{name=Vendor_portal-html5-repo-host, metadata=CloudMetadata{guid=5f314e74-afd9-478c-a397-afe1ac2289f2, createdAt=2026-05-30T10:19, updatedAt=2026-05-30T10:19:02, url=null}, v3Metadata=Metadata{annotations={mta_id=Vendor_portal, mta_version=1.0.0, mta_resource={"name":"Vendor_portal-html5-repo-host"}}, labels={mta_id=54228c1fbfd316678aa58a19b8f339c3}}, label=null, plan=null, provider=null, broker=null, version=null, credentials={}, syslogDrainUrl=null, tags=[], type=managed, lastOperation=null}, serviceKeyOperation=null, resourceName=null}, DeployedMtaServiceKey{name=Vendor_portal-html5-repo-host-key, metadata=CloudMetadata{guid=98117fa9-5fe3-4697-ab41-f17cbf6b0aa7, createdAt=2026-05-30T10:19:19, updatedAt=2026-05-30T10:19:19, url=null}, v3Metadata=Metadata{annotations={mta_id=Vendor_portal, mta_version=1.0.0}, labels={mta_id=54228c1fbfd316678aa58a19b8f339c3, space_guid=25c4b79f-ec1f-4f41-8212-286dd3a0616c}}, credentials=null, serviceInstance=CloudServiceInstance{name=Vendor_portal-html5-repo-host, metadata=CloudMetadata{guid=5f314e74-afd9-478c-a397-afe1ac2289f2, createdAt=2026-05-30T10:19, updatedAt=2026-05-30T10:19:02, url=null}, v3Metadata=Metadata{annotations={mta_id=Vendor_portal, mta_version=1.0.0, mta_resource={"name":"Vendor_portal-html5-repo-host"}}, labels={mta_id=54228c1fbfd316678aa58a19b8f339c3}}, label=null, plan=null, provider=null, broker=null, version=null, credentials={}, syslogDrainUrl=null, tags=[], type=managed, lastOperation=null}, serviceKeyOperation=null, resourceName=null}], Vendor_portal-destination=[DeployedMtaServiceKey{name=Vendor_portal-destinations-Vendor_portal-destination-credentials, metadata=CloudMetadata{guid=caf03d18-1c8d-491d-9177-e62c357735b8, createdAt=2026-05-30T10:19:19, updatedAt=2026-05-30T10:19:20, url=null}, v3Metadata=Metadata{annotations={mta_id=Vendor_portal, mta_version=1.0.0}, labels={mta_id=54228c1fbfd316678aa58a19b8f339c3, space_guid=25c4b79f-ec1f-4f41-8212-286dd3a0616c}}, credentials=null, serviceInstance=CloudServiceInstance{name=Vendor_portal-destination, metadata=CloudMetadata{guid=0096e76b-4204-4488-89af-b195d851d22b, createdAt=2026-05-29T15:01:24, updatedAt=2026-05-29T15:01:26, url=null}, v3Metadata=Metadata{annotations={mta_id=Vendor_portal, mta_version=1.0.0, mta_resource={"name":"Vendor_portal-destination"}}, labels={mta_id=54228c1fbfd316678aa58a19b8f339c3}}, label=null, plan=null, provider=null, broker=null, version=null, credentials={}, syslogDrainUrl=null, tags=[], type=managed, lastOperation=null}, serviceKeyOperation=null, resourceName=null}]}"#
#2026 05 31 18:07:30.416#Z#DEBUG#96214937-5d1b-11f1-bf65-eeee0a9fba87.OPERATION#flowable-async-job-executor-thread-10012#
[BuildCloudUndeployModelStep] New service keys by service "{Vendor_portal-auth=[Vendor_portal-app-deployer-Vendor_portal-auth-credentials, Vendor_portal-auth-key], Vendor_portal-html5-repo-host=[Vendor_portal-app-deployer-Vendor_portal-html5-repo-host-credentials, Vendor_portal-html5-repo-host-key], Vendor_portal-destination=[Vendor_portal-destinations-Vendor_portal-destination-credentials]}"#
#2026 05 31 18:07:30.417#Z#DEBUG#96214937-5d1b-11f1-bf65-eeee0a9fba87.OPERATION#flowable-async-job-executor-thread-10012#
[BuildCloudUndeployModelStep] Existing service keys by service "{}"#
#2026 05 31 18:07:30.417#Z#DEBUG#96214937-5d1b-11f1-bf65-eeee0a9fba87.OPERATION#flowable-async-job-executor-thread-10012#
[BuildCloudUndeployModelStep] Detected service keys to delete "[]"#
#2026 05 31 18:07:30.424#Z#DEBUG#96214937-5d1b-11f1-bf65-eeee0a9fba87.OPERATION#flowable-async-job-executor-thread-10012#
[BuildCloudUndeployModelStep] MTA modules: [Vendor_portal, Vendor_portal-destinations, Vendor_portal-app-deployer, Vendor_portal-srv, Vendor_portal-db-deployer]#
#2026 05 31 18:07:30.424#Z#DEBUG#96214937-5d1b-11f1-bf65-eeee0a9fba87.OPERATION#flowable-async-job-executor-thread-10012#
[BuildCloudUndeployModelStep] Modules to undeploy: [ ]#
#2026 05 31 18:07:30.424#Z#DEBUG#96214937-5d1b-11f1-bf65-eeee0a9fba87.OPERATION#flowable-async-job-executor-thread-10012#
[BuildCloudUndeployModelStep] Modules that won't be changed: [ ]#
#2026 05 31 18:07:30.426#Z#DEBUG#96214937-5d1b-11f1-bf65-eeee0a9fba87.OPERATION#flowable-async-job-executor-thread-10012#
[BuildCloudUndeployModelStep] Subscriptions to delete: [ ]#
#2026 05 31 18:07:30.429#Z#DEBUG#96214937-5d1b-11f1-bf65-eeee0a9fba87.OPERATION#flowable-async-job-executor-thread-10012#
[BuildCloudUndeployModelStep] Cloud services to delete: []#
#2026 05 31 18:07:30.429#Z#DEBUG#96214937-5d1b-11f1-bf65-eeee0a9fba87.OPERATION#flowable-async-job-executor-thread-10012#
[BuildCloudUndeployModelStep] Cloud applications to undeploy: [ ]#
#2026 05 31 18:07:30.433#Z#DEBUG#96214937-5d1b-11f1-bf65-eeee0a9fba87.OPERATION#flowable-async-job-executor-thread-10012#
[BuildCloudUndeployModelStep] Cloud undeployment model built#
#2026 05 31 18:07:30.433#Z#DEBUG#96214937-5d1b-11f1-bf65-eeee0a9fba87.OPERATION#flowable-async-job-executor-thread-10012#
Step "Build Undeploy Model" finished#
#2026 05 31 18:07:30.481#Z#DEBUG#96214937-5d1b-11f1-bf65-eeee0a9fba87.OPERATION#flowable-async-job-executor-thread-10014#
[AddDomainsStep] Executing task "addDomainsTask" of process "9621495d-5d1b-11f1-bf65-eeee0a9fba87"...#
#2026 05 31 18:07:30.483#Z#DEBUG#96214937-5d1b-11f1-bf65-eeee0a9fba87.OPERATION#flowable-async-job-executor-thread-10014#
[AddDomainsStep] Custom domains: []#
#2026 05 31 18:07:30.484#Z#DEBUG#96214937-5d1b-11f1-bf65-eeee0a9fba87.OPERATION#flowable-async-job-executor-thread-10014#
Step "Add Domains" finished#
#2026 05 31 18:07:30.664#Z#DEBUG#96214937-5d1b-11f1-bf65-eeee0a9fba87.OPERATION#flowable-async-job-executor-thread-10015#
[ExtractBatchedServicesWithResolvedDynamicParametersStep] Executing task "prepareModulesDeploymentTask" of process "971a777d-5d1b-11f1-bf65-eeee0a9fba87"...#
#2026 05 31 18:07:30.665#Z#DEBUG#96214937-5d1b-11f1-bf65-eeee0a9fba87.OPERATION#flowable-async-job-executor-thread-10015#
[ExtractBatchedServicesWithResolvedDynamicParametersStep] Extracting services and resolving dynamic parameters from batch#
#2026 05 31 18:07:30.667#Z#DEBUG#96214937-5d1b-11f1-bf65-eeee0a9fba87.OPERATION#flowable-async-job-executor-thread-10015#
[ExtractBatchedServicesWithResolvedDynamicParametersStep] Services to create: [ {
  "isOptional" : false,
  "isManaged" : true,
  "name" : "********",
  "v3Metadata" : {
    "annotations" : {
      "mta_id" : "Vendor_portal",
      "mta_version" : "1.0.0",
      "mta_resource" : "********"
    },
    "labels" : {
      "mta_id" : "54228c1fbfd316678aa58a19b8f339c3"
    }
  },
  "label" : "xsuaa",
  "plan" : "application",
  "credentials" : "********",
  "tags" : [ ],
  "type" : "managed",
  "resourceName" : "********",
  "shouldSkipParametersUpdate" : false,
  "shouldSkipPlanUpdate" : false,
  "shouldSkipTagsUpdate" : false,
  "shouldSkipSyslogUrlUpdate" : false
}, {
  "isOptional" : false,
  "isManaged" : true,
  "name" : "Vendor_portal-db",
  "v3Metadata" : {
    "annotations" : {
      "mta_id" : "Vendor_portal",
      "mta_version" : "1.0.0",
      "mta_resource" : "{\"name\":\"Vendor_portal-db\"}"
    },
    "labels" : {
      "mta_id" : "54228c1fbfd316678aa58a19b8f339c3"
    }
  },
  "label" : "hana",
  "plan" : "hdi-shared",
  "credentials" : "********",
  "tags" : [ ],
  "type" : "managed",
  "resourceName" : "Vendor_portal-db",
  "shouldSkipParametersUpdate" : false,
  "shouldSkipPlanUpdate" : false,
  "shouldSkipTagsUpdate" : false,
  "shouldSkipSyslogUrlUpdate" : false
}, {
  "isOptional" : false,
  "isManaged" : true,
  "name" : "Vendor_portal-destination",
  "v3Metadata" : {
    "annotations" : {
      "mta_id" : "Vendor_portal",
      "mta_version" : "1.0.0",
      "mta_resource" : "{\"name\":\"Vendor_portal-destination\"}"
    },
    "labels" : {
      "mta_id" : "54228c1fbfd316678aa58a19b8f339c3"
    }
  },
  "label" : "destination",
  "plan" : "lite",
  "credentials" : "********",
  "tags" : [ ],
  "type" : "managed",
  "resourceName" : "Vendor_portal-destination",
  "shouldSkipParametersUpdate" : false,
  "shouldSkipPlanUpdate" : false,
  "shouldSkipTagsUpdate" : false,
  "shouldSkipSyslogUrlUpdate" : false
}, {
  "isOptional" : false,
  "isManaged" : true,
  "name" : "Vendor_portal-html5-repo-host",
  "v3Metadata" : {
    "annotations" : {
      "mta_id" : "Vendor_portal",
      "mta_version" : "1.0.0",
      "mta_resource" : "{\"name\":\"Vendor_portal-html5-repo-host\"}"
    },
    "labels" : {
      "mta_id" : "54228c1fbfd316678aa58a19b8f339c3"
    }
  },
  "label" : "html5-apps-repo",
  "plan" : "app-host",
  "credentials" : "********",
  "tags" : [ ],
  "type" : "managed",
  "resourceName" : "Vendor_portal-html5-repo-host",
  "shouldSkipParametersUpdate" : false,
  "shouldSkipPlanUpdate" : false,
  "shouldSkipTagsUpdate" : false,
  "shouldSkipSyslogUrlUpdate" : false
}, {
  "isOptional" : false,
  "isManaged" : true,
  "name" : "Vendor_portal-html5-runtime",
  "v3Metadata" : {
    "annotations" : {
      "mta_id" : "Vendor_portal",
      "mta_version" : "1.0.0",
      "mta_resource" : "{\"name\":\"Vendor_portal-html5-runtime\"}"
    },
    "labels" : {
      "mta_id" : "54228c1fbfd316678aa58a19b8f339c3"
    }
  },
  "label" : "html5-apps-repo",
  "plan" : "app-runtime",
  "credentials" : "********",
  "tags" : [ ],
  "type" : "managed",
  "resourceName" : "Vendor_portal-html5-runtime",
  "shouldSkipParametersUpdate" : false,
  "shouldSkipPlanUpdate" : false,
  "shouldSkipTagsUpdate" : false,
  "shouldSkipSyslogUrlUpdate" : false
} ]#
#2026 05 31 18:07:30.668#Z#DEBUG#96214937-5d1b-11f1-bf65-eeee0a9fba87.OPERATION#flowable-async-job-executor-thread-10015#
Step "Extract Services with Resolved Dynamic parameters from batch" finished#
#2026 05 31 18:07:30.796#Z#DEBUG#96214937-5d1b-11f1-bf65-eeee0a9fba87.OPERATION#flowable-async-job-executor-thread-10015#
[CheckServiceOperationStateStep] Executing task "CheckServiceOperationStateTask" of process "973355fa-5d1b-11f1-bf65-eeee0a9fba87"...#
#2026 05 31 18:07:30.797#Z#DEBUG#96214937-5d1b-11f1-bf65-eeee0a9fba87.OPERATION#flowable-async-job-executor-thread-10015#
[CheckServiceOperationStateStep] Getting service instance "Vendor_portal-db"...#
#2026 05 31 18:07:30.900#Z#DEBUG#96214937-5d1b-11f1-bf65-eeee0a9fba87.OPERATION#flowable-async-job-executor-thread-10015#
Step "Check for service operations in Progress" finished#
#2026 05 31 18:07:30.941#Z#DEBUG#96214937-5d1b-11f1-bf65-eeee0a9fba87.OPERATION#flowable-async-job-executor-thread-10015#
[DetermineServiceCreateUpdateServiceActionsStep] Executing task "DetermineServiceCreateUpdateActionsTask" of process "973355fa-5d1b-11f1-bf65-eeee0a9fba87"...#
#2026 05 31 18:07:30.944#Z#INFO#96214937-5d1b-11f1-bf65-eeee0a9fba87.OPERATION#flowable-async-job-executor-thread-10015#
[DetermineServiceCreateUpdateServiceActionsStep] Processing service "Vendor_portal-db"...#
#2026 05 31 18:07:30.951#Z#DEBUG#96214937-5d1b-11f1-bf65-eeee0a9fba87.OPERATION#flowable-async-job-executor-thread-10015#
[DetermineServiceCreateUpdateServiceActionsStep] Getting service instance "Vendor_portal-db"...#
#2026 05 31 18:07:31.060#Z#DEBUG#96214937-5d1b-11f1-bf65-eeee0a9fba87.OPERATION#flowable-async-job-executor-thread-10015#
[DetermineServiceCreateUpdateServiceActionsStep] Existing service: {
  "name" : "Vendor_portal-db",
  "metadata" : {
    "guid" : "adcecc63-16ef-49a6-bfe4-ceb5945703c3",
    "createdAt" : [ 2026, 5, 29, 16, 4, 44 ],
    "updatedAt" : [ 2026, 5, 29, 16, 4, 44 ]
  },
  "v3Metadata" : {
    "annotations" : {
      "mta_id" : "Vendor_portal",
      "mta_version" : "1.0.0",
      "mta_resource" : "{\"name\":\"Vendor_portal-db\"}"
    },
    "labels" : {
      "mta_id" : "54228c1fbfd316678aa58a19b8f339c3"
    }
  },
  "label" : "hana",
  "plan" : "hdi-shared",
  "credentials" : "********",
  "tags" : [ ],
  "type" : "managed",
  "lastOperation" : {
    "type" : "CREATE",
    "state" : "SUCCEEDED"
  }
}#
#2026 05 31 18:07:31.060#Z#WARN#96214937-5d1b-11f1-bf65-eeee0a9fba87.OPERATION#flowable-async-job-executor-thread-10015#
[DetermineServiceCreateUpdateServiceActionsStep] Service parameters for service "Vendor_portal-db" will not be updated, as the parameters are not defined or empty.#
#2026 05 31 18:07:31.060#Z#DEBUG#96214937-5d1b-11f1-bf65-eeee0a9fba87.OPERATION#flowable-async-job-executor-thread-10015#
Step "Determine update actions" finished#
#2026 05 31 18:07:31.126#Z#DEBUG#96214937-5d1b-11f1-bf65-eeee0a9fba87.OPERATION#flowable-async-job-executor-thread-10015#
[CheckForServiceBindingOrKeyOperationStep] Executing task "CheckForServiceBindingOrKeyCreation" of process "973355fa-5d1b-11f1-bf65-eeee0a9fba87"...#
#2026 05 31 18:07:31.132#Z#DEBUG#96214937-5d1b-11f1-bf65-eeee0a9fba87.OPERATION#flowable-async-job-executor-thread-10015#
Step "Check for service binding or key creation" finished#
#2026 05 31 18:07:31.419#Z#DEBUG#96214937-5d1b-11f1-bf65-eeee0a9fba87.OPERATION#flowable-async-job-executor-thread-11600#
[CheckServiceOperationStateStep] Executing task "CheckServiceOperationStateTask" of process "9791f0fd-5d1b-11f1-bf4f-eeee0a913b38"...#
#2026 05 31 18:07:31.476#Z#DEBUG#96214937-5d1b-11f1-bf65-eeee0a9fba87.OPERATION#flowable-async-job-executor-thread-11600#
[CheckServiceOperationStateStep] Getting service instance "Vendor_portal-destination"...#
#2026 05 31 18:07:31.482#Z#DEBUG#96214937-5d1b-11f1-bf65-eeee0a9fba87.OPERATION#flowable-async-job-executor-thread-11604#
[CheckServiceOperationStateStep] Executing task "CheckServiceOperationStateTask" of process "979cedb7-5d1b-11f1-bf4f-eeee0a913b38"...#
#2026 05 31 18:07:31.483#Z#DEBUG#96214937-5d1b-11f1-bf65-eeee0a9fba87.OPERATION#flowable-async-job-executor-thread-11604#
[CheckServiceOperationStateStep] Getting service instance "Vendor_portal-html5-repo-host"...#
#2026 05 31 18:07:31.578#Z#DEBUG#96214937-5d1b-11f1-bf65-eeee0a9fba87.OPERATION#flowable-async-job-executor-thread-11604#
Step "Check for service operations in Progress" finished#
#2026 05 31 18:07:31.606#Z#DEBUG#96214937-5d1b-11f1-bf65-eeee0a9fba87.OPERATION#flowable-async-job-executor-thread-11600#
Step "Check for service operations in Progress" finished#
#2026 05 31 18:07:31.619#Z#DEBUG#96214937-5d1b-11f1-bf65-eeee0a9fba87.OPERATION#flowable-async-job-executor-thread-11604#
[DetermineServiceCreateUpdateServiceActionsStep] Executing task "DetermineServiceCreateUpdateActionsTask" of process "979cedb7-5d1b-11f1-bf4f-eeee0a913b38"...#
#2026 05 31 18:07:31.622#Z#INFO#96214937-5d1b-11f1-bf65-eeee0a9fba87.OPERATION#flowable-async-job-executor-thread-11604#
[DetermineServiceCreateUpdateServiceActionsStep] Processing service "Vendor_portal-html5-repo-host"...#
#2026 05 31 18:07:31.630#Z#DEBUG#96214937-5d1b-11f1-bf65-eeee0a9fba87.OPERATION#flowable-async-job-executor-thread-11604#
[DetermineServiceCreateUpdateServiceActionsStep] Getting service instance "Vendor_portal-html5-repo-host"...#
#2026 05 31 18:07:31.644#Z#DEBUG#96214937-5d1b-11f1-bf65-eeee0a9fba87.OPERATION#flowable-async-job-executor-thread-11600#
[DetermineServiceCreateUpdateServiceActionsStep] Executing task "DetermineServiceCreateUpdateActionsTask" of process "9791f0fd-5d1b-11f1-bf4f-eeee0a913b38"...#
#2026 05 31 18:07:31.646#Z#INFO#96214937-5d1b-11f1-bf65-eeee0a9fba87.OPERATION#flowable-async-job-executor-thread-11600#
[DetermineServiceCreateUpdateServiceActionsStep] Processing service "Vendor_portal-destination"...#
#2026 05 31 18:07:31.651#Z#DEBUG#96214937-5d1b-11f1-bf65-eeee0a9fba87.OPERATION#flowable-async-job-executor-thread-11600#
[DetermineServiceCreateUpdateServiceActionsStep] Getting service instance "Vendor_portal-destination"...#
#2026 05 31 18:07:31.754#Z#DEBUG#96214937-5d1b-11f1-bf65-eeee0a9fba87.OPERATION#flowable-async-job-executor-thread-11600#
[DetermineServiceCreateUpdateServiceActionsStep] Existing service: {
  "name" : "Vendor_portal-destination",
  "metadata" : {
    "guid" : "0096e76b-4204-4488-89af-b195d851d22b",
    "createdAt" : [ 2026, 5, 29, 15, 1, 24 ],
    "updatedAt" : [ 2026, 5, 29, 15, 1, 26 ]
  },
  "v3Metadata" : {
    "annotations" : {
      "mta_id" : "Vendor_portal",
      "mta_version" : "1.0.0",
      "mta_resource" : "{\"name\":\"Vendor_portal-destination\"}"
    },
    "labels" : {
      "mta_id" : "54228c1fbfd316678aa58a19b8f339c3"
    }
  },
  "label" : "destination",
  "plan" : "lite",
  "credentials" : "********",
  "tags" : [ ],
  "type" : "managed",
  "lastOperation" : {
    "type" : "CREATE",
    "description" : "",
    "state" : "SUCCEEDED"
  }
}#
#2026 05 31 18:07:31.754#Z#WARN#96214937-5d1b-11f1-bf65-eeee0a9fba87.OPERATION#flowable-async-job-executor-thread-11600#
[DetermineServiceCreateUpdateServiceActionsStep] Service parameters for service "Vendor_portal-destination" will not be updated, as the parameters are not defined or empty.#
#2026 05 31 18:07:31.754#Z#DEBUG#96214937-5d1b-11f1-bf65-eeee0a9fba87.OPERATION#flowable-async-job-executor-thread-11600#
Step "Determine update actions" finished#
#2026 05 31 18:07:31.805#Z#DEBUG#96214937-5d1b-11f1-bf65-eeee0a9fba87.OPERATION#flowable-async-job-executor-thread-11600#
[CheckForServiceBindingOrKeyOperationStep] Executing task "CheckForServiceBindingOrKeyCreation" of process "9791f0fd-5d1b-11f1-bf4f-eeee0a913b38"...#
#2026 05 31 18:07:31.808#Z#DEBUG#96214937-5d1b-11f1-bf65-eeee0a9fba87.OPERATION#flowable-async-job-executor-thread-11600#
Step "Check for service binding or key creation" finished#
#2026 05 31 18:07:31.881#Z#DEBUG#96214937-5d1b-11f1-bf65-eeee0a9fba87.OPERATION#flowable-async-job-executor-thread-11604#
[DetermineServiceCreateUpdateServiceActionsStep] Existing service: {
  "name" : "Vendor_portal-html5-repo-host",
  "metadata" : {
    "guid" : "5f314e74-afd9-478c-a397-afe1ac2289f2",
    "createdAt" : [ 2026, 5, 30, 10, 19 ],
    "updatedAt" : [ 2026, 5, 30, 10, 19, 2 ]
  },
  "v3Metadata" : {
    "annotations" : {
      "mta_id" : "Vendor_portal",
      "mta_version" : "1.0.0",
      "mta_resource" : "{\"name\":\"Vendor_portal-html5-repo-host\"}"
    },
    "labels" : {
      "mta_id" : "54228c1fbfd316678aa58a19b8f339c3"
    }
  },
  "label" : "html5-apps-repo",
  "plan" : "app-host",
  "credentials" : "********",
  "tags" : [ ],
  "type" : "managed",
  "lastOperation" : {
    "type" : "CREATE",
    "description" : "",
    "state" : "SUCCEEDED"
  }
}#
#2026 05 31 18:07:31.881#Z#WARN#96214937-5d1b-11f1-bf65-eeee0a9fba87.OPERATION#flowable-async-job-executor-thread-11604#
[DetermineServiceCreateUpdateServiceActionsStep] Service parameters for service "Vendor_portal-html5-repo-host" will not be updated, as the parameters are not defined or empty.#
#2026 05 31 18:07:31.882#Z#DEBUG#96214937-5d1b-11f1-bf65-eeee0a9fba87.OPERATION#flowable-async-job-executor-thread-11604#
Step "Determine update actions" finished#
#2026 05 31 18:07:31.775#Z#DEBUG#96214937-5d1b-11f1-bf65-eeee0a9fba87.OPERATION#flowable-async-job-executor-thread-34900#
[CheckServiceOperationStateStep] Executing task "CheckServiceOperationStateTask" of process "97cb4fcc-5d1b-11f1-8a04-eeee0a89be1e"...#
#2026 05 31 18:07:31.833#Z#DEBUG#96214937-5d1b-11f1-bf65-eeee0a9fba87.OPERATION#flowable-async-job-executor-thread-34900#
[CheckServiceOperationStateStep] Getting service instance "Vendor_portal-html5-runtime"...#
#2026 05 31 18:07:31.929#Z#DEBUG#96214937-5d1b-11f1-bf65-eeee0a9fba87.OPERATION#flowable-async-job-executor-thread-34900#
Step "Check for service operations in Progress" finished#
#2026 05 31 18:07:31.939#Z#DEBUG#96214937-5d1b-11f1-bf65-eeee0a9fba87.OPERATION#flowable-async-job-executor-thread-11604#
[CheckForServiceBindingOrKeyOperationStep] Executing task "CheckForServiceBindingOrKeyCreation" of process "979cedb7-5d1b-11f1-bf4f-eeee0a913b38"...#
#2026 05 31 18:07:31.942#Z#DEBUG#96214937-5d1b-11f1-bf65-eeee0a9fba87.OPERATION#flowable-async-job-executor-thread-11604#
Step "Check for service binding or key creation" finished#
#2026 05 31 18:07:31.939#Z#DEBUG#96214937-5d1b-11f1-bf65-eeee0a9fba87.OPERATION#flowable-async-job-executor-thread-10017#
[CheckServiceOperationStateStep] Executing task "CheckServiceOperationStateTask" of process "97e1bec3-5d1b-11f1-bf65-eeee0a9fba87"...#
#2026 05 31 18:07:31.941#Z#DEBUG#96214937-5d1b-11f1-bf65-eeee0a9fba87.OPERATION#flowable-async-job-executor-thread-10017#
[CheckServiceOperationStateStep] Getting service instance "Vendor_portal-auth"...#
#2026 05 31 18:07:32.041#Z#DEBUG#96214937-5d1b-11f1-bf65-eeee0a9fba87.OPERATION#flowable-async-job-executor-thread-10017#
Step "Check for service operations in Progress" finished#
#2026 05 31 18:07:31.956#Z#DEBUG#96214937-5d1b-11f1-bf65-eeee0a9fba87.OPERATION#flowable-async-job-executor-thread-34901#
[DetermineServiceCreateUpdateServiceActionsStep] Executing task "DetermineServiceCreateUpdateActionsTask" of process "97cb4fcc-5d1b-11f1-8a04-eeee0a89be1e"...#
#2026 05 31 18:07:31.957#Z#INFO#96214937-5d1b-11f1-bf65-eeee0a9fba87.OPERATION#flowable-async-job-executor-thread-34901#
[DetermineServiceCreateUpdateServiceActionsStep] Processing service "Vendor_portal-html5-runtime"...#
#2026 05 31 18:07:31.961#Z#DEBUG#96214937-5d1b-11f1-bf65-eeee0a9fba87.OPERATION#flowable-async-job-executor-thread-34901#
[DetermineServiceCreateUpdateServiceActionsStep] Getting service instance "Vendor_portal-html5-runtime"...#
#2026 05 31 18:07:32.046#Z#DEBUG#96214937-5d1b-11f1-bf65-eeee0a9fba87.OPERATION#flowable-async-job-executor-thread-34901#
[DetermineServiceCreateUpdateServiceActionsStep] Existing service: {
  "name" : "Vendor_portal-html5-runtime",
  "metadata" : {
    "guid" : "6da8f408-78f3-43b9-83a3-d24985d9c96e",
    "createdAt" : [ 2026, 5, 30, 10, 19 ],
    "updatedAt" : [ 2026, 5, 30, 10, 19, 1 ]
  },
  "v3Metadata" : {
    "annotations" : {
      "mta_id" : "Vendor_portal",
      "mta_version" : "1.0.0",
      "mta_resource" : "{\"name\":\"Vendor_portal-html5-runtime\"}"
    },
    "labels" : {
      "mta_id" : "54228c1fbfd316678aa58a19b8f339c3"
    }
  },
  "label" : "html5-apps-repo",
  "plan" : "app-runtime",
  "credentials" : "********",
  "tags" : [ ],
  "type" : "managed",
  "lastOperation" : {
    "type" : "CREATE",
    "description" : "",
    "state" : "SUCCEEDED"
  }
}#
#2026 05 31 18:07:32.046#Z#WARN#96214937-5d1b-11f1-bf65-eeee0a9fba87.OPERATION#flowable-async-job-executor-thread-34901#
[DetermineServiceCreateUpdateServiceActionsStep] Service parameters for service "Vendor_portal-html5-runtime" will not be updated, as the parameters are not defined or empty.#
#2026 05 31 18:07:32.046#Z#DEBUG#96214937-5d1b-11f1-bf65-eeee0a9fba87.OPERATION#flowable-async-job-executor-thread-34901#
Step "Determine update actions" finished#
#2026 05 31 18:07:32.081#Z#DEBUG#96214937-5d1b-11f1-bf65-eeee0a9fba87.OPERATION#flowable-async-job-executor-thread-34902#
[CheckForServiceBindingOrKeyOperationStep] Executing task "CheckForServiceBindingOrKeyCreation" of process "97cb4fcc-5d1b-11f1-8a04-eeee0a89be1e"...#
#2026 05 31 18:07:32.082#Z#DEBUG#96214937-5d1b-11f1-bf65-eeee0a9fba87.OPERATION#flowable-async-job-executor-thread-34902#
Step "Check for service binding or key creation" finished#
#2026 05 31 18:07:32.083#Z#DEBUG#96214937-5d1b-11f1-bf65-eeee0a9fba87.OPERATION#flowable-async-job-executor-thread-10017#
[DetermineServiceCreateUpdateServiceActionsStep] Executing task "DetermineServiceCreateUpdateActionsTask" of process "97e1bec3-5d1b-11f1-bf65-eeee0a9fba87"...#
#2026 05 31 18:07:32.085#Z#INFO#96214937-5d1b-11f1-bf65-eeee0a9fba87.OPERATION#flowable-async-job-executor-thread-10017#
[DetermineServiceCreateUpdateServiceActionsStep] Processing service "Vendor_portal-auth"...#
#2026 05 31 18:07:32.091#Z#DEBUG#96214937-5d1b-11f1-bf65-eeee0a9fba87.OPERATION#flowable-async-job-executor-thread-10017#
[DetermineServiceCreateUpdateServiceActionsStep] Getting service instance "Vendor_portal-auth"...#
#2026 05 31 18:07:32.192#Z#INFO#96214937-5d1b-11f1-bf65-eeee0a9fba87.OPERATION#flowable-async-job-executor-thread-10017#
[DetermineServiceCreateUpdateServiceActionsStep] Setting service "Vendor_portal-auth" parameters from "xs-security.json"#
#2026 05 31 18:07:32.240#Z#DEBUG#96214937-5d1b-11f1-bf65-eeee0a9fba87.OPERATION#flowable-async-job-executor-thread-10017#
[DetermineServiceCreateUpdateServiceActionsStep] Existing service: {
  "name" : "********",
  "metadata" : {
    "guid" : "872c8647-a392-4436-bbf4-3eeead01a604",
    "createdAt" : [ 2026, 5, 29, 15, 1, 24 ],
    "updatedAt" : [ 2026, 5, 29, 15, 1, 24 ]
  },
  "v3Metadata" : {
    "annotations" : {
      "mta_id" : "Vendor_portal",
      "mta_version" : "1.0.0",
      "mta_resource" : "********"
    },
    "labels" : {
      "mta_id" : "54228c1fbfd316678aa58a19b8f339c3"
    }
  },
  "label" : "xsuaa",
  "plan" : "application",
  "credentials" : "********",
  "tags" : [ ],
  "type" : "managed",
  "lastOperation" : {
    "type" : "UPDATE",
    "description" : "",
    "state" : "SUCCEEDED"
  }
}#
#2026 05 31 18:07:32.240#Z#DEBUG#96214937-5d1b-11f1-bf65-eeee0a9fba87.OPERATION#flowable-async-job-executor-thread-10017#
[DetermineServiceCreateUpdateServiceActionsStep] Service parameters will be updated#
#2026 05 31 18:07:32.240#Z#DEBUG#96214937-5d1b-11f1-bf65-eeee0a9fba87.OPERATION#flowable-async-job-executor-thread-10017#
[DetermineServiceCreateUpdateServiceActionsStep] New parameters: {
  "attributes" : [ ],
  "authorities-inheritance" : "********",
  "oauth2-configuration" : "********",
  "role-templates" : [ ],
  "scopes" : [ ],
  "tenant-mode" : "dedicated",
  "xsappname" : "Vendor_portal-a17ff4fftrial-dev"
}#
#2026 05 31 18:07:32.240#Z#DEBUG#96214937-5d1b-11f1-bf65-eeee0a9fba87.OPERATION#flowable-async-job-executor-thread-10017#
Step "Determine update actions" finished#
#2026 05 31 18:07:32.299#Z#DEBUG#96214937-5d1b-11f1-bf65-eeee0a9fba87.OPERATION#flowable-async-job-executor-thread-10017#
[CheckForServiceBindingOrKeyOperationStep] Executing task "CheckForServiceBindingOrKeyCreation" of process "97e1bec3-5d1b-11f1-bf65-eeee0a9fba87"...#
#2026 05 31 18:07:32.303#Z#DEBUG#96214937-5d1b-11f1-bf65-eeee0a9fba87.OPERATION#flowable-async-job-executor-thread-10017#
Step "Check for service binding or key creation" finished#
#2026 05 31 18:07:32.357#Z#DEBUG#96214937-5d1b-11f1-bf65-eeee0a9fba87.OPERATION#flowable-async-job-executor-thread-10017#
[UpdateServiceParametersStep] Executing task "UpdateServiceParametersTask" of process "97e1bec3-5d1b-11f1-bf65-eeee0a9fba87"...#
#2026 05 31 18:07:32.361#Z#INFO#96214937-5d1b-11f1-bf65-eeee0a9fba87.OPERATION#flowable-async-job-executor-thread-10017#
[UpdateServiceParametersStep] Updating service "Vendor_portal-auth"...#
#2026 05 31 18:07:32.368#Z#DEBUG#96214937-5d1b-11f1-bf65-eeee0a9fba87.OPERATION#flowable-async-job-executor-thread-10017#
[UpdateServiceParametersStep] Updating service parameters for service "Vendor_portal-auth"...#
#2026 05 31 18:07:32.460#Z#DEBUG#96214937-5d1b-11f1-bf65-eeee0a9fba87.OPERATION#flowable-async-job-executor-thread-10017#
[UpdateServiceParametersStep] Service "Vendor_portal-auth" updated#
#2026 05 31 18:07:32.460#Z#DEBUG#96214937-5d1b-11f1-bf65-eeee0a9fba87.OPERATION#flowable-async-job-executor-thread-10017#
[UpdateServiceParametersStep] Triggered service operations: {
  "Vendor_portal-auth" : "UPDATE"
}#
#2026 05 31 18:07:32.461#Z#DEBUG#96214937-5d1b-11f1-bf65-eeee0a9fba87.OPERATION#flowable-async-job-executor-thread-10017#
Step "Update parameters" finished#
#2026 05 31 18:07:44.392#Z#DEBUG#96214937-5d1b-11f1-bf65-eeee0a9fba87.OPERATION#flowable-async-job-executor-thread-11609#
[UpdateServiceParametersStep] Executing task "UpdateServiceParametersTask" of process "97e1bec3-5d1b-11f1-bf65-eeee0a9fba87"...#
#2026 05 31 18:07:44.393#Z#DEBUG#96214937-5d1b-11f1-bf65-eeee0a9fba87.OPERATION#flowable-async-job-executor-thread-11609#
[UpdateServiceParametersStep] Polling service operations...#
#2026 05 31 18:07:44.396#Z#DEBUG#96214937-5d1b-11f1-bf65-eeee0a9fba87.OPERATION#flowable-async-job-executor-thread-11609#
[UpdateServiceParametersStep] Getting service instance "Vendor_portal-auth"...#
#2026 05 31 18:07:44.507#Z#DEBUG#96214937-5d1b-11f1-bf65-eeee0a9fba87.OPERATION#flowable-async-job-executor-thread-11609#
[UpdateServiceParametersStep] Last operation for service "Vendor_portal-auth": {
  "type" : "UPDATE",
  "description" : "",
  "state" : "SUCCEEDED"
}#
#2026 05 31 18:07:44.507#Z#DEBUG#96214937-5d1b-11f1-bf65-eeee0a9fba87.OPERATION#flowable-async-job-executor-thread-11609#
[UpdateServiceParametersStep] Service "Vendor_portal-auth" updated#
#2026 05 31 18:07:44.507#Z#INFO#96214937-5d1b-11f1-bf65-eeee0a9fba87.OPERATION#flowable-async-job-executor-thread-11609#
[UpdateServiceParametersStep] 1 of 1 done#
#2026 05 31 18:07:44.514#Z#DEBUG#96214937-5d1b-11f1-bf65-eeee0a9fba87.OPERATION#flowable-async-job-executor-thread-11609#
[UpdateServiceParametersStep] Remaining services to poll: [ ]#
#2026 05 31 18:07:44.515#Z#DEBUG#96214937-5d1b-11f1-bf65-eeee0a9fba87.OPERATION#flowable-async-job-executor-thread-11609#
Step "Update parameters" finished#
#2026 05 31 18:07:45.081#Z#DEBUG#96214937-5d1b-11f1-bf65-eeee0a9fba87.OPERATION#flowable-async-job-executor-thread-11612#
[PrepareModulesDeploymentStep] Executing task "prepareModulesDeploymentTask" of process "9f910efb-5d1b-11f1-bf4f-eeee0a913b38"...#
#2026 05 31 18:07:45.082#Z#DEBUG#96214937-5d1b-11f1-bf65-eeee0a9fba87.OPERATION#flowable-async-job-executor-thread-11612#
[PrepareModulesDeploymentStep] Preparing modules deployment...#
#2026 05 31 18:07:45.089#Z#DEBUG#96214937-5d1b-11f1-bf65-eeee0a9fba87.OPERATION#flowable-async-job-executor-thread-11612#
Step "Prepare Modules Deployment" finished#
#2026 05 31 18:07:45.152#Z#DEBUG#96214937-5d1b-11f1-bf65-eeee0a9fba87.OPERATION#flowable-async-job-executor-thread-11613#
[ComputeNextModulesStep] Executing task "computeNextModulesToDeployInParallel" of process "9f910efb-5d1b-11f1-bf4f-eeee0a913b38"...#
#2026 05 31 18:07:45.153#Z#DEBUG#96214937-5d1b-11f1-bf65-eeee0a9fba87.OPERATION#flowable-async-job-executor-thread-11613#
[ComputeNextModulesStep] Computing modules for next parallel iteration...#
#2026 05 31 18:07:45.158#Z#DEBUG#96214937-5d1b-11f1-bf65-eeee0a9fba87.OPERATION#flowable-async-job-executor-thread-11613#
[ComputeNextModulesStep] Completed modules detected: []#
#2026 05 31 18:07:45.158#Z#DEBUG#96214937-5d1b-11f1-bf65-eeee0a9fba87.OPERATION#flowable-async-job-executor-thread-11613#
[ComputeNextModulesStep] All modules for deploy detected: [Vendor_portal, Vendor_portal-destinations, Vendor_portal-app-deployer, Vendor_portal-srv, Vendor_portal-db-deployer]#
#2026 05 31 18:07:45.158#Z#DEBUG#96214937-5d1b-11f1-bf65-eeee0a9fba87.OPERATION#flowable-async-job-executor-thread-11613#
[ComputeNextModulesStep] Modules not for deploy detected: []#
#2026 05 31 18:07:45.159#Z#DEBUG#96214937-5d1b-11f1-bf65-eeee0a9fba87.OPERATION#flowable-async-job-executor-thread-11613#
[ComputeNextModulesStep] Computed modules for next parallel iteration: [ {
  "majorSchemaVersion" : 3,
  "name" : "Vendor_portal-srv",
  "type" : "javascript.nodejs",
  "path" : "Vendor_portal-srv",
  "properties" : { },
  "parameters" : {
    "app-name" : "Vendor_portal-srv",
    "buildpack" : "nodejs_buildpack",
    "default-app-name" : "Vendor_portal-srv",
    "default-host" : "a17ff4fftrial-dev-vendor-portal-srv",
    "default-instances" : 1,
    "default-live-app-name" : "Vendor_portal-srv",
    "default-live-domain" : "cfapps.us10-001.hana.ondemand.com",
    "default-live-host" : "a17ff4fftrial-dev-vendor-portal-srv",
    "default-live-uri" : "a17ff4fftrial-dev-vendor-portal-srv.cfapps.us10-001.hana.ondemand.com",
    "default-live-url" : "https://a17ff4fftrial-dev-vendor-portal-srv.cfapps.us10-001.hana.ondemand.com",
    "default-uri" : "a17ff4fftrial-dev-vendor-portal-srv.cfapps.us10-001.hana.ondemand.com",
    "default-url" : "https://a17ff4fftrial-dev-vendor-portal-srv.cfapps.us10-001.hana.ondemand.com",
    "dependency-type" : "soft",
    "domain" : "cfapps.us10-001.hana.ondemand.com",
    "generated-password" : "********",
    "generated-user" : "********",
    "host" : "a17ff4fftrial-dev-vendor-portal-srv",
    "instances" : 1,
    "protocol" : "https"
  },
  "requiredDependencies" : [ {
    "majorSchemaVersion" : 3,
    "name" : "********",
    "properties" : { },
    "parameters" : { },
    "propertiesMetadata" : {
      "metadata" : { }
    },
    "parametersMetadata" : {
      "metadata" : { }
    }
  }, {
    "majorSchemaVersion" : 3,
    "name" : "Vendor_portal-db",
    "properties" : { },
    "parameters" : { },
    "propertiesMetadata" : {
      "metadata" : { }
    },
    "parametersMetadata" : {
      "metadata" : { }
    }
  }, {
    "majorSchemaVersion" : 3,
    "name" : "Vendor_portal-destination",
    "properties" : { },
    "parameters" : { },
    "propertiesMetadata" : {
      "metadata" : { }
    },
    "parametersMetadata" : {
      "metadata" : { }
    }
  } ],
  "providedDependencies" : [ {
    "majorSchemaVersion" : 3,
    "name" : "srv-api",
    "isPublic" : false,
    "properties" : {
      "srv-url" : "https://a17ff4fftrial-dev-vendor-portal-srv.cfapps.us10-001.hana.ondemand.com"
    },
    "parameters" : { },
    "propertiesMetadata" : {
      "metadata" : { }
    },
    "parametersMetadata" : {
      "metadata" : { }
    }
  }, {
    "majorSchemaVersion" : 3,
    "name" : "Vendor_portal-srv",
    "isPublic" : false,
    "properties" : { },
    "parameters" : { },
    "propertiesMetadata" : {
      "metadata" : { }
    },
    "parametersMetadata" : {
      "metadata" : { }
    }
  } ],
  "propertiesMetadata" : {
    "metadata" : { }
  },
  "parametersMetadata" : {
    "metadata" : { }
  },
  "deployedAfter" : [ ],
  "hooks" : [ ]
}, {
  "majorSchemaVersion" : 3,
  "name" : "Vendor_portal-db-deployer",
  "type" : "com.sap.xs.hdi",
  "path" : "Vendor_portal-db-deployer",
  "properties" : {
    "EXIT" : 1
  },
  "parameters" : {
    "app-name" : "Vendor_portal-db-deployer",
    "buildpack" : "nodejs_buildpack",
    "default-app-name" : "Vendor_portal-db-deployer",
    "default-host" : "a17ff4fftrial-dev-vendor-portal-db-deployer",
    "default-instances" : 1,
    "default-live-app-name" : "Vendor_portal-db-deployer",
    "default-live-domain" : "cfapps.us10-001.hana.ondemand.com",
    "default-live-host" : "a17ff4fftrial-dev-vendor-portal-db-deployer",
    "default-live-uri" : "a17ff4fftrial-dev-vendor-portal-db-deployer.cfapps.us10-001.hana.ondemand.com",
    "default-live-url" : "https://a17ff4fftrial-dev-vendor-portal-db-deployer.cfapps.us10-001.hana.ondemand.com",
    "default-uri" : "a17ff4fftrial-dev-vendor-portal-db-deployer.cfapps.us10-001.hana.ondemand.com",
    "default-url" : "https://a17ff4fftrial-dev-vendor-portal-db-deployer.cfapps.us10-001.hana.ondemand.com",
    "dependency-type" : "hard",
    "domain" : "cfapps.us10-001.hana.ondemand.com",
    "generated-password" : "********",
    "generated-user" : "********",
    "host" : "a17ff4fftrial-dev-vendor-portal-db-deployer",
    "instances" : 1,
    "memory" : "256M",
    "no-route" : true,
    "no-start" : true,
    "protocol" : "https",
    "tasks" : [ {
      "command" : "npm start",
      "memory" : "256M",
      "name" : "deploy"
    } ]
  },
  "requiredDependencies" : [ {
    "majorSchemaVersion" : 3,
    "name" : "Vendor_portal-db",
    "properties" : { },
    "parameters" : { },
    "propertiesMetadata" : {
      "metadata" : { }
    },
    "parametersMetadata" : {
      "metadata" : { }
    }
  } ],
  "providedDependencies" : [ {
    "majorSchemaVersion" : 3,
    "name" : "Vendor_portal-db-deployer",
    "isPublic" : false,
    "properties" : { },
    "parameters" : { },
    "propertiesMetadata" : {
      "metadata" : { }
    },
    "parametersMetadata" : {
      "metadata" : { }
    }
  } ],
  "propertiesMetadata" : {
    "metadata" : { }
  },
  "parametersMetadata" : {
    "metadata" : { }
  },
  "deployedAfter" : [ ],
  "hooks" : [ ]
}, {
  "majorSchemaVersion" : 3,
  "name" : "Vendor_portal-app-deployer",
  "type" : "com.sap.application.content",
  "path" : "Vendor_portal-app-deployer",
  "properties" : { },
  "parameters" : {
    "app-name" : "Vendor_portal-app-deployer",
    "config" : {
      "destinations" : [ {
        "Authentication" : "********",
        "HTML5.DynamicDestination" : true,
        "HTML5.ForwardAuthToken" : "********",
        "Name" : "srv-api",
        "ProxyType" : "Internet",
        "Type" : "HTTP",
        "URL" : "https://a17ff4fftrial-dev-vendor-portal-srv.cfapps.us10-001.hana.ondemand.com"
      } ]
    },
    "default-app-name" : "Vendor_portal-app-deployer",
    "default-host" : "a17ff4fftrial-dev-vendor-portal-app-deployer",
    "default-instances" : 1,
    "default-live-app-name" : "Vendor_portal-app-deployer",
    "default-live-domain" : "cfapps.us10-001.hana.ondemand.com",
    "default-live-host" : "a17ff4fftrial-dev-vendor-portal-app-deployer",
    "default-live-uri" : "a17ff4fftrial-dev-vendor-portal-app-deployer.cfapps.us10-001.hana.ondemand.com",
    "default-live-url" : "https://a17ff4fftrial-dev-vendor-portal-app-deployer.cfapps.us10-001.hana.ondemand.com",
    "default-uri" : "a17ff4fftrial-dev-vendor-portal-app-deployer.cfapps.us10-001.hana.ondemand.com",
    "default-url" : "https://a17ff4fftrial-dev-vendor-portal-app-deployer.cfapps.us10-001.hana.ondemand.com",
    "dependency-type" : "soft",
    "domain" : "cfapps.us10-001.hana.ondemand.com",
    "generated-password" : "********",
    "generated-user" : "********",
    "host" : "a17ff4fftrial-dev-vendor-portal-app-deployer",
    "instances" : 1,
    "protocol" : "https"
  },
  "requiredDependencies" : [ {
    "majorSchemaVersion" : 3,
    "name" : "********",
    "properties" : { },
    "parameters" : { },
    "propertiesMetadata" : {
      "metadata" : { }
    },
    "parametersMetadata" : {
      "metadata" : { }
    }
  }, {
    "majorSchemaVersion" : 3,
    "name" : "srv-api",
    "properties" : { },
    "parameters" : { },
    "propertiesMetadata" : {
      "metadata" : { }
    },
    "parametersMetadata" : {
      "metadata" : { }
    }
  }, {
    "majorSchemaVersion" : 3,
    "name" : "Vendor_portal-html5-repo-host",
    "properties" : { },
    "parameters" : {
      "config" : {
        "HTML5Runtime_enabled" : true
      },
      "content-target" : true
    },
    "propertiesMetadata" : {
      "metadata" : { }
    },
    "parametersMetadata" : {
      "metadata" : { }
    }
  } ],
  "providedDependencies" : [ {
    "majorSchemaVersion" : 3,
    "name" : "Vendor_portal-app-deployer",
    "isPublic" : false,
    "properties" : { },
    "parameters" : { },
    "propertiesMetadata" : {
      "metadata" : { }
    },
    "parametersMetadata" : {
      "metadata" : { }
    }
  } ],
  "propertiesMetadata" : {
    "metadata" : { }
  },
  "parametersMetadata" : {
    "metadata" : { }
  },
  "deployedAfter" : [ ],
  "hooks" : [ ]
}, {
  "majorSchemaVersion" : 3,
  "name" : "Vendor_portal",
  "type" : "javascript.nodejs",
  "path" : "Vendor_portal",
  "properties" : { },
  "parameters" : {
    "app-name" : "Vendor_portal",
    "default-app-name" : "Vendor_portal",
    "default-host" : "a17ff4fftrial-dev-vendor-portal",
    "default-instances" : 1,
    "default-live-app-name" : "Vendor_portal",
    "default-live-domain" : "cfapps.us10-001.hana.ondemand.com",
    "default-live-host" : "a17ff4fftrial-dev-vendor-portal",
    "default-live-uri" : "a17ff4fftrial-dev-vendor-portal.cfapps.us10-001.hana.ondemand.com",
    "default-live-url" : "https://a17ff4fftrial-dev-vendor-portal.cfapps.us10-001.hana.ondemand.com",
    "default-uri" : "a17ff4fftrial-dev-vendor-portal.cfapps.us10-001.hana.ondemand.com",
    "default-url" : "https://a17ff4fftrial-dev-vendor-portal.cfapps.us10-001.hana.ondemand.com",
    "dependency-type" : "soft",
    "disk-quota" : "256M",
    "domain" : "cfapps.us10-001.hana.ondemand.com",
    "generated-password" : "********",
    "generated-user" : "********",
    "host" : "a17ff4fftrial-dev-vendor-portal",
    "instances" : 1,
    "keep-existing-routes" : true,
    "memory" : "256M",
    "protocol" : "https"
  },
  "requiredDependencies" : [ {
    "majorSchemaVersion" : 3,
    "name" : "srv-api",
    "group" : "destinations",
    "properties" : {
      "forwardAuthToken" : "********",
      "name" : "srv-api",
      "url" : "https://a17ff4fftrial-dev-vendor-portal-srv.cfapps.us10-001.hana.ondemand.com"
    },
    "parameters" : { },
    "propertiesMetadata" : {
      "metadata" : { }
    },
    "parametersMetadata" : {
      "metadata" : { }
    }
  }, {
    "majorSchemaVersion" : 3,
    "name" : "********",
    "properties" : { },
    "parameters" : { },
    "propertiesMetadata" : {
      "metadata" : { }
    },
    "parametersMetadata" : {
      "metadata" : { }
    }
  }, {
    "majorSchemaVersion" : 3,
    "name" : "Vendor_portal-destination",
    "properties" : { },
    "parameters" : { },
    "propertiesMetadata" : {
      "metadata" : { }
    },
    "parametersMetadata" : {
      "metadata" : { }
    }
  }, {
    "majorSchemaVersion" : 3,
    "name" : "Vendor_portal-html5-runtime",
    "properties" : { },
    "parameters" : { },
    "propertiesMetadata" : {
      "metadata" : { }
    },
    "parametersMetadata" : {
      "metadata" : { }
    }
  } ],
  "providedDependencies" : [ {
    "majorSchemaVersion" : 3,
    "name" : "app-api",
    "isPublic" : false,
    "properties" : {
      "app-protocol" : "https",
      "app-uri" : "a17ff4fftrial-dev-vendor-portal.cfapps.us10-001.hana.ondemand.com"
    },
    "parameters" : { },
    "propertiesMetadata" : {
      "metadata" : { }
    },
    "parametersMetadata" : {
      "metadata" : { }
    }
  }, {
    "majorSchemaVersion" : 3,
    "name" : "Vendor_portal",
    "isPublic" : false,
    "properties" : { },
    "parameters" : { },
    "propertiesMetadata" : {
      "metadata" : { }
    },
    "parametersMetadata" : {
      "metadata" : { }
    }
  } ],
  "propertiesMetadata" : {
    "metadata" : { }
  },
  "parametersMetadata" : {
    "metadata" : { }
  },
  "deployedAfter" : [ ],
  "hooks" : [ ]
}, {
  "majorSchemaVersion" : 3,
  "name" : "Vendor_portal-destinations",
  "type" : "com.sap.application.content",
  "properties" : { },
  "parameters" : {
    "app-name" : "Vendor_portal-destinations",
    "content" : {
      "instance" : {
        "destinations" : [ {
          "Name" : "Vendor_portal-html5-repository",
          "ServiceInstanceName" : "Vendor_portal-html5-repo-host",
          "ServiceKeyName" : "********",
          "sap.cloud.service" : "Vendor_portal.service"
        }, {
          "Authentication" : "********",
          "Name" : "********",
          "ServiceInstanceName" : "********",
          "ServiceKeyName" : "********",
          "sap.cloud.service" : "Vendor_portal.service"
        } ],
        "existing_destinations_policy" : "update"
      }
    },
    "default-app-name" : "Vendor_portal-destinations",
    "default-host" : "a17ff4fftrial-dev-vendor-portal-destinations",
    "default-instances" : 1,
    "default-live-app-name" : "Vendor_portal-destinations",
    "default-live-domain" : "cfapps.us10-001.hana.ondemand.com",
    "default-live-host" : "a17ff4fftrial-dev-vendor-portal-destinations",
    "default-live-uri" : "a17ff4fftrial-dev-vendor-portal-destinations.cfapps.us10-001.hana.ondemand.com",
    "default-live-url" : "https://a17ff4fftrial-dev-vendor-portal-destinations.cfapps.us10-001.hana.ondemand.com",
    "default-uri" : "a17ff4fftrial-dev-vendor-portal-destinations.cfapps.us10-001.hana.ondemand.com",
    "default-url" : "https://a17ff4fftrial-dev-vendor-portal-destinations.cfapps.us10-001.hana.ondemand.com",
    "dependency-type" : "soft",
    "domain" : "cfapps.us10-001.hana.ondemand.com",
    "generated-password" : "********",
    "generated-user" : "********",
    "host" : "a17ff4fftrial-dev-vendor-portal-destinations",
    "instances" : 1,
    "protocol" : "https"
  },
  "requiredDependencies" : [ {
    "majorSchemaVersion" : 3,
    "name" : "********",
    "properties" : { },
    "parameters" : {
      "service-key" : "********"
    },
    "propertiesMetadata" : {
      "metadata" : { }
    },
    "parametersMetadata" : {
      "metadata" : { }
    }
  }, {
    "majorSchemaVersion" : 3,
    "name" : "Vendor_portal-html5-repo-host",
    "properties" : { },
    "parameters" : {
      "service-key" : "********"
    },
    "propertiesMetadata" : {
      "metadata" : { }
    },
    "parametersMetadata" : {
      "metadata" : { }
    }
  }, {
    "majorSchemaVersion" : 3,
    "name" : "srv-api",
    "properties" : { },
    "parameters" : { },
    "propertiesMetadata" : {
      "metadata" : { }
    },
    "parametersMetadata" : {
      "metadata" : { }
    }
  }, {
    "majorSchemaVersion" : 3,
    "name" : "Vendor_portal-destination",
    "properties" : { },
    "parameters" : {
      "content-target" : true
    },
    "propertiesMetadata" : {
      "metadata" : { }
    },
    "parametersMetadata" : {
      "metadata" : { }
    }
  } ],
  "providedDependencies" : [ {
    "majorSchemaVersion" : 3,
    "name" : "Vendor_portal-destinations",
    "isPublic" : false,
    "properties" : { },
    "parameters" : { },
    "propertiesMetadata" : {
      "metadata" : { }
    },
    "parametersMetadata" : {
      "metadata" : { }
    }
  } ],
  "propertiesMetadata" : {
    "metadata" : { }
  },
  "parametersMetadata" : {
    "metadata" : { }
  },
  "deployedAfter" : [ ],
  "hooks" : [ ]
} ]#
#2026 05 31 18:07:45.159#Z#DEBUG#96214937-5d1b-11f1-bf65-eeee0a9fba87.OPERATION#flowable-async-job-executor-thread-11613#
Step "Compute Next Modules To Deploy" finished#
#2026 05 31 18:07:45.368#Z#DEBUG#96214937-5d1b-11f1-bf65-eeee0a9fba87.OPERATION#flowable-async-job-executor-thread-11613#
[BuildContentDeploymentConfigurationStep] Executing task "buildContentDeploymentConfigurationTask" of process "9fdebaad-5d1b-11f1-bf4f-eeee0a913b38"...#
#2026 05 31 18:07:45.374#Z#DEBUG#96214937-5d1b-11f1-bf65-eeee0a9fba87.OPERATION#ForkJoinPool-132-worker-1#
[BuildContentDeploymentConfigurationStep] Getting service key "Vendor_portal-app-deployer-Vendor_portal-html5-repo-host-credentials" for service instance "Vendor_portal-html5-repo-host"...#
#2026 05 31 18:07:45.375#Z#DEBUG#96214937-5d1b-11f1-bf65-eeee0a9fba87.OPERATION#ForkJoinPool-132-worker-2#
[BuildContentDeploymentConfigurationStep] Getting service key "Vendor_portal-app-deployer-Vendor_portal-auth-credentials" for service instance "Vendor_portal-auth"...#
#2026 05 31 18:07:45.540#Z#INFO#96214937-5d1b-11f1-bf65-eeee0a9fba87.OPERATION#ForkJoinPool-132-worker-1#
[BuildContentDeploymentConfigurationStep] Service key "Vendor_portal-app-deployer-Vendor_portal-html5-repo-host-credentials" for service "Vendor_portal-html5-repo-host" already exists#
#2026 05 31 18:07:45.555#Z#INFO#96214937-5d1b-11f1-bf65-eeee0a9fba87.OPERATION#ForkJoinPool-132-worker-2#
[BuildContentDeploymentConfigurationStep] Service key "Vendor_portal-app-deployer-Vendor_portal-auth-credentials" for service "Vendor_portal-auth" already exists#
#2026 05 31 18:07:45.562#Z#DEBUG#96214937-5d1b-11f1-bf65-eeee0a9fba87.OPERATION#flowable-async-job-executor-thread-11613#
Step "Build Content Deployment Configuration" finished#
#2026 05 31 18:07:45.566#Z#DEBUG#96214937-5d1b-11f1-bf65-eeee0a9fba87.OPERATION#flowable-async-job-executor-thread-11613#
[CreateContentDeployClientConfigurationStep] Executing task "createContentDeployClientConfigurationTask" of process "a0092523-5d1b-11f1-bf4f-eeee0a913b38"...#
#2026 05 31 18:07:45.567#Z#DEBUG#96214937-5d1b-11f1-bf65-eeee0a9fba87.OPERATION#flowable-async-job-executor-thread-11613#
[CreateContentDeployClientConfigurationStep] Content deployer client configuration: {
  "contentDeployerUrl" : "https://html5-apps-repo-dt.cfapps.us10.hana.ondemand.com",
  "uaaClientConfiguration" : {
    "url" : "********",
    "credentials" : "********",
    "authenticationStrategyType" : "********"
  },
  "httpRequestHeaders" : {
    "X-CorrelationID" : "96214937-5d1b-11f1-bf65-eeee0a9fba87"
  },
  "spaceId" : "25c4b79f-ec1f-4f41-8212-286dd3a0616c",
  "serviceName" : "Vendor_portal-html5-repo-host"
}#
#2026 05 31 18:07:45.794#Z#DEBUG#96214937-5d1b-11f1-bf65-eeee0a9fba87.OPERATION#flowable-async-job-executor-thread-11613#
Step "Create Content Deploy Client Configuration" finished#
#2026 05 31 18:07:45.796#Z#DEBUG#96214937-5d1b-11f1-bf65-eeee0a9fba87.OPERATION#flowable-async-job-executor-thread-11613#
[GetContentFromDeploymentDescriptorStep] Executing task "getContentFromDeploymentDescriptorTask" of process "a0092523-5d1b-11f1-bf4f-eeee0a913b38"...#
#2026 05 31 18:07:45.796#Z#DEBUG#96214937-5d1b-11f1-bf65-eeee0a9fba87.OPERATION#flowable-async-job-executor-thread-11613#
Step "Get Content From Deployment Descriptor" finished#
#2026 05 31 18:07:45.798#Z#DEBUG#96214937-5d1b-11f1-bf65-eeee0a9fba87.OPERATION#flowable-async-job-executor-thread-11613#
[UploadContentStep] Executing task "uploadContentTask" of process "a0092523-5d1b-11f1-bf4f-eeee0a913b38"...#
#2026 05 31 18:07:45.798#Z#INFO#96214937-5d1b-11f1-bf65-eeee0a9fba87.OPERATION#flowable-async-job-executor-thread-11613#
[UploadContentStep] Uploading content module "Vendor_portal-app-deployer" in target service "Vendor_portal-html5-repo-host"...#
#2026 05 31 18:07:45.805#Z#DEBUG#96214937-5d1b-11f1-bf65-eeee0a9fba87.OPERATION#flowable-async-job-executor-thread-11613#
[UploadContentStep] Uploading file "Vendor_portal-app-deployer/app/data.zip" for content module "Vendor_portal-app-deployer" in service "Vendor_portal-html5-repo-host"#
#2026 05 31 18:07:46.003#Z#INFO#96214937-5d1b-11f1-bf65-eeee0a9fba87.OPERATION#flowable-async-job-executor-thread-11613#
[UploadContentStep] Content to deploy size: 4,800 in bytes#
#2026 05 31 18:07:46.540#Z#DEBUG#96214937-5d1b-11f1-bf65-eeee0a9fba87.OPERATION#flowable-async-job-executor-thread-11613#
[UploadContentStep] Uploaded content: {
  "id" : "d01c12c7-4f5d-47bf-8898-2a4ce0c5cd2a",
  "name" : "content.zip",
  "contentType" : "FILE"
}#
#2026 05 31 18:07:46.540#Z#DEBUG#96214937-5d1b-11f1-bf65-eeee0a9fba87.OPERATION#flowable-async-job-executor-thread-11613#
Step "Upload Content" finished#
#2026 05 31 18:07:46.543#Z#DEBUG#96214937-5d1b-11f1-bf65-eeee0a9fba87.OPERATION#flowable-async-job-executor-thread-11613#
[StartContentDeployStep] Executing task "startContentDeployTask" of process "a0092523-5d1b-11f1-bf4f-eeee0a913b38"...#
#2026 05 31 18:07:46.543#Z#INFO#96214937-5d1b-11f1-bf65-eeee0a9fba87.OPERATION#flowable-async-job-executor-thread-11613#
[StartContentDeployStep] Deploying content module "Vendor_portal-app-deployer" in target service "Vendor_portal-html5-repo-host"...#
#2026 05 31 18:07:46.791#Z#DEBUG#96214937-5d1b-11f1-bf65-eeee0a9fba87.OPERATION#flowable-async-job-executor-thread-11613#
Step "Start Content Deploy" finished#
#2026 05 31 18:07:46.827#Z#DEBUG#96214937-5d1b-11f1-bf65-eeee0a9fba87.OPERATION#flowable-async-job-executor-thread-11609#
[ProcessDescriptorStep] Executing task "reprocessDescriptorTask" of process "a0b766a2-5d1b-11f1-bf4f-eeee0a913b38"...#
#2026 05 31 18:07:46.830#Z#DEBUG#96214937-5d1b-11f1-bf65-eeee0a9fba87.OPERATION#flowable-async-job-executor-thread-11609#
[ProcessDescriptorStep] Resolving properties and parameters in merged descriptor...#
#2026 05 31 18:07:46.836#Z#DEBUG#96214937-5d1b-11f1-bf65-eeee0a9fba87.OPERATION#flowable-async-job-executor-thread-11609#
[ProcessDescriptorStep] Subscriptions: [ ]#
#2026 05 31 18:07:46.847#Z#DEBUG#96214937-5d1b-11f1-bf65-eeee0a9fba87.OPERATION#flowable-async-job-executor-thread-11609#
[ProcessDescriptorStep] MTA modules: [Vendor_portal, Vendor_portal-destinations, Vendor_portal-app-deployer, Vendor_portal-srv, Vendor_portal-db-deployer]#
#2026 05 31 18:07:46.854#Z#DEBUG#96214937-5d1b-11f1-bf65-eeee0a9fba87.OPERATION#flowable-async-job-executor-thread-11609#
[ProcessDescriptorStep] Resolved deployment descriptor: {
  "majorSchemaVersion" : 3,
  "schemaVersion" : "3.3.0",
  "id" : "Vendor_portal",
  "version" : "1.0.0",
  "modules" : [ {
    "majorSchemaVersion" : 3,
    "name" : "Vendor_portal-srv",
    "type" : "javascript.nodejs",
    "path" : "Vendor_portal-srv",
    "properties" : { },
    "parameters" : {
      "default-url" : "https://a17ff4fftrial-dev-vendor-portal-srv.cfapps.us10-001.hana.ondemand.com",
      "default-app-name" : "Vendor_portal-srv",
      "generated-password" : "********",
      "default-live-url" : "https://a17ff4fftrial-dev-vendor-portal-srv.cfapps.us10-001.hana.ondemand.com",
      "default-uri" : "a17ff4fftrial-dev-vendor-portal-srv.cfapps.us10-001.hana.ondemand.com",
      "default-instances" : 1,
      "default-live-host" : "a17ff4fftrial-dev-vendor-portal-srv",
      "instances" : 1,
      "buildpack" : "nodejs_buildpack",
      "default-host" : "a17ff4fftrial-dev-vendor-portal-srv",
      "app-name" : "Vendor_portal-srv",
      "default-live-uri" : "a17ff4fftrial-dev-vendor-portal-srv.cfapps.us10-001.hana.ondemand.com",
      "protocol" : "https",
      "default-live-app-name" : "Vendor_portal-srv",
      "default-live-domain" : "cfapps.us10-001.hana.ondemand.com",
      "domain" : "cfapps.us10-001.hana.ondemand.com",
      "host" : "a17ff4fftrial-dev-vendor-portal-srv",
      "generated-user" : "********"
    },
    "requiredDependencies" : [ {
      "majorSchemaVersion" : 3,
      "name" : "********",
      "properties" : { },
      "parameters" : { },
      "propertiesMetadata" : {
        "metadata" : { }
      },
      "parametersMetadata" : {
        "metadata" : { }
      }
    }, {
      "majorSchemaVersion" : 3,
      "name" : "Vendor_portal-db",
      "properties" : { },
      "parameters" : { },
      "propertiesMetadata" : {
        "metadata" : { }
      },
      "parametersMetadata" : {
        "metadata" : { }
      }
    }, {
      "majorSchemaVersion" : 3,
      "name" : "Vendor_portal-destination",
      "properties" : { },
      "parameters" : { },
      "propertiesMetadata" : {
        "metadata" : { }
      },
      "parametersMetadata" : {
        "metadata" : { }
      }
    } ],
    "providedDependencies" : [ {
      "majorSchemaVersion" : 3,
      "name" : "srv-api",
      "isPublic" : false,
      "properties" : {
        "srv-url" : "https://a17ff4fftrial-dev-vendor-portal-srv.cfapps.us10-001.hana.ondemand.com"
      },
      "parameters" : { },
      "propertiesMetadata" : {
        "metadata" : { }
      },
      "parametersMetadata" : {
        "metadata" : { }
      }
    }, {
      "majorSchemaVersion" : 3,
      "name" : "Vendor_portal-srv",
      "isPublic" : false,
      "properties" : { },
      "parameters" : { },
      "propertiesMetadata" : {
        "metadata" : { }
      },
      "parametersMetadata" : {
        "metadata" : { }
      }
    } ],
    "propertiesMetadata" : {
      "metadata" : { }
    },
    "parametersMetadata" : {
      "metadata" : { }
    },
    "hooks" : [ ]
  }, {
    "majorSchemaVersion" : 3,
    "name" : "Vendor_portal-db-deployer",
    "type" : "com.sap.xs.hdi",
    "path" : "Vendor_portal-db-deployer",
    "properties" : {
      "EXIT" : 1
    },
    "parameters" : {
      "default-url" : "https://a17ff4fftrial-dev-vendor-portal-db-deployer.cfapps.us10-001.hana.ondemand.com",
      "default-app-name" : "Vendor_portal-db-deployer",
      "generated-password" : "********",
      "default-live-url" : "https://a17ff4fftrial-dev-vendor-portal-db-deployer.cfapps.us10-001.hana.ondemand.com",
      "default-uri" : "a17ff4fftrial-dev-vendor-portal-db-deployer.cfapps.us10-001.hana.ondemand.com",
      "memory" : "256M",
      "default-instances" : 1,
      "no-route" : true,
      "default-live-host" : "a17ff4fftrial-dev-vendor-portal-db-deployer",
      "instances" : 1,
      "buildpack" : "nodejs_buildpack",
      "default-host" : "a17ff4fftrial-dev-vendor-portal-db-deployer",
      "app-name" : "Vendor_portal-db-deployer",
      "default-live-uri" : "a17ff4fftrial-dev-vendor-portal-db-deployer.cfapps.us10-001.hana.ondemand.com",
      "protocol" : "https",
      "default-live-app-name" : "Vendor_portal-db-deployer",
      "default-live-domain" : "cfapps.us10-001.hana.ondemand.com",
      "dependency-type" : "hard",
      "domain" : "cfapps.us10-001.hana.ondemand.com",
      "host" : "a17ff4fftrial-dev-vendor-portal-db-deployer",
      "generated-user" : "********",
      "tasks" : [ {
        "command" : "npm start",
        "memory" : "256M",
        "name" : "deploy"
      } ],
      "no-start" : true
    },
    "requiredDependencies" : [ {
      "majorSchemaVersion" : 3,
      "name" : "Vendor_portal-db",
      "properties" : { },
      "parameters" : { },
      "propertiesMetadata" : {
        "metadata" : { }
      },
      "parametersMetadata" : {
        "metadata" : { }
      }
    } ],
    "providedDependencies" : [ {
      "majorSchemaVersion" : 3,
      "name" : "Vendor_portal-db-deployer",
      "isPublic" : false,
      "properties" : { },
      "parameters" : { },
      "propertiesMetadata" : {
        "metadata" : { }
      },
      "parametersMetadata" : {
        "metadata" : { }
      }
    } ],
    "propertiesMetadata" : {
      "metadata" : { }
    },
    "parametersMetadata" : {
      "metadata" : { }
    },
    "hooks" : [ ]
  }, {
    "majorSchemaVersion" : 3,
    "name" : "Vendor_portal-app-deployer",
    "type" : "com.sap.application.content",
    "path" : "Vendor_portal-app-deployer",
    "properties" : { },
    "parameters" : {
      "default-url" : "https://a17ff4fftrial-dev-vendor-portal-app-deployer.cfapps.us10-001.hana.ondemand.com",
      "default-app-name" : "Vendor_portal-app-deployer",
      "generated-password" : "********",
      "default-live-url" : "https://a17ff4fftrial-dev-vendor-portal-app-deployer.cfapps.us10-001.hana.ondemand.com",
      "default-uri" : "a17ff4fftrial-dev-vendor-portal-app-deployer.cfapps.us10-001.hana.ondemand.com",
      "default-instances" : 1,
      "default-live-host" : "a17ff4fftrial-dev-vendor-portal-app-deployer",
      "instances" : 1,
      "default-host" : "a17ff4fftrial-dev-vendor-portal-app-deployer",
      "app-name" : "Vendor_portal-app-deployer",
      "default-live-uri" : "a17ff4fftrial-dev-vendor-portal-app-deployer.cfapps.us10-001.hana.ondemand.com",
      "protocol" : "https",
      "default-live-app-name" : "Vendor_portal-app-deployer",
      "default-live-domain" : "cfapps.us10-001.hana.ondemand.com",
      "domain" : "cfapps.us10-001.hana.ondemand.com",
      "host" : "a17ff4fftrial-dev-vendor-portal-app-deployer",
      "generated-user" : "********",
      "config" : {
        "destinations" : [ {
          "Authentication" : "********",
          "HTML5.DynamicDestination" : true,
          "HTML5.ForwardAuthToken" : "********",
          "Name" : "srv-api",
          "ProxyType" : "Internet",
          "Type" : "HTTP",
          "URL" : "https://a17ff4fftrial-dev-vendor-portal-srv.cfapps.us10-001.hana.ondemand.com"
        } ]
      }
    },
    "requiredDependencies" : [ {
      "majorSchemaVersion" : 3,
      "name" : "********",
      "properties" : { },
      "parameters" : { },
      "propertiesMetadata" : {
        "metadata" : { }
      },
      "parametersMetadata" : {
        "metadata" : { }
      }
    }, {
      "majorSchemaVersion" : 3,
      "name" : "srv-api",
      "properties" : { },
      "parameters" : { },
      "propertiesMetadata" : {
        "metadata" : { }
      },
      "parametersMetadata" : {
        "metadata" : { }
      }
    }, {
      "majorSchemaVersion" : 3,
      "name" : "Vendor_portal-html5-repo-host",
      "properties" : { },
      "parameters" : {
        "config" : {
          "HTML5Runtime_enabled" : true
        },
        "content-target" : true
      },
      "propertiesMetadata" : {
        "metadata" : { }
      },
      "parametersMetadata" : {
        "metadata" : { }
      }
    } ],
    "providedDependencies" : [ {
      "majorSchemaVersion" : 3,
      "name" : "Vendor_portal-app-deployer",
      "isPublic" : false,
      "properties" : { },
      "parameters" : { },
      "propertiesMetadata" : {
        "metadata" : { }
      },
      "parametersMetadata" : {
        "metadata" : { }
      }
    } ],
    "propertiesMetadata" : {
      "metadata" : { }
    },
    "parametersMetadata" : {
      "metadata" : { }
    },
    "hooks" : [ ]
  }, {
    "majorSchemaVersion" : 3,
    "name" : "Vendor_portal",
    "type" : "javascript.nodejs",
    "path" : "Vendor_portal",
    "properties" : { },
    "parameters" : {
      "default-url" : "https://a17ff4fftrial-dev-vendor-portal.cfapps.us10-001.hana.ondemand.com",
      "default-app-name" : "Vendor_portal",
      "generated-password" : "********",
      "default-live-url" : "https://a17ff4fftrial-dev-vendor-portal.cfapps.us10-001.hana.ondemand.com",
      "default-uri" : "a17ff4fftrial-dev-vendor-portal.cfapps.us10-001.hana.ondemand.com",
      "memory" : "256M",
      "default-instances" : 1,
      "default-live-host" : "a17ff4fftrial-dev-vendor-portal",
      "instances" : 1,
      "default-host" : "a17ff4fftrial-dev-vendor-portal",
      "keep-existing-routes" : true,
      "app-name" : "Vendor_portal",
      "default-live-uri" : "a17ff4fftrial-dev-vendor-portal.cfapps.us10-001.hana.ondemand.com",
      "protocol" : "https",
      "default-live-app-name" : "Vendor_portal",
      "default-live-domain" : "cfapps.us10-001.hana.ondemand.com",
      "disk-quota" : "256M",
      "domain" : "cfapps.us10-001.hana.ondemand.com",
      "host" : "a17ff4fftrial-dev-vendor-portal",
      "generated-user" : "********"
    },
    "requiredDependencies" : [ {
      "majorSchemaVersion" : 3,
      "name" : "srv-api",
      "group" : "destinations",
      "properties" : {
        "name" : "srv-api",
        "forwardAuthToken" : "********",
        "url" : "https://a17ff4fftrial-dev-vendor-portal-srv.cfapps.us10-001.hana.ondemand.com"
      },
      "parameters" : { },
      "propertiesMetadata" : {
        "metadata" : { }
      },
      "parametersMetadata" : {
        "metadata" : { }
      }
    }, {
      "majorSchemaVersion" : 3,
      "name" : "********",
      "properties" : { },
      "parameters" : { },
      "propertiesMetadata" : {
        "metadata" : { }
      },
      "parametersMetadata" : {
        "metadata" : { }
      }
    }, {
      "majorSchemaVersion" : 3,
      "name" : "Vendor_portal-destination",
      "properties" : { },
      "parameters" : { },
      "propertiesMetadata" : {
        "metadata" : { }
      },
      "parametersMetadata" : {
        "metadata" : { }
      }
    }, {
      "majorSchemaVersion" : 3,
      "name" : "Vendor_portal-html5-runtime",
      "properties" : { },
      "parameters" : { },
      "propertiesMetadata" : {
        "metadata" : { }
      },
      "parametersMetadata" : {
        "metadata" : { }
      }
    } ],
    "providedDependencies" : [ {
      "majorSchemaVersion" : 3,
      "name" : "app-api",
      "isPublic" : false,
      "properties" : {
        "app-protocol" : "https",
        "app-uri" : "a17ff4fftrial-dev-vendor-portal.cfapps.us10-001.hana.ondemand.com"
      },
      "parameters" : { },
      "propertiesMetadata" : {
        "metadata" : { }
      },
      "parametersMetadata" : {
        "metadata" : { }
      }
    }, {
      "majorSchemaVersion" : 3,
      "name" : "Vendor_portal",
      "isPublic" : false,
      "properties" : { },
      "parameters" : { },
      "propertiesMetadata" : {
        "metadata" : { }
      },
      "parametersMetadata" : {
        "metadata" : { }
      }
    } ],
    "propertiesMetadata" : {
      "metadata" : { }
    },
    "parametersMetadata" : {
      "metadata" : { }
    },
    "hooks" : [ ]
  }, {
    "majorSchemaVersion" : 3,
    "name" : "Vendor_portal-destinations",
    "type" : "com.sap.application.content",
    "properties" : { },
    "parameters" : {
      "default-url" : "https://a17ff4fftrial-dev-vendor-portal-destinations.cfapps.us10-001.hana.ondemand.com",
      "default-app-name" : "Vendor_portal-destinations",
      "generated-password" : "********",
      "default-live-url" : "https://a17ff4fftrial-dev-vendor-portal-destinations.cfapps.us10-001.hana.ondemand.com",
      "default-uri" : "a17ff4fftrial-dev-vendor-portal-destinations.cfapps.us10-001.hana.ondemand.com",
      "default-instances" : 1,
      "default-live-host" : "a17ff4fftrial-dev-vendor-portal-destinations",
      "instances" : 1,
      "default-host" : "a17ff4fftrial-dev-vendor-portal-destinations",
      "content" : {
        "instance" : {
          "destinations" : [ {
            "Name" : "Vendor_portal-html5-repository",
            "ServiceInstanceName" : "Vendor_portal-html5-repo-host",
            "ServiceKeyName" : "********",
            "sap.cloud.service" : "Vendor_portal.service"
          }, {
            "Authentication" : "********",
            "Name" : "********",
            "ServiceInstanceName" : "********",
            "ServiceKeyName" : "********",
            "sap.cloud.service" : "Vendor_portal.service"
          } ],
          "existing_destinations_policy" : "update"
        }
      },
      "app-name" : "Vendor_portal-destinations",
      "default-live-uri" : "a17ff4fftrial-dev-vendor-portal-destinations.cfapps.us10-001.hana.ondemand.com",
      "protocol" : "https",
      "default-live-app-name" : "Vendor_portal-destinations",
      "default-live-domain" : "cfapps.us10-001.hana.ondemand.com",
      "domain" : "cfapps.us10-001.hana.ondemand.com",
      "host" : "a17ff4fftrial-dev-vendor-portal-destinations",
      "generated-user" : "********"
    },
    "requiredDependencies" : [ {
      "majorSchemaVersion" : 3,
      "name" : "********",
      "properties" : { },
      "parameters" : {
        "service-key" : "********"
      },
      "propertiesMetadata" : {
        "metadata" : { }
      },
      "parametersMetadata" : {
        "metadata" : { }
      }
    }, {
      "majorSchemaVersion" : 3,
      "name" : "Vendor_portal-html5-repo-host",
      "properties" : { },
      "parameters" : {
        "service-key" : "********"
      },
      "propertiesMetadata" : {
        "metadata" : { }
      },
      "parametersMetadata" : {
        "metadata" : { }
      }
    }, {
      "majorSchemaVersion" : 3,
      "name" : "srv-api",
      "properties" : { },
      "parameters" : { },
      "propertiesMetadata" : {
        "metadata" : { }
      },
      "parametersMetadata" : {
        "metadata" : { }
      }
    }, {
      "majorSchemaVersion" : 3,
      "name" : "Vendor_portal-destination",
      "properties" : { },
      "parameters" : {
        "content-target" : true
      },
      "propertiesMetadata" : {
        "metadata" : { }
      },
      "parametersMetadata" : {
        "metadata" : { }
      }
    } ],
    "providedDependencies" : [ {
      "majorSchemaVersion" : 3,
      "name" : "Vendor_portal-destinations",
      "isPublic" : false,
      "properties" : { },
      "parameters" : { },
      "propertiesMetadata" : {
        "metadata" : { }
      },
      "parametersMetadata" : {
        "metadata" : { }
      }
    } ],
    "propertiesMetadata" : {
      "metadata" : { }
    },
    "parametersMetadata" : {
      "metadata" : { }
    },
    "hooks" : [ ]
  } ],
  "resources" : [ {
    "majorSchemaVersion" : 3,
    "name" : "********",
    "type" : "org.cloudfoundry.managed-service",
    "properties" : { },
    "parameters" : {
      "generated-password" : "********",
      "path" : "./xs-security.json",
      "service-name" : "********",
      "service-plan" : "application",
      "service" : "xsuaa",
      "generated-user" : "********",
      "default-xsappname" : "********",
      "type" : "managed-service",
      "config" : {
        "oauth2-configuration" : "********",
        "tenant-mode" : "dedicated",
        "xsappname" : "Vendor_portal-a17ff4fftrial-dev"
      },
      "default-service-name" : "********",
      "default-container-name" : "********"
    },
    "isActive" : true,
    "isOptional" : false,
    "propertiesMetadata" : {
      "metadata" : { }
    },
    "parametersMetadata" : {
      "metadata" : { }
    },
    "requiredDependencies" : [ {
      "majorSchemaVersion" : 3,
      "name" : "app-api",
      "properties" : { },
      "parameters" : { },
      "propertiesMetadata" : {
        "metadata" : { }
      },
      "parametersMetadata" : {
        "metadata" : { }
      }
    } ],
    "processedAfter" : [ ]
  }, {
    "majorSchemaVersion" : 3,
    "name" : "Vendor_portal-db",
    "type" : "com.sap.xs.hdi-container",
    "properties" : { },
    "parameters" : {
      "generated-password" : "********",
      "service-name" : "Vendor_portal-db",
      "service-plan" : "hdi-shared",
      "service" : "hana",
      "generated-user" : "********",
      "default-xsappname" : "Vendor_portal-db",
      "type" : "managed-service",
      "default-service-name" : "Vendor_portal-db",
      "default-container-name" : "A17FF4FFTRIAL_DEV_VENDOR_PORTAL_DB"
    },
    "isActive" : true,
    "isOptional" : false,
    "propertiesMetadata" : {
      "metadata" : { }
    },
    "parametersMetadata" : {
      "metadata" : { }
    },
    "requiredDependencies" : [ ],
    "processedAfter" : [ ]
  }, {
    "majorSchemaVersion" : 3,
    "name" : "Vendor_portal-destination",
    "type" : "org.cloudfoundry.managed-service",
    "properties" : { },
    "parameters" : {
      "generated-password" : "********",
      "service-name" : "Vendor_portal-destination",
      "service-plan" : "lite",
      "service" : "destination",
      "generated-user" : "********",
      "default-xsappname" : "Vendor_portal-destination",
      "type" : "managed-service",
      "default-service-name" : "Vendor_portal-destination",
      "default-container-name" : "A17FF4FFTRIAL_DEV_VENDOR_PORTAL_DESTINATION"
    },
    "isActive" : true,
    "isOptional" : false,
    "propertiesMetadata" : {
      "metadata" : { }
    },
    "parametersMetadata" : {
      "metadata" : { }
    },
    "requiredDependencies" : [ {
      "majorSchemaVersion" : 3,
      "name" : "srv-api",
      "properties" : { },
      "parameters" : { },
      "propertiesMetadata" : {
        "metadata" : { }
      },
      "parametersMetadata" : {
        "metadata" : { }
      }
    } ],
    "processedAfter" : [ ]
  }, {
    "majorSchemaVersion" : 3,
    "name" : "Vendor_portal-html5-repo-host",
    "type" : "org.cloudfoundry.managed-service",
    "properties" : { },
    "parameters" : {
      "generated-password" : "********",
      "service-name" : "Vendor_portal-html5-repo-host",
      "service-plan" : "app-host",
      "service" : "html5-apps-repo",
      "generated-user" : "********",
      "default-xsappname" : "Vendor_portal-html5-repo-host",
      "type" : "managed-service",
      "default-service-name" : "Vendor_portal-html5-repo-host",
      "default-container-name" : "A17FF4FFTRIAL_DEV_VENDOR_PORTAL_HTML5_REPO_HOST"
    },
    "isActive" : true,
    "isOptional" : false,
    "propertiesMetadata" : {
      "metadata" : { }
    },
    "parametersMetadata" : {
      "metadata" : { }
    },
    "requiredDependencies" : [ ],
    "processedAfter" : [ ]
  }, {
    "majorSchemaVersion" : 3,
    "name" : "Vendor_portal-html5-runtime",
    "type" : "org.cloudfoundry.managed-service",
    "properties" : { },
    "parameters" : {
      "generated-password" : "********",
      "service-name" : "Vendor_portal-html5-runtime",
      "service-plan" : "app-runtime",
      "service" : "html5-apps-repo",
      "generated-user" : "********",
      "default-xsappname" : "Vendor_portal-html5-runtime",
      "type" : "managed-service",
      "default-service-name" : "Vendor_portal-html5-runtime",
      "default-container-name" : "A17FF4FFTRIAL_DEV_VENDOR_PORTAL_HTML5_RUNTIME"
    },
    "isActive" : true,
    "isOptional" : false,
    "propertiesMetadata" : {
      "metadata" : { }
    },
    "parametersMetadata" : {
      "metadata" : { }
    },
    "requiredDependencies" : [ ],
    "processedAfter" : [ ]
  } ],
  "parameters" : {
    "deploy_mode" : "html5-repo",
    "mta-id" : "Vendor_portal",
    "authorization-url" : "********",
    "org-guid" : "87b32d9e-9c3e-4c0f-a9e8-c141fcaf6941",
    "org" : "a17ff4fftrial",
    "deploy-target" : "a17ff4fftrial dev",
    "enable-parallel-deployments" : true,
    "region-primary-domain" : "us10.hana.ondemand.com",
    "space" : "dev",
    "region-domain" : "us10-001.hana.ondemand.com",
    "xs-api-url" : "https://api.cf.us10-001.hana.ondemand.com",
    "deploy-url" : "deploy-service.cfapps.us10-001.hana.ondemand.com",
    "xs-type" : "CF",
    "default-domain" : "cfapps.us10-001.hana.ondemand.com",
    "mta-version" : "1.0.0",
    "xs-auth-url" : "********",
    "space-guid" : "25c4b79f-ec1f-4f41-8212-286dd3a0616c",
    "user" : "********",
    "controller-url" : "https://api.cf.us10-001.hana.ondemand.com",
    "timestamp" : "20260531180728"
  },
  "parametersMetadata" : {
    "metadata" : { }
  }
}#
#2026 05 31 18:07:46.854#Z#DEBUG#96214937-5d1b-11f1-bf65-eeee0a9fba87.OPERATION#flowable-async-job-executor-thread-11609#
[ProcessDescriptorStep] Merged descriptor properties and parameters resolved#
#2026 05 31 18:07:46.854#Z#DEBUG#96214937-5d1b-11f1-bf65-eeee0a9fba87.OPERATION#flowable-async-job-executor-thread-11609#
Step "Re-Process Descriptor Step" finished#
#2026 05 31 18:07:46.907#Z#DEBUG#96214937-5d1b-11f1-bf65-eeee0a9fba87.OPERATION#flowable-async-job-executor-thread-11609#
[BuildApplicationDeployModelStep] Executing task "buildApplicationDeployModelTask" of process "a0b766a2-5d1b-11f1-bf4f-eeee0a913b38"...#
#2026 05 31 18:07:46.914#Z#DEBUG#96214937-5d1b-11f1-bf65-eeee0a9fba87.OPERATION#flowable-async-job-executor-thread-11609#
[BuildApplicationDeployModelStep] Building cloud deployment model for application "Vendor_portal-srv"...#
#2026 05 31 18:07:46.927#Z#DEBUG#96214937-5d1b-11f1-bf65-eeee0a9fba87.OPERATION#flowable-async-job-executor-thread-11609#
[BuildApplicationDeployModelStep] No health-check-type is specified. Setting default type: port#
#2026 05 31 18:07:46.927#Z#INFO#96214937-5d1b-11f1-bf65-eeee0a9fba87.OPERATION#flowable-async-job-executor-thread-11609#
[BuildApplicationDeployModelStep] Building configuration entries for org a17ff4fftrial, space dev, spaceId 25c4b79f-ec1f-4f41-8212-286dd3a0616c and namespace null!#
#2026 05 31 18:07:46.929#Z#DEBUG#96214937-5d1b-11f1-bf65-eeee0a9fba87.OPERATION#flowable-async-job-executor-thread-11609#
[BuildApplicationDeployModelStep] Configuration entries to publish: [ ]#
#2026 05 31 18:07:46.929#Z#DEBUG#96214937-5d1b-11f1-bf65-eeee0a9fba87.OPERATION#flowable-async-job-executor-thread-11609#
[BuildApplicationDeployModelStep] Cloud deployment model for application built#
#2026 05 31 18:07:46.929#Z#DEBUG#96214937-5d1b-11f1-bf65-eeee0a9fba87.OPERATION#flowable-async-job-executor-thread-11609#
Step "Build Application Deploy Model" finished#
#2026 05 31 18:07:47.106#Z#DEBUG#96214937-5d1b-11f1-bf65-eeee0a9fba87.OPERATION#flowable-async-job-executor-thread-34911#
[ProcessDescriptorStep] Executing task "reprocessDescriptorTask" of process "a0e6b4ba-5d1b-11f1-8a04-eeee0a89be1e"...#
#2026 05 31 18:07:47.106#Z#DEBUG#96214937-5d1b-11f1-bf65-eeee0a9fba87.OPERATION#flowable-async-job-executor-thread-34911#
[ProcessDescriptorStep] Resolving properties and parameters in merged descriptor...#
#2026 05 31 18:07:47.109#Z#DEBUG#96214937-5d1b-11f1-bf65-eeee0a9fba87.OPERATION#flowable-async-job-executor-thread-34911#
[ProcessDescriptorStep] Subscriptions: [ ]#
#2026 05 31 18:07:47.114#Z#DEBUG#96214937-5d1b-11f1-bf65-eeee0a9fba87.OPERATION#flowable-async-job-executor-thread-34911#
[ProcessDescriptorStep] MTA modules: [Vendor_portal, Vendor_portal-destinations, Vendor_portal-app-deployer, Vendor_portal-srv, Vendor_portal-db-deployer]#
#2026 05 31 18:07:47.117#Z#DEBUG#96214937-5d1b-11f1-bf65-eeee0a9fba87.OPERATION#flowable-async-job-executor-thread-34911#
[ProcessDescriptorStep] Resolved deployment descriptor: {
  "majorSchemaVersion" : 3,
  "schemaVersion" : "3.3.0",
  "id" : "Vendor_portal",
  "version" : "1.0.0",
  "modules" : [ {
    "majorSchemaVersion" : 3,
    "name" : "Vendor_portal-srv",
    "type" : "javascript.nodejs",
    "path" : "Vendor_portal-srv",
    "properties" : { },
    "parameters" : {
      "default-url" : "https://a17ff4fftrial-dev-vendor-portal-srv.cfapps.us10-001.hana.ondemand.com",
      "default-app-name" : "Vendor_portal-srv",
      "generated-password" : "********",
      "default-live-url" : "https://a17ff4fftrial-dev-vendor-portal-srv.cfapps.us10-001.hana.ondemand.com",
      "default-uri" : "a17ff4fftrial-dev-vendor-portal-srv.cfapps.us10-001.hana.ondemand.com",
      "default-instances" : 1,
      "default-live-host" : "a17ff4fftrial-dev-vendor-portal-srv",
      "instances" : 1,
      "buildpack" : "nodejs_buildpack",
      "default-host" : "a17ff4fftrial-dev-vendor-portal-srv",
      "app-name" : "Vendor_portal-srv",
      "default-live-uri" : "a17ff4fftrial-dev-vendor-portal-srv.cfapps.us10-001.hana.ondemand.com",
      "protocol" : "https",
      "default-live-app-name" : "Vendor_portal-srv",
      "default-live-domain" : "cfapps.us10-001.hana.ondemand.com",
      "domain" : "cfapps.us10-001.hana.ondemand.com",
      "host" : "a17ff4fftrial-dev-vendor-portal-srv",
      "generated-user" : "********"
    },
    "requiredDependencies" : [ {
      "majorSchemaVersion" : 3,
      "name" : "********",
      "properties" : { },
      "parameters" : { },
      "propertiesMetadata" : {
        "metadata" : { }
      },
      "parametersMetadata" : {
        "metadata" : { }
      }
    }, {
      "majorSchemaVersion" : 3,
      "name" : "Vendor_portal-db",
      "properties" : { },
      "parameters" : { },
      "propertiesMetadata" : {
        "metadata" : { }
      },
      "parametersMetadata" : {
        "metadata" : { }
      }
    }, {
      "majorSchemaVersion" : 3,
      "name" : "Vendor_portal-destination",
      "properties" : { },
      "parameters" : { },
      "propertiesMetadata" : {
        "metadata" : { }
      },
      "parametersMetadata" : {
        "metadata" : { }
      }
    } ],
    "providedDependencies" : [ {
      "majorSchemaVersion" : 3,
      "name" : "srv-api",
      "isPublic" : false,
      "properties" : {
        "srv-url" : "https://a17ff4fftrial-dev-vendor-portal-srv.cfapps.us10-001.hana.ondemand.com"
      },
      "parameters" : { },
      "propertiesMetadata" : {
        "metadata" : { }
      },
      "parametersMetadata" : {
        "metadata" : { }
      }
    }, {
      "majorSchemaVersion" : 3,
      "name" : "Vendor_portal-srv",
      "isPublic" : false,
      "properties" : { },
      "parameters" : { },
      "propertiesMetadata" : {
        "metadata" : { }
      },
      "parametersMetadata" : {
        "metadata" : { }
      }
    } ],
    "propertiesMetadata" : {
      "metadata" : { }
    },
    "parametersMetadata" : {
      "metadata" : { }
    },
    "hooks" : [ ]
  }, {
    "majorSchemaVersion" : 3,
    "name" : "Vendor_portal-db-deployer",
    "type" : "com.sap.xs.hdi",
    "path" : "Vendor_portal-db-deployer",
    "properties" : {
      "EXIT" : 1
    },
    "parameters" : {
      "default-url" : "https://a17ff4fftrial-dev-vendor-portal-db-deployer.cfapps.us10-001.hana.ondemand.com",
      "default-app-name" : "Vendor_portal-db-deployer",
      "generated-password" : "********",
      "default-live-url" : "https://a17ff4fftrial-dev-vendor-portal-db-deployer.cfapps.us10-001.hana.ondemand.com",
      "default-uri" : "a17ff4fftrial-dev-vendor-portal-db-deployer.cfapps.us10-001.hana.ondemand.com",
      "memory" : "256M",
      "default-instances" : 1,
      "no-route" : true,
      "default-live-host" : "a17ff4fftrial-dev-vendor-portal-db-deployer",
      "instances" : 1,
      "buildpack" : "nodejs_buildpack",
      "default-host" : "a17ff4fftrial-dev-vendor-portal-db-deployer",
      "app-name" : "Vendor_portal-db-deployer",
      "default-live-uri" : "a17ff4fftrial-dev-vendor-portal-db-deployer.cfapps.us10-001.hana.ondemand.com",
      "protocol" : "https",
      "default-live-app-name" : "Vendor_portal-db-deployer",
      "default-live-domain" : "cfapps.us10-001.hana.ondemand.com",
      "dependency-type" : "hard",
      "domain" : "cfapps.us10-001.hana.ondemand.com",
      "host" : "a17ff4fftrial-dev-vendor-portal-db-deployer",
      "generated-user" : "********",
      "tasks" : [ {
        "command" : "npm start",
        "memory" : "256M",
        "name" : "deploy"
      } ],
      "no-start" : true
    },
    "requiredDependencies" : [ {
      "majorSchemaVersion" : 3,
      "name" : "Vendor_portal-db",
      "properties" : { },
      "parameters" : { },
      "propertiesMetadata" : {
        "metadata" : { }
      },
      "parametersMetadata" : {
        "metadata" : { }
      }
    } ],
    "providedDependencies" : [ {
      "majorSchemaVersion" : 3,
      "name" : "Vendor_portal-db-deployer",
      "isPublic" : false,
      "properties" : { },
      "parameters" : { },
      "propertiesMetadata" : {
        "metadata" : { }
      },
      "parametersMetadata" : {
        "metadata" : { }
      }
    } ],
    "propertiesMetadata" : {
      "metadata" : { }
    },
    "parametersMetadata" : {
      "metadata" : { }
    },
    "hooks" : [ ]
  }, {
    "majorSchemaVersion" : 3,
    "name" : "Vendor_portal-app-deployer",
    "type" : "com.sap.application.content",
    "path" : "Vendor_portal-app-deployer",
    "properties" : { },
    "parameters" : {
      "default-url" : "https://a17ff4fftrial-dev-vendor-portal-app-deployer.cfapps.us10-001.hana.ondemand.com",
      "default-app-name" : "Vendor_portal-app-deployer",
      "generated-password" : "********",
      "default-live-url" : "https://a17ff4fftrial-dev-vendor-portal-app-deployer.cfapps.us10-001.hana.ondemand.com",
      "default-uri" : "a17ff4fftrial-dev-vendor-portal-app-deployer.cfapps.us10-001.hana.ondemand.com",
      "default-instances" : 1,
      "default-live-host" : "a17ff4fftrial-dev-vendor-portal-app-deployer",
      "instances" : 1,
      "default-host" : "a17ff4fftrial-dev-vendor-portal-app-deployer",
      "app-name" : "Vendor_portal-app-deployer",
      "default-live-uri" : "a17ff4fftrial-dev-vendor-portal-app-deployer.cfapps.us10-001.hana.ondemand.com",
      "protocol" : "https",
      "default-live-app-name" : "Vendor_portal-app-deployer",
      "default-live-domain" : "cfapps.us10-001.hana.ondemand.com",
      "domain" : "cfapps.us10-001.hana.ondemand.com",
      "host" : "a17ff4fftrial-dev-vendor-portal-app-deployer",
      "generated-user" : "********",
      "config" : {
        "destinations" : [ {
          "Authentication" : "********",
          "HTML5.DynamicDestination" : true,
          "HTML5.ForwardAuthToken" : "********",
          "Name" : "srv-api",
          "ProxyType" : "Internet",
          "Type" : "HTTP",
          "URL" : "https://a17ff4fftrial-dev-vendor-portal-srv.cfapps.us10-001.hana.ondemand.com"
        } ]
      }
    },
    "requiredDependencies" : [ {
      "majorSchemaVersion" : 3,
      "name" : "********",
      "properties" : { },
      "parameters" : { },
      "propertiesMetadata" : {
        "metadata" : { }
      },
      "parametersMetadata" : {
        "metadata" : { }
      }
    }, {
      "majorSchemaVersion" : 3,
      "name" : "srv-api",
      "properties" : { },
      "parameters" : { },
      "propertiesMetadata" : {
        "metadata" : { }
      },
      "parametersMetadata" : {
        "metadata" : { }
      }
    }, {
      "majorSchemaVersion" : 3,
      "name" : "Vendor_portal-html5-repo-host",
      "properties" : { },
      "parameters" : {
        "config" : {
          "HTML5Runtime_enabled" : true
        },
        "content-target" : true
      },
      "propertiesMetadata" : {
        "metadata" : { }
      },
      "parametersMetadata" : {
        "metadata" : { }
      }
    } ],
    "providedDependencies" : [ {
      "majorSchemaVersion" : 3,
      "name" : "Vendor_portal-app-deployer",
      "isPublic" : false,
      "properties" : { },
      "parameters" : { },
      "propertiesMetadata" : {
        "metadata" : { }
      },
      "parametersMetadata" : {
        "metadata" : { }
      }
    } ],
    "propertiesMetadata" : {
      "metadata" : { }
    },
    "parametersMetadata" : {
      "metadata" : { }
    },
    "hooks" : [ ]
  }, {
    "majorSchemaVersion" : 3,
    "name" : "Vendor_portal",
    "type" : "javascript.nodejs",
    "path" : "Vendor_portal",
    "properties" : { },
    "parameters" : {
      "default-url" : "https://a17ff4fftrial-dev-vendor-portal.cfapps.us10-001.hana.ondemand.com",
      "default-app-name" : "Vendor_portal",
      "generated-password" : "********",
      "default-live-url" : "https://a17ff4fftrial-dev-vendor-portal.cfapps.us10-001.hana.ondemand.com",
      "default-uri" : "a17ff4fftrial-dev-vendor-portal.cfapps.us10-001.hana.ondemand.com",
      "memory" : "256M",
      "default-instances" : 1,
      "default-live-host" : "a17ff4fftrial-dev-vendor-portal",
      "instances" : 1,
      "default-host" : "a17ff4fftrial-dev-vendor-portal",
      "keep-existing-routes" : true,
      "app-name" : "Vendor_portal",
      "default-live-uri" : "a17ff4fftrial-dev-vendor-portal.cfapps.us10-001.hana.ondemand.com",
      "protocol" : "https",
      "default-live-app-name" : "Vendor_portal",
      "default-live-domain" : "cfapps.us10-001.hana.ondemand.com",
      "disk-quota" : "256M",
      "domain" : "cfapps.us10-001.hana.ondemand.com",
      "host" : "a17ff4fftrial-dev-vendor-portal",
      "generated-user" : "********"
    },
    "requiredDependencies" : [ {
      "majorSchemaVersion" : 3,
      "name" : "srv-api",
      "group" : "destinations",
      "properties" : {
        "name" : "srv-api",
        "forwardAuthToken" : "********",
        "url" : "https://a17ff4fftrial-dev-vendor-portal-srv.cfapps.us10-001.hana.ondemand.com"
      },
      "parameters" : { },
      "propertiesMetadata" : {
        "metadata" : { }
      },
      "parametersMetadata" : {
        "metadata" : { }
      }
    }, {
      "majorSchemaVersion" : 3,
      "name" : "********",
      "properties" : { },
      "parameters" : { },
      "propertiesMetadata" : {
        "metadata" : { }
      },
      "parametersMetadata" : {
        "metadata" : { }
      }
    }, {
      "majorSchemaVersion" : 3,
      "name" : "Vendor_portal-destination",
      "properties" : { },
      "parameters" : { },
      "propertiesMetadata" : {
        "metadata" : { }
      },
      "parametersMetadata" : {
        "metadata" : { }
      }
    }, {
      "majorSchemaVersion" : 3,
      "name" : "Vendor_portal-html5-runtime",
      "properties" : { },
      "parameters" : { },
      "propertiesMetadata" : {
        "metadata" : { }
      },
      "parametersMetadata" : {
        "metadata" : { }
      }
    } ],
    "providedDependencies" : [ {
      "majorSchemaVersion" : 3,
      "name" : "app-api",
      "isPublic" : false,
      "properties" : {
        "app-protocol" : "https",
        "app-uri" : "a17ff4fftrial-dev-vendor-portal.cfapps.us10-001.hana.ondemand.com"
      },
      "parameters" : { },
      "propertiesMetadata" : {
        "metadata" : { }
      },
      "parametersMetadata" : {
        "metadata" : { }
      }
    }, {
      "majorSchemaVersion" : 3,
      "name" : "Vendor_portal",
      "isPublic" : false,
      "properties" : { },
      "parameters" : { },
      "propertiesMetadata" : {
        "metadata" : { }
      },
      "parametersMetadata" : {
        "metadata" : { }
      }
    } ],
    "propertiesMetadata" : {
      "metadata" : { }
    },
    "parametersMetadata" : {
      "metadata" : { }
    },
    "hooks" : [ ]
  }, {
    "majorSchemaVersion" : 3,
    "name" : "Vendor_portal-destinations",
    "type" : "com.sap.application.content",
    "properties" : { },
    "parameters" : {
      "default-url" : "https://a17ff4fftrial-dev-vendor-portal-destinations.cfapps.us10-001.hana.ondemand.com",
      "default-app-name" : "Vendor_portal-destinations",
      "generated-password" : "********",
      "default-live-url" : "https://a17ff4fftrial-dev-vendor-portal-destinations.cfapps.us10-001.hana.ondemand.com",
      "default-uri" : "a17ff4fftrial-dev-vendor-portal-destinations.cfapps.us10-001.hana.ondemand.com",
      "default-instances" : 1,
      "default-live-host" : "a17ff4fftrial-dev-vendor-portal-destinations",
      "instances" : 1,
      "default-host" : "a17ff4fftrial-dev-vendor-portal-destinations",
      "content" : {
        "instance" : {
          "destinations" : [ {
            "Name" : "Vendor_portal-html5-repository",
            "ServiceInstanceName" : "Vendor_portal-html5-repo-host",
            "ServiceKeyName" : "********",
            "sap.cloud.service" : "Vendor_portal.service"
          }, {
            "Authentication" : "********",
            "Name" : "********",
            "ServiceInstanceName" : "********",
            "ServiceKeyName" : "********",
            "sap.cloud.service" : "Vendor_portal.service"
          } ],
          "existing_destinations_policy" : "update"
        }
      },
      "app-name" : "Vendor_portal-destinations",
      "default-live-uri" : "a17ff4fftrial-dev-vendor-portal-destinations.cfapps.us10-001.hana.ondemand.com",
      "protocol" : "https",
      "default-live-app-name" : "Vendor_portal-destinations",
      "default-live-domain" : "cfapps.us10-001.hana.ondemand.com",
      "domain" : "cfapps.us10-001.hana.ondemand.com",
      "host" : "a17ff4fftrial-dev-vendor-portal-destinations",
      "generated-user" : "********"
    },
    "requiredDependencies" : [ {
      "majorSchemaVersion" : 3,
      "name" : "********",
      "properties" : { },
      "parameters" : {
        "service-key" : "********"
      },
      "propertiesMetadata" : {
        "metadata" : { }
      },
      "parametersMetadata" : {
        "metadata" : { }
      }
    }, {
      "majorSchemaVersion" : 3,
      "name" : "Vendor_portal-html5-repo-host",
      "properties" : { },
      "parameters" : {
        "service-key" : "********"
      },
      "propertiesMetadata" : {
        "metadata" : { }
      },
      "parametersMetadata" : {
        "metadata" : { }
      }
    }, {
      "majorSchemaVersion" : 3,
      "name" : "srv-api",
      "properties" : { },
      "parameters" : { },
      "propertiesMetadata" : {
        "metadata" : { }
      },
      "parametersMetadata" : {
        "metadata" : { }
      }
    }, {
      "majorSchemaVersion" : 3,
      "name" : "Vendor_portal-destination",
      "properties" : { },
      "parameters" : {
        "content-target" : true
      },
      "propertiesMetadata" : {
        "metadata" : { }
      },
      "parametersMetadata" : {
        "metadata" : { }
      }
    } ],
    "providedDependencies" : [ {
      "majorSchemaVersion" : 3,
      "name" : "Vendor_portal-destinations",
      "isPublic" : false,
      "properties" : { },
      "parameters" : { },
      "propertiesMetadata" : {
        "metadata" : { }
      },
      "parametersMetadata" : {
        "metadata" : { }
      }
    } ],
    "propertiesMetadata" : {
      "metadata" : { }
    },
    "parametersMetadata" : {
      "metadata" : { }
    },
    "hooks" : [ ]
  } ],
  "resources" : [ {
    "majorSchemaVersion" : 3,
    "name" : "********",
    "type" : "org.cloudfoundry.managed-service",
    "properties" : { },
    "parameters" : {
      "generated-password" : "********",
      "path" : "./xs-security.json",
      "service-name" : "********",
      "service-plan" : "application",
      "service" : "xsuaa",
      "generated-user" : "********",
      "default-xsappname" : "********",
      "type" : "managed-service",
      "config" : {
        "oauth2-configuration" : "********",
        "tenant-mode" : "dedicated",
        "xsappname" : "Vendor_portal-a17ff4fftrial-dev"
      },
      "default-service-name" : "********",
      "default-container-name" : "********"
    },
    "isActive" : true,
    "isOptional" : false,
    "propertiesMetadata" : {
      "metadata" : { }
    },
    "parametersMetadata" : {
      "metadata" : { }
    },
    "requiredDependencies" : [ {
      "majorSchemaVersion" : 3,
      "name" : "app-api",
      "properties" : { },
      "parameters" : { },
      "propertiesMetadata" : {
        "metadata" : { }
      },
      "parametersMetadata" : {
        "metadata" : { }
      }
    } ],
    "processedAfter" : [ ]
  }, {
    "majorSchemaVersion" : 3,
    "name" : "Vendor_portal-db",
    "type" : "com.sap.xs.hdi-container",
    "properties" : { },
    "parameters" : {
      "generated-password" : "********",
      "service-name" : "Vendor_portal-db",
      "service-plan" : "hdi-shared",
      "service" : "hana",
      "generated-user" : "********",
      "default-xsappname" : "Vendor_portal-db",
      "type" : "managed-service",
      "default-service-name" : "Vendor_portal-db",
      "default-container-name" : "A17FF4FFTRIAL_DEV_VENDOR_PORTAL_DB"
    },
    "isActive" : true,
    "isOptional" : false,
    "propertiesMetadata" : {
      "metadata" : { }
    },
    "parametersMetadata" : {
      "metadata" : { }
    },
    "requiredDependencies" : [ ],
    "processedAfter" : [ ]
  }, {
    "majorSchemaVersion" : 3,
    "name" : "Vendor_portal-destination",
    "type" : "org.cloudfoundry.managed-service",
    "properties" : { },
    "parameters" : {
      "generated-password" : "********",
      "service-name" : "Vendor_portal-destination",
      "service-plan" : "lite",
      "service" : "destination",
      "generated-user" : "********",
      "default-xsappname" : "Vendor_portal-destination",
      "type" : "managed-service",
      "default-service-name" : "Vendor_portal-destination",
      "default-container-name" : "A17FF4FFTRIAL_DEV_VENDOR_PORTAL_DESTINATION"
    },
    "isActive" : true,
    "isOptional" : false,
    "propertiesMetadata" : {
      "metadata" : { }
    },
    "parametersMetadata" : {
      "metadata" : { }
    },
    "requiredDependencies" : [ {
      "majorSchemaVersion" : 3,
      "name" : "srv-api",
      "properties" : { },
      "parameters" : { },
      "propertiesMetadata" : {
        "metadata" : { }
      },
      "parametersMetadata" : {
        "metadata" : { }
      }
    } ],
    "processedAfter" : [ ]
  }, {
    "majorSchemaVersion" : 3,
    "name" : "Vendor_portal-html5-repo-host",
    "type" : "org.cloudfoundry.managed-service",
    "properties" : { },
    "parameters" : {
      "generated-password" : "********",
      "service-name" : "Vendor_portal-html5-repo-host",
      "service-plan" : "app-host",
      "service" : "html5-apps-repo",
      "generated-user" : "********",
      "default-xsappname" : "Vendor_portal-html5-repo-host",
      "type" : "managed-service",
      "default-service-name" : "Vendor_portal-html5-repo-host",
      "default-container-name" : "A17FF4FFTRIAL_DEV_VENDOR_PORTAL_HTML5_REPO_HOST"
    },
    "isActive" : true,
    "isOptional" : false,
    "propertiesMetadata" : {
      "metadata" : { }
    },
    "parametersMetadata" : {
      "metadata" : { }
    },
    "requiredDependencies" : [ ],
    "processedAfter" : [ ]
  }, {
    "majorSchemaVersion" : 3,
    "name" : "Vendor_portal-html5-runtime",
    "type" : "org.cloudfoundry.managed-service",
    "properties" : { },
    "parameters" : {
      "generated-password" : "********",
      "service-name" : "Vendor_portal-html5-runtime",
      "service-plan" : "app-runtime",
      "service" : "html5-apps-repo",
      "generated-user" : "********",
      "default-xsappname" : "Vendor_portal-html5-runtime",
      "type" : "managed-service",
      "default-service-name" : "Vendor_portal-html5-runtime",
      "default-container-name" : "A17FF4FFTRIAL_DEV_VENDOR_PORTAL_HTML5_RUNTIME"
    },
    "isActive" : true,
    "isOptional" : false,
    "propertiesMetadata" : {
      "metadata" : { }
    },
    "parametersMetadata" : {
      "metadata" : { }
    },
    "requiredDependencies" : [ ],
    "processedAfter" : [ ]
  } ],
  "parameters" : {
    "deploy_mode" : "html5-repo",
    "mta-id" : "Vendor_portal",
    "authorization-url" : "********",
    "org-guid" : "87b32d9e-9c3e-4c0f-a9e8-c141fcaf6941",
    "org" : "a17ff4fftrial",
    "deploy-target" : "a17ff4fftrial dev",
    "enable-parallel-deployments" : true,
    "region-primary-domain" : "us10.hana.ondemand.com",
    "space" : "dev",
    "region-domain" : "us10-001.hana.ondemand.com",
    "xs-api-url" : "https://api.cf.us10-001.hana.ondemand.com",
    "deploy-url" : "deploy-service.cfapps.us10-001.hana.ondemand.com",
    "xs-type" : "CF",
    "default-domain" : "cfapps.us10-001.hana.ondemand.com",
    "mta-version" : "1.0.0",
    "xs-auth-url" : "********",
    "space-guid" : "25c4b79f-ec1f-4f41-8212-286dd3a0616c",
    "user" : "********",
    "controller-url" : "https://api.cf.us10-001.hana.ondemand.com",
    "timestamp" : "20260531180728"
  },
  "parametersMetadata" : {
    "metadata" : { }
  }
}#
#2026 05 31 18:07:47.117#Z#DEBUG#96214937-5d1b-11f1-bf65-eeee0a9fba87.OPERATION#flowable-async-job-executor-thread-34911#
[ProcessDescriptorStep] Merged descriptor properties and parameters resolved#
#2026 05 31 18:07:47.117#Z#DEBUG#96214937-5d1b-11f1-bf65-eeee0a9fba87.OPERATION#flowable-async-job-executor-thread-34911#
Step "Re-Process Descriptor Step" finished#
#2026 05 31 18:07:47.144#Z#DEBUG#96214937-5d1b-11f1-bf65-eeee0a9fba87.OPERATION#flowable-async-job-executor-thread-34911#
[BuildApplicationDeployModelStep] Executing task "buildApplicationDeployModelTask" of process "a0e6b4ba-5d1b-11f1-8a04-eeee0a89be1e"...#
#2026 05 31 18:07:47.145#Z#DEBUG#96214937-5d1b-11f1-bf65-eeee0a9fba87.OPERATION#flowable-async-job-executor-thread-34911#
[BuildApplicationDeployModelStep] Building cloud deployment model for application "Vendor_portal-db-deployer"...#
#2026 05 31 18:07:47.150#Z#DEBUG#96214937-5d1b-11f1-bf65-eeee0a9fba87.OPERATION#flowable-async-job-executor-thread-34911#
[BuildApplicationDeployModelStep] No health-check-type is specified. Setting default type: port#
#2026 05 31 18:07:47.150#Z#INFO#96214937-5d1b-11f1-bf65-eeee0a9fba87.OPERATION#flowable-async-job-executor-thread-34911#
[BuildApplicationDeployModelStep] Building configuration entries for org a17ff4fftrial, space dev, spaceId 25c4b79f-ec1f-4f41-8212-286dd3a0616c and namespace null!#
#2026 05 31 18:07:47.151#Z#DEBUG#96214937-5d1b-11f1-bf65-eeee0a9fba87.OPERATION#flowable-async-job-executor-thread-34911#
[BuildApplicationDeployModelStep] Configuration entries to publish: [ ]#
#2026 05 31 18:07:47.151#Z#DEBUG#96214937-5d1b-11f1-bf65-eeee0a9fba87.OPERATION#flowable-async-job-executor-thread-34911#
[BuildApplicationDeployModelStep] Cloud deployment model for application built#
#2026 05 31 18:07:47.151#Z#DEBUG#96214937-5d1b-11f1-bf65-eeee0a9fba87.OPERATION#flowable-async-job-executor-thread-34911#
Step "Build Application Deploy Model" finished#
#2026 05 31 18:07:46.998#Z#DEBUG#96214937-5d1b-11f1-bf65-eeee0a9fba87.OPERATION#flowable-async-job-executor-thread-11610#
[BuildContentDeploymentConfigurationStep] Executing task "buildContentDeploymentConfigurationTask" of process "a0d4b26b-5d1b-11f1-bf4f-eeee0a913b38"...#
#2026 05 31 18:07:47.006#Z#DEBUG#96214937-5d1b-11f1-bf65-eeee0a9fba87.OPERATION#ForkJoinPool-133-worker-1#
[BuildContentDeploymentConfigurationStep] Getting service key "Vendor_portal-html5-repo-host-key" for service instance "Vendor_portal-html5-repo-host"...#
#2026 05 31 18:07:47.007#Z#DEBUG#96214937-5d1b-11f1-bf65-eeee0a9fba87.OPERATION#ForkJoinPool-133-worker-2#
[BuildContentDeploymentConfigurationStep] Getting service key "Vendor_portal-auth-key" for service instance "Vendor_portal-auth"...#
#2026 05 31 18:07:47.007#Z#DEBUG#96214937-5d1b-11f1-bf65-eeee0a9fba87.OPERATION#ForkJoinPool-133-worker-3#
[BuildContentDeploymentConfigurationStep] Getting service key "Vendor_portal-destinations-Vendor_portal-destination-credentials" for service instance "Vendor_portal-destination"...#
#2026 05 31 18:07:47.187#Z#INFO#96214937-5d1b-11f1-bf65-eeee0a9fba87.OPERATION#ForkJoinPool-133-worker-1#
[BuildContentDeploymentConfigurationStep] Service key "Vendor_portal-html5-repo-host-key" for service "Vendor_portal-html5-repo-host" already exists#
#2026 05 31 18:07:47.204#Z#INFO#96214937-5d1b-11f1-bf65-eeee0a9fba87.OPERATION#ForkJoinPool-133-worker-3#
[BuildContentDeploymentConfigurationStep] Service key "Vendor_portal-destinations-Vendor_portal-destination-credentials" for service "Vendor_portal-destination" already exists#
#2026 05 31 18:07:47.212#Z#INFO#96214937-5d1b-11f1-bf65-eeee0a9fba87.OPERATION#ForkJoinPool-133-worker-2#
[BuildContentDeploymentConfigurationStep] Service key "Vendor_portal-auth-key" for service "Vendor_portal-auth" already exists#
#2026 05 31 18:07:47.223#Z#DEBUG#96214937-5d1b-11f1-bf65-eeee0a9fba87.OPERATION#flowable-async-job-executor-thread-11610#
Step "Build Content Deployment Configuration" finished#
#2026 05 31 18:07:47.229#Z#DEBUG#96214937-5d1b-11f1-bf65-eeee0a9fba87.OPERATION#flowable-async-job-executor-thread-11610#
[CreateContentDeployClientConfigurationStep] Executing task "createContentDeployClientConfigurationTask" of process "a106bf6e-5d1b-11f1-bf4f-eeee0a913b38"...#
#2026 05 31 18:07:47.230#Z#DEBUG#96214937-5d1b-11f1-bf65-eeee0a9fba87.OPERATION#flowable-async-job-executor-thread-11610#
[CreateContentDeployClientConfigurationStep] Content deployer client configuration: {
  "contentDeployerUrl" : "https://destination-configuration.cfapps.us10.hana.ondemand.com/destination-configuration/gacd",
  "uaaClientConfiguration" : {
    "url" : "********",
    "credentials" : "********",
    "authenticationStrategyType" : "********"
  },
  "httpRequestHeaders" : {
    "X-CorrelationID" : "96214937-5d1b-11f1-bf65-eeee0a9fba87"
  },
  "spaceId" : "25c4b79f-ec1f-4f41-8212-286dd3a0616c",
  "serviceName" : "Vendor_portal-destination"
}#
#2026 05 31 18:07:47.407#Z#DEBUG#96214937-5d1b-11f1-bf65-eeee0a9fba87.OPERATION#flowable-async-job-executor-thread-11610#
Step "Create Content Deploy Client Configuration" finished#
#2026 05 31 18:07:47.410#Z#DEBUG#96214937-5d1b-11f1-bf65-eeee0a9fba87.OPERATION#flowable-async-job-executor-thread-11610#
[GetContentFromDeploymentDescriptorStep] Executing task "getContentFromDeploymentDescriptorTask" of process "a106bf6e-5d1b-11f1-bf4f-eeee0a913b38"...#
#2026 05 31 18:07:47.410#Z#DEBUG#96214937-5d1b-11f1-bf65-eeee0a9fba87.OPERATION#flowable-async-job-executor-thread-11610#
[GetContentFromDeploymentDescriptorStep] Content for module: "Vendor_portal-destinations" is: "{
  "id" : "e5a3a58a-d313-4cf7-bfaa-1d74ffd095de",
  "contentType" : "EMBEDDED",
  "content" : {
    "instance" : {
      "destinations" : [ {
        "Name" : "Vendor_portal-html5-repository",
        "ServiceInstanceName" : "Vendor_portal-html5-repo-host",
        "ServiceKeyName" : "********",
        "sap.cloud.service" : "Vendor_portal.service"
      }, {
        "Authentication" : "********",
        "Name" : "********",
        "ServiceInstanceName" : "********",
        "ServiceKeyName" : "********",
        "sap.cloud.service" : "Vendor_portal.service"
      } ],
      "existing_destinations_policy" : "update"
    }
  }
}"#
#2026 05 31 18:07:47.410#Z#DEBUG#96214937-5d1b-11f1-bf65-eeee0a9fba87.OPERATION#flowable-async-job-executor-thread-11610#
Step "Get Content From Deployment Descriptor" finished#
#2026 05 31 18:07:47.002#Z#DEBUG#96214937-5d1b-11f1-bf65-eeee0a9fba87.OPERATION#flowable-async-job-executor-thread-11609#
[CreateOrUpdateAppStep] Executing task "createAppTask" of process "a0b766a2-5d1b-11f1-bf4f-eeee0a913b38"...#
#2026 05 31 18:07:47.004#Z#DEBUG#96214937-5d1b-11f1-bf65-eeee0a9fba87.OPERATION#flowable-async-job-executor-thread-11609#
[CreateOrUpdateAppStep] Getting application "Vendor_portal-srv"...#
#2026 05 31 18:07:47.053#Z#INFO#96214937-5d1b-11f1-bf65-eeee0a9fba87.OPERATION#flowable-async-job-executor-thread-11609#
[CreateOrUpdateAppStep] Updating application "Vendor_portal-srv"...#
#2026 05 31 18:07:47.070#Z#DEBUG#96214937-5d1b-11f1-bf65-eeee0a9fba87.OPERATION#flowable-async-job-executor-thread-11609#
[CreateOrUpdateAppStep] Getting process for application "f3610358-e791-4b3a-8047-269077eb9aff"...#
#2026 05 31 18:07:47.101#Z#DEBUG#96214937-5d1b-11f1-bf65-eeee0a9fba87.OPERATION#flowable-async-job-executor-thread-11609#
[CreateOrUpdateAppStep] Getting routes for application "f3610358-e791-4b3a-8047-269077eb9aff"...#
#2026 05 31 18:07:47.145#Z#DEBUG#96214937-5d1b-11f1-bf65-eeee0a9fba87.OPERATION#flowable-async-job-executor-thread-11609#
[CreateOrUpdateAppStep] Getting features for application "f3610358-e791-4b3a-8047-269077eb9aff"#
#2026 05 31 18:07:47.170#Z#DEBUG#96214937-5d1b-11f1-bf65-eeee0a9fba87.OPERATION#flowable-async-job-executor-thread-11609#
[CreateOrUpdateAppStep] Updating staging of application "Vendor_portal-srv" to: {
  "buildpacks" : [ "nodejs_buildpack" ],
  "healthCheckType" : "port",
  "appFeatures" : { }
}#
#2026 05 31 18:07:47.371#Z#DEBUG#96214937-5d1b-11f1-bf65-eeee0a9fba87.OPERATION#flowable-async-job-executor-thread-11609#
[CreateOrUpdateAppStep] Application "Vendor_portal-srv" updated#
#2026 05 31 18:07:47.371#Z#DEBUG#96214937-5d1b-11f1-bf65-eeee0a9fba87.OPERATION#flowable-async-job-executor-thread-11609#
[CreateOrUpdateAppStep] Getting environment of application "f3610358-e791-4b3a-8047-269077eb9aff"...#
#2026 05 31 18:07:47.436#Z#DEBUG#96214937-5d1b-11f1-bf65-eeee0a9fba87.OPERATION#flowable-async-job-executor-thread-11609#
[CreateOrUpdateAppStep] Application "Vendor_portal-srv" updated#
#2026 05 31 18:07:47.436#Z#DEBUG#96214937-5d1b-11f1-bf65-eeee0a9fba87.OPERATION#flowable-async-job-executor-thread-11609#
Step "Create App" finished#
#2026 05 31 18:07:47.187#Z#DEBUG#96214937-5d1b-11f1-bf65-eeee0a9fba87.OPERATION#flowable-async-job-executor-thread-34911#
[CreateOrUpdateAppStep] Executing task "createAppTask" of process "a0e6b4ba-5d1b-11f1-8a04-eeee0a89be1e"...#
#2026 05 31 18:07:47.188#Z#DEBUG#96214937-5d1b-11f1-bf65-eeee0a9fba87.OPERATION#flowable-async-job-executor-thread-34911#
[CreateOrUpdateAppStep] Getting application "Vendor_portal-db-deployer"...#
#2026 05 31 18:07:47.224#Z#INFO#96214937-5d1b-11f1-bf65-eeee0a9fba87.OPERATION#flowable-async-job-executor-thread-34911#
[CreateOrUpdateAppStep] Updating application "Vendor_portal-db-deployer"...#
#2026 05 31 18:07:47.229#Z#DEBUG#96214937-5d1b-11f1-bf65-eeee0a9fba87.OPERATION#flowable-async-job-executor-thread-34911#
[CreateOrUpdateAppStep] Getting process for application "718baf92-0d5b-4a96-b0c8-87425390867d"...#
#2026 05 31 18:07:47.261#Z#DEBUG#96214937-5d1b-11f1-bf65-eeee0a9fba87.OPERATION#flowable-async-job-executor-thread-34911#
[CreateOrUpdateAppStep] Getting routes for application "718baf92-0d5b-4a96-b0c8-87425390867d"...#
#2026 05 31 18:07:47.290#Z#DEBUG#96214937-5d1b-11f1-bf65-eeee0a9fba87.OPERATION#flowable-async-job-executor-thread-34911#
[CreateOrUpdateAppStep] Getting features for application "718baf92-0d5b-4a96-b0c8-87425390867d"#
#2026 05 31 18:07:47.307#Z#DEBUG#96214937-5d1b-11f1-bf65-eeee0a9fba87.OPERATION#flowable-async-job-executor-thread-34911#
[CreateOrUpdateAppStep] Updating staging of application "Vendor_portal-db-deployer" to: {
  "buildpacks" : [ "nodejs_buildpack" ],
  "healthCheckType" : "port",
  "appFeatures" : { }
}#
#2026 05 31 18:07:47.491#Z#DEBUG#96214937-5d1b-11f1-bf65-eeee0a9fba87.OPERATION#flowable-async-job-executor-thread-34911#
[CreateOrUpdateAppStep] Application "Vendor_portal-db-deployer" updated#
#2026 05 31 18:07:47.491#Z#DEBUG#96214937-5d1b-11f1-bf65-eeee0a9fba87.OPERATION#flowable-async-job-executor-thread-34911#
[CreateOrUpdateAppStep] Getting environment of application "718baf92-0d5b-4a96-b0c8-87425390867d"...#
#2026 05 31 18:07:47.556#Z#DEBUG#96214937-5d1b-11f1-bf65-eeee0a9fba87.OPERATION#flowable-async-job-executor-thread-34911#
[CreateOrUpdateAppStep] Application "Vendor_portal-db-deployer" updated#
#2026 05 31 18:07:47.556#Z#DEBUG#96214937-5d1b-11f1-bf65-eeee0a9fba87.OPERATION#flowable-async-job-executor-thread-34911#
Step "Create App" finished#
#2026 05 31 18:07:47.646#Z#DEBUG#96214937-5d1b-11f1-bf65-eeee0a9fba87.OPERATION#flowable-async-job-executor-thread-34911#
[CheckServiceBindingOperationStep] Executing task "checkForServiceBindingOperationInProgress" of process "a140e21e-5d1b-11f1-8a04-eeee0a89be1e"...#
#2026 05 31 18:07:47.646#Z#DEBUG#96214937-5d1b-11f1-bf65-eeee0a9fba87.OPERATION#flowable-async-job-executor-thread-34911#
[CheckServiceBindingOperationStep] Checking for service binding operation in progress between app "Vendor_portal-db-deployer" and service instance "Vendor_portal-db"#
#2026 05 31 18:07:47.647#Z#DEBUG#96214937-5d1b-11f1-bf65-eeee0a9fba87.OPERATION#flowable-async-job-executor-thread-34911#
[CheckServiceBindingOperationStep] Getting application guid "Vendor_portal-db-deployer"...#
#2026 05 31 18:07:47.686#Z#DEBUG#96214937-5d1b-11f1-bf65-eeee0a9fba87.OPERATION#flowable-async-job-executor-thread-34911#
[CheckServiceBindingOperationStep] Getting GUID of required service instance "Vendor_portal-db"...#
#2026 05 31 18:07:47.715#Z#DEBUG#96214937-5d1b-11f1-bf65-eeee0a9fba87.OPERATION#flowable-async-job-executor-thread-34911#
[CheckServiceBindingOperationStep] Getting binding of service instance "adcecc63-16ef-49a6-bfe4-ceb5945703c3" with application "718baf92-0d5b-4a96-b0c8-87425390867d"...#
#2026 05 31 18:07:47.741#Z#DEBUG#96214937-5d1b-11f1-bf65-eeee0a9fba87.OPERATION#flowable-async-job-executor-thread-34911#
[CheckServiceBindingOperationStep] Service binding operation "de713ab4-a1c7-46dd-94ce-18ce6a88fdcb" with type "create" is in state "succeeded"#
#2026 05 31 18:07:47.741#Z#DEBUG#96214937-5d1b-11f1-bf65-eeee0a9fba87.OPERATION#flowable-async-job-executor-thread-34911#
Step "Check For Service Binding Operation In Progress" finished#
#2026 05 31 18:07:47.625#Z#DEBUG#96214937-5d1b-11f1-bf65-eeee0a9fba87.OPERATION#flowable-async-job-executor-thread-11615#
[CheckServiceBindingOperationStep] Executing task "checkForServiceBindingOperationInProgress" of process "a13681ac-5d1b-11f1-bf4f-eeee0a913b38"...#
#2026 05 31 18:07:47.625#Z#DEBUG#96214937-5d1b-11f1-bf65-eeee0a9fba87.OPERATION#flowable-async-job-executor-thread-11615#
[CheckServiceBindingOperationStep] Checking for service binding operation in progress between app "Vendor_portal-srv" and service instance "Vendor_portal-db"#
#2026 05 31 18:07:47.629#Z#DEBUG#96214937-5d1b-11f1-bf65-eeee0a9fba87.OPERATION#flowable-async-job-executor-thread-11615#
[CheckServiceBindingOperationStep] Getting application guid "Vendor_portal-srv"...#
#2026 05 31 18:07:47.672#Z#DEBUG#96214937-5d1b-11f1-bf65-eeee0a9fba87.OPERATION#flowable-async-job-executor-thread-11615#
[CheckServiceBindingOperationStep] Getting GUID of required service instance "Vendor_portal-db"...#
#2026 05 31 18:07:47.708#Z#DEBUG#96214937-5d1b-11f1-bf65-eeee0a9fba87.OPERATION#flowable-async-job-executor-thread-11615#
[CheckServiceBindingOperationStep] Getting binding of service instance "adcecc63-16ef-49a6-bfe4-ceb5945703c3" with application "f3610358-e791-4b3a-8047-269077eb9aff"...#
#2026 05 31 18:07:47.741#Z#DEBUG#96214937-5d1b-11f1-bf65-eeee0a9fba87.OPERATION#flowable-async-job-executor-thread-11615#
[CheckServiceBindingOperationStep] Service binding operation "a5bd1537-c924-4750-b1d4-71af7d933ffc" with type "create" is in state "succeeded"#
#2026 05 31 18:07:47.741#Z#DEBUG#96214937-5d1b-11f1-bf65-eeee0a9fba87.OPERATION#flowable-async-job-executor-thread-11615#
Step "Check For Service Binding Operation In Progress" finished#
#2026 05 31 18:07:47.412#Z#DEBUG#96214937-5d1b-11f1-bf65-eeee0a9fba87.OPERATION#flowable-async-job-executor-thread-11610#
[SynchronousContentDeployStep] Executing task "synchronousContentDeployTask" of process "a106bf6e-5d1b-11f1-bf4f-eeee0a913b38"...#
#2026 05 31 18:07:47.412#Z#INFO#96214937-5d1b-11f1-bf65-eeee0a9fba87.OPERATION#flowable-async-job-executor-thread-11610#
[SynchronousContentDeployStep] Deploying content module "Vendor_portal-destinations" in target service "Vendor_portal-destination"...#
#2026 05 31 18:07:47.605#Z#DEBUG#96214937-5d1b-11f1-bf65-eeee0a9fba87.OPERATION#flowable-async-job-executor-thread-11610#
[SynchronousContentDeployStep] Processing inline content upload for module: Vendor_portal-destinations#
#2026 05 31 18:07:47.901#Z#DEBUG#96214937-5d1b-11f1-bf65-eeee0a9fba87.OPERATION#flowable-async-job-executor-thread-11610#
Step "Synchronous Deploy" finished#
#2026 05 31 18:07:47.777#Z#DEBUG#96214937-5d1b-11f1-bf65-eeee0a9fba87.OPERATION#flowable-async-job-executor-thread-11615#
[DetermineApplicationServiceBindingActionsStep] Executing task "determineApplicationServiceBindingActionsTask" of process "a13681ac-5d1b-11f1-bf4f-eeee0a913b38"...#
#2026 05 31 18:07:47.779#Z#DEBUG#96214937-5d1b-11f1-bf65-eeee0a9fba87.OPERATION#flowable-async-job-executor-thread-11615#
[DetermineApplicationServiceBindingActionsStep] Determine bind/unbind operations of application "Vendor_portal-srv" to service instance "Vendor_portal-db"#
#2026 05 31 18:07:47.779#Z#DEBUG#96214937-5d1b-11f1-bf65-eeee0a9fba87.OPERATION#flowable-async-job-executor-thread-11615#
[DetermineApplicationServiceBindingActionsStep] Getting application "Vendor_portal-srv"...#
#2026 05 31 18:07:47.823#Z#DEBUG#96214937-5d1b-11f1-bf65-eeee0a9fba87.OPERATION#flowable-async-job-executor-thread-11615#
[DetermineApplicationServiceBindingActionsStep] Binding parameters for application "Vendor_portal-srv": { }#
#2026 05 31 18:07:47.859#Z#DEBUG#96214937-5d1b-11f1-bf65-eeee0a9fba87.OPERATION#flowable-async-job-executor-thread-11615#
[DetermineApplicationServiceBindingActionsStep] Check should rebind application "Vendor_portal-srv" and service instance "Vendor_portal-db"#
#2026 05 31 18:07:47.859#Z#DEBUG#96214937-5d1b-11f1-bf65-eeee0a9fba87.OPERATION#flowable-async-job-executor-thread-11615#
[DetermineApplicationServiceBindingActionsStep] Getting GUID of required service instance "Vendor_portal-db"...#
#2026 05 31 18:07:47.891#Z#DEBUG#96214937-5d1b-11f1-bf65-eeee0a9fba87.OPERATION#flowable-async-job-executor-thread-11615#
[DetermineApplicationServiceBindingActionsStep] Getting binding of service instance "adcecc63-16ef-49a6-bfe4-ceb5945703c3" with application "f3610358-e791-4b3a-8047-269077eb9aff"...#
#2026 05 31 18:07:47.918#Z#DEBUG#96214937-5d1b-11f1-bf65-eeee0a9fba87.OPERATION#flowable-async-job-executor-thread-11615#
[DetermineApplicationServiceBindingActionsStep] Getting parameters of service binding "a5bd1537-c924-4750-b1d4-71af7d933ffc"...#
#2026 05 31 18:07:48.108#Z#INFO#96214937-5d1b-11f1-bf65-eeee0a9fba87.OPERATION#flowable-async-job-executor-thread-11615#
[DetermineApplicationServiceBindingActionsStep] Service instance "Vendor_portal-db" will not be rebound to application "Vendor_portal-srv" because the binding parameters are not modified#
#2026 05 31 18:07:48.114#Z#DEBUG#96214937-5d1b-11f1-bf65-eeee0a9fba87.OPERATION#flowable-async-job-executor-thread-11615#
[DetermineApplicationServiceBindingActionsStep] Calculated binding operations between application "Vendor_portal-srv" and service instance "Vendor_portal-db": unbind - false bind - false#
#2026 05 31 18:07:48.114#Z#DEBUG#96214937-5d1b-11f1-bf65-eeee0a9fba87.OPERATION#flowable-async-job-executor-thread-11615#
Step "Determine Application Service Binding Actions" finished#
#2026 05 31 18:07:47.770#Z#DEBUG#96214937-5d1b-11f1-bf65-eeee0a9fba87.OPERATION#flowable-async-job-executor-thread-34911#
[DetermineApplicationServiceBindingActionsStep] Executing task "determineApplicationServiceBindingActionsTask" of process "a140e21e-5d1b-11f1-8a04-eeee0a89be1e"...#
#2026 05 31 18:07:47.772#Z#DEBUG#96214937-5d1b-11f1-bf65-eeee0a9fba87.OPERATION#flowable-async-job-executor-thread-34911#
[DetermineApplicationServiceBindingActionsStep] Determine bind/unbind operations of application "Vendor_portal-db-deployer" to service instance "Vendor_portal-db"#
#2026 05 31 18:07:47.772#Z#DEBUG#96214937-5d1b-11f1-bf65-eeee0a9fba87.OPERATION#flowable-async-job-executor-thread-34911#
[DetermineApplicationServiceBindingActionsStep] Getting application "Vendor_portal-db-deployer"...#
#2026 05 31 18:07:47.811#Z#DEBUG#96214937-5d1b-11f1-bf65-eeee0a9fba87.OPERATION#flowable-async-job-executor-thread-34911#
[DetermineApplicationServiceBindingActionsStep] Binding parameters for application "Vendor_portal-db-deployer": { }#
#2026 05 31 18:07:47.840#Z#DEBUG#96214937-5d1b-11f1-bf65-eeee0a9fba87.OPERATION#flowable-async-job-executor-thread-34911#
[DetermineApplicationServiceBindingActionsStep] Check should rebind application "Vendor_portal-db-deployer" and service instance "Vendor_portal-db"#
#2026 05 31 18:07:47.840#Z#DEBUG#96214937-5d1b-11f1-bf65-eeee0a9fba87.OPERATION#flowable-async-job-executor-thread-34911#
[DetermineApplicationServiceBindingActionsStep] Getting GUID of required service instance "Vendor_portal-db"...#
#2026 05 31 18:07:47.876#Z#DEBUG#96214937-5d1b-11f1-bf65-eeee0a9fba87.OPERATION#flowable-async-job-executor-thread-34911#
[DetermineApplicationServiceBindingActionsStep] Getting binding of service instance "adcecc63-16ef-49a6-bfe4-ceb5945703c3" with application "718baf92-0d5b-4a96-b0c8-87425390867d"...#
#2026 05 31 18:07:47.906#Z#DEBUG#96214937-5d1b-11f1-bf65-eeee0a9fba87.OPERATION#flowable-async-job-executor-thread-34911#
[DetermineApplicationServiceBindingActionsStep] Getting parameters of service binding "de713ab4-a1c7-46dd-94ce-18ce6a88fdcb"...#
#2026 05 31 18:07:48.109#Z#INFO#96214937-5d1b-11f1-bf65-eeee0a9fba87.OPERATION#flowable-async-job-executor-thread-34911#
[DetermineApplicationServiceBindingActionsStep] Service instance "Vendor_portal-db" will not be rebound to application "Vendor_portal-db-deployer" because the binding parameters are not modified#
#2026 05 31 18:07:48.115#Z#DEBUG#96214937-5d1b-11f1-bf65-eeee0a9fba87.OPERATION#flowable-async-job-executor-thread-34911#
[DetermineApplicationServiceBindingActionsStep] Calculated binding operations between application "Vendor_portal-db-deployer" and service instance "Vendor_portal-db": unbind - false bind - false#
#2026 05 31 18:07:48.115#Z#DEBUG#96214937-5d1b-11f1-bf65-eeee0a9fba87.OPERATION#flowable-async-job-executor-thread-34911#
Step "Determine Application Service Binding Actions" finished#
#2026 05 31 18:07:48.205#Z#DEBUG#96214937-5d1b-11f1-bf65-eeee0a9fba87.OPERATION#flowable-async-job-executor-thread-34911#
[DetermineVcapServicesPropertiesChangedStep] Executing task "determineVcapServicesPropertiesChangedTask" of process "a1965485-5d1b-11f1-8a04-eeee0a89be1e"...#
#2026 05 31 18:07:48.206#Z#DEBUG#96214937-5d1b-11f1-bf65-eeee0a9fba87.OPERATION#flowable-async-job-executor-thread-34911#
[DetermineVcapServicesPropertiesChangedStep] VCAP_SERVICES properties for application "Vendor_portal-db-deployer" changed: false#
#2026 05 31 18:07:48.206#Z#DEBUG#96214937-5d1b-11f1-bf65-eeee0a9fba87.OPERATION#flowable-async-job-executor-thread-34911#
Step "Determine vcap services properties changed" finished#
#2026 05 31 18:07:48.237#Z#DEBUG#96214937-5d1b-11f1-bf65-eeee0a9fba87.OPERATION#flowable-async-job-executor-thread-34911#
[UploadAppStep] Executing task "uploadAppTask" of process "a1965485-5d1b-11f1-8a04-eeee0a89be1e"...#
#2026 05 31 18:07:48.239#Z#DEBUG#96214937-5d1b-11f1-bf65-eeee0a9fba87.OPERATION#flowable-async-job-executor-thread-34911#
[UploadAppStep] Application upload timeout is default one: 3,600 seconds#
#2026 05 31 18:07:48.239#Z#INFO#96214937-5d1b-11f1-bf65-eeee0a9fba87.OPERATION#flowable-async-job-executor-thread-34911#
[UploadAppStep] Uploading application "Vendor_portal-db-deployer"...#
#2026 05 31 18:07:48.247#Z#DEBUG#96214937-5d1b-11f1-bf65-eeee0a9fba87.OPERATION#flowable-async-job-executor-thread-34911#
[UploadAppStep] Getting application "Vendor_portal-db-deployer"...#
#2026 05 31 18:07:48.283#Z#DEBUG#96214937-5d1b-11f1-bf65-eeee0a9fba87.OPERATION#flowable-async-job-executor-thread-34911#
[UploadAppStep] Getting environment of application "718baf92-0d5b-4a96-b0c8-87425390867d"...#
#2026 05 31 18:07:48.330#Z#INFO#96214937-5d1b-11f1-bf65-eeee0a9fba87.OPERATION#flowable-async-job-executor-thread-34911#
[UploadAppStep] Calculating application digest: "Vendor_portal-db-deployer"#
#2026 05 31 18:07:48.413#Z#DEBUG#96214937-5d1b-11f1-bf65-eeee0a9fba87.OPERATION#flowable-async-job-executor-thread-34911#
Step "Upload App" finished#
#2026 05 31 18:07:49.920#Z#DEBUG#96214937-5d1b-11f1-bf65-eeee0a9fba87.OPERATION#flowable-async-job-executor-thread-11611#
[CheckServiceBindingOperationStep] Executing task "checkForServiceBindingOperationInProgress" of process "a298827e-5d1b-11f1-bf4f-eeee0a913b38"...#
#2026 05 31 18:07:49.921#Z#DEBUG#96214937-5d1b-11f1-bf65-eeee0a9fba87.OPERATION#flowable-async-job-executor-thread-11611#
[CheckServiceBindingOperationStep] Checking for service binding operation in progress between app "Vendor_portal-srv" and service instance "Vendor_portal-auth"#
#2026 05 31 18:07:49.921#Z#DEBUG#96214937-5d1b-11f1-bf65-eeee0a9fba87.OPERATION#flowable-async-job-executor-thread-11611#
[CheckServiceBindingOperationStep] Getting application guid "Vendor_portal-srv"...#
#2026 05 31 18:07:49.963#Z#DEBUG#96214937-5d1b-11f1-bf65-eeee0a9fba87.OPERATION#flowable-async-job-executor-thread-11611#
[CheckServiceBindingOperationStep] Getting GUID of required service instance "Vendor_portal-auth"...#
#2026 05 31 18:07:49.993#Z#DEBUG#96214937-5d1b-11f1-bf65-eeee0a9fba87.OPERATION#flowable-async-job-executor-thread-11611#
[CheckServiceBindingOperationStep] Getting binding of service instance "872c8647-a392-4436-bbf4-3eeead01a604" with application "f3610358-e791-4b3a-8047-269077eb9aff"...#
#2026 05 31 18:07:50.025#Z#DEBUG#96214937-5d1b-11f1-bf65-eeee0a9fba87.OPERATION#flowable-async-job-executor-thread-11610#
[CheckServiceBindingOperationStep] Executing task "checkForServiceBindingOperationInProgress" of process "a2a9999e-5d1b-11f1-bf4f-eeee0a913b38"...#
#2026 05 31 18:07:50.025#Z#DEBUG#96214937-5d1b-11f1-bf65-eeee0a9fba87.OPERATION#flowable-async-job-executor-thread-11610#
[CheckServiceBindingOperationStep] Checking for service binding operation in progress between app "Vendor_portal-srv" and service instance "Vendor_portal-destination"#
#2026 05 31 18:07:50.026#Z#DEBUG#96214937-5d1b-11f1-bf65-eeee0a9fba87.OPERATION#flowable-async-job-executor-thread-11610#
[CheckServiceBindingOperationStep] Getting application guid "Vendor_portal-srv"...#
#2026 05 31 18:07:50.031#Z#DEBUG#96214937-5d1b-11f1-bf65-eeee0a9fba87.OPERATION#flowable-async-job-executor-thread-11611#
[CheckServiceBindingOperationStep] Service binding operation "2decbe87-fc31-4eb8-abbd-b6186471af1e" with type "create" is in state "succeeded"#
#2026 05 31 18:07:50.031#Z#DEBUG#96214937-5d1b-11f1-bf65-eeee0a9fba87.OPERATION#flowable-async-job-executor-thread-11611#
Step "Check For Service Binding Operation In Progress" finished#
#2026 05 31 18:07:50.038#Z#DEBUG#96214937-5d1b-11f1-bf65-eeee0a9fba87.OPERATION#flowable-async-job-executor-thread-11612#
[ProcessDescriptorStep] Executing task "reprocessDescriptorTask" of process "a2a135db-5d1b-11f1-bf4f-eeee0a913b38"...#
#2026 05 31 18:07:50.039#Z#DEBUG#96214937-5d1b-11f1-bf65-eeee0a9fba87.OPERATION#flowable-async-job-executor-thread-11612#
[ProcessDescriptorStep] Resolving properties and parameters in merged descriptor...#
#2026 05 31 18:07:50.044#Z#DEBUG#96214937-5d1b-11f1-bf65-eeee0a9fba87.OPERATION#flowable-async-job-executor-thread-11612#
[ProcessDescriptorStep] Subscriptions: [ ]#
#2026 05 31 18:07:50.052#Z#DEBUG#96214937-5d1b-11f1-bf65-eeee0a9fba87.OPERATION#flowable-async-job-executor-thread-11612#
[ProcessDescriptorStep] MTA modules: [Vendor_portal, Vendor_portal-destinations, Vendor_portal-app-deployer, Vendor_portal-srv, Vendor_portal-db-deployer]#
#2026 05 31 18:07:50.056#Z#DEBUG#96214937-5d1b-11f1-bf65-eeee0a9fba87.OPERATION#flowable-async-job-executor-thread-11612#
[ProcessDescriptorStep] Resolved deployment descriptor: {
  "majorSchemaVersion" : 3,
  "schemaVersion" : "3.3.0",
  "id" : "Vendor_portal",
  "version" : "1.0.0",
  "modules" : [ {
    "majorSchemaVersion" : 3,
    "name" : "Vendor_portal-srv",
    "type" : "javascript.nodejs",
    "path" : "Vendor_portal-srv",
    "properties" : { },
    "parameters" : {
      "default-url" : "https://a17ff4fftrial-dev-vendor-portal-srv.cfapps.us10-001.hana.ondemand.com",
      "default-app-name" : "Vendor_portal-srv",
      "generated-password" : "********",
      "default-live-url" : "https://a17ff4fftrial-dev-vendor-portal-srv.cfapps.us10-001.hana.ondemand.com",
      "default-uri" : "a17ff4fftrial-dev-vendor-portal-srv.cfapps.us10-001.hana.ondemand.com",
      "default-instances" : 1,
      "default-live-host" : "a17ff4fftrial-dev-vendor-portal-srv",
      "instances" : 1,
      "buildpack" : "nodejs_buildpack",
      "default-host" : "a17ff4fftrial-dev-vendor-portal-srv",
      "app-name" : "Vendor_portal-srv",
      "default-live-uri" : "a17ff4fftrial-dev-vendor-portal-srv.cfapps.us10-001.hana.ondemand.com",
      "protocol" : "https",
      "default-live-app-name" : "Vendor_portal-srv",
      "default-live-domain" : "cfapps.us10-001.hana.ondemand.com",
      "domain" : "cfapps.us10-001.hana.ondemand.com",
      "host" : "a17ff4fftrial-dev-vendor-portal-srv",
      "generated-user" : "********"
    },
    "requiredDependencies" : [ {
      "majorSchemaVersion" : 3,
      "name" : "********",
      "properties" : { },
      "parameters" : { },
      "propertiesMetadata" : {
        "metadata" : { }
      },
      "parametersMetadata" : {
        "metadata" : { }
      }
    }, {
      "majorSchemaVersion" : 3,
      "name" : "Vendor_portal-db",
      "properties" : { },
      "parameters" : { },
      "propertiesMetadata" : {
        "metadata" : { }
      },
      "parametersMetadata" : {
        "metadata" : { }
      }
    }, {
      "majorSchemaVersion" : 3,
      "name" : "Vendor_portal-destination",
      "properties" : { },
      "parameters" : { },
      "propertiesMetadata" : {
        "metadata" : { }
      },
      "parametersMetadata" : {
        "metadata" : { }
      }
    } ],
    "providedDependencies" : [ {
      "majorSchemaVersion" : 3,
      "name" : "srv-api",
      "isPublic" : false,
      "properties" : {
        "srv-url" : "https://a17ff4fftrial-dev-vendor-portal-srv.cfapps.us10-001.hana.ondemand.com"
      },
      "parameters" : { },
      "propertiesMetadata" : {
        "metadata" : { }
      },
      "parametersMetadata" : {
        "metadata" : { }
      }
    }, {
      "majorSchemaVersion" : 3,
      "name" : "Vendor_portal-srv",
      "isPublic" : false,
      "properties" : { },
      "parameters" : { },
      "propertiesMetadata" : {
        "metadata" : { }
      },
      "parametersMetadata" : {
        "metadata" : { }
      }
    } ],
    "propertiesMetadata" : {
      "metadata" : { }
    },
    "parametersMetadata" : {
      "metadata" : { }
    },
    "hooks" : [ ]
  }, {
    "majorSchemaVersion" : 3,
    "name" : "Vendor_portal-db-deployer",
    "type" : "com.sap.xs.hdi",
    "path" : "Vendor_portal-db-deployer",
    "properties" : {
      "EXIT" : 1
    },
    "parameters" : {
      "default-url" : "https://a17ff4fftrial-dev-vendor-portal-db-deployer.cfapps.us10-001.hana.ondemand.com",
      "default-app-name" : "Vendor_portal-db-deployer",
      "generated-password" : "********",
      "default-live-url" : "https://a17ff4fftrial-dev-vendor-portal-db-deployer.cfapps.us10-001.hana.ondemand.com",
      "default-uri" : "a17ff4fftrial-dev-vendor-portal-db-deployer.cfapps.us10-001.hana.ondemand.com",
      "memory" : "256M",
      "default-instances" : 1,
      "no-route" : true,
      "default-live-host" : "a17ff4fftrial-dev-vendor-portal-db-deployer",
      "instances" : 1,
      "buildpack" : "nodejs_buildpack",
      "default-host" : "a17ff4fftrial-dev-vendor-portal-db-deployer",
      "app-name" : "Vendor_portal-db-deployer",
      "default-live-uri" : "a17ff4fftrial-dev-vendor-portal-db-deployer.cfapps.us10-001.hana.ondemand.com",
      "protocol" : "https",
      "default-live-app-name" : "Vendor_portal-db-deployer",
      "default-live-domain" : "cfapps.us10-001.hana.ondemand.com",
      "dependency-type" : "hard",
      "domain" : "cfapps.us10-001.hana.ondemand.com",
      "host" : "a17ff4fftrial-dev-vendor-portal-db-deployer",
      "generated-user" : "********",
      "tasks" : [ {
        "command" : "npm start",
        "memory" : "256M",
        "name" : "deploy"
      } ],
      "no-start" : true
    },
    "requiredDependencies" : [ {
      "majorSchemaVersion" : 3,
      "name" : "Vendor_portal-db",
      "properties" : { },
      "parameters" : { },
      "propertiesMetadata" : {
        "metadata" : { }
      },
      "parametersMetadata" : {
        "metadata" : { }
      }
    } ],
    "providedDependencies" : [ {
      "majorSchemaVersion" : 3,
      "name" : "Vendor_portal-db-deployer",
      "isPublic" : false,
      "properties" : { },
      "parameters" : { },
      "propertiesMetadata" : {
        "metadata" : { }
      },
      "parametersMetadata" : {
        "metadata" : { }
      }
    } ],
    "propertiesMetadata" : {
      "metadata" : { }
    },
    "parametersMetadata" : {
      "metadata" : { }
    },
    "hooks" : [ ]
  }, {
    "majorSchemaVersion" : 3,
    "name" : "Vendor_portal-app-deployer",
    "type" : "com.sap.application.content",
    "path" : "Vendor_portal-app-deployer",
    "properties" : { },
    "parameters" : {
      "default-url" : "https://a17ff4fftrial-dev-vendor-portal-app-deployer.cfapps.us10-001.hana.ondemand.com",
      "default-app-name" : "Vendor_portal-app-deployer",
      "generated-password" : "********",
      "default-live-url" : "https://a17ff4fftrial-dev-vendor-portal-app-deployer.cfapps.us10-001.hana.ondemand.com",
      "default-uri" : "a17ff4fftrial-dev-vendor-portal-app-deployer.cfapps.us10-001.hana.ondemand.com",
      "default-instances" : 1,
      "default-live-host" : "a17ff4fftrial-dev-vendor-portal-app-deployer",
      "instances" : 1,
      "default-host" : "a17ff4fftrial-dev-vendor-portal-app-deployer",
      "app-name" : "Vendor_portal-app-deployer",
      "default-live-uri" : "a17ff4fftrial-dev-vendor-portal-app-deployer.cfapps.us10-001.hana.ondemand.com",
      "protocol" : "https",
      "default-live-app-name" : "Vendor_portal-app-deployer",
      "default-live-domain" : "cfapps.us10-001.hana.ondemand.com",
      "domain" : "cfapps.us10-001.hana.ondemand.com",
      "host" : "a17ff4fftrial-dev-vendor-portal-app-deployer",
      "generated-user" : "********",
      "config" : {
        "destinations" : [ {
          "Authentication" : "********",
          "HTML5.DynamicDestination" : true,
          "HTML5.ForwardAuthToken" : "********",
          "Name" : "srv-api",
          "ProxyType" : "Internet",
          "Type" : "HTTP",
          "URL" : "https://a17ff4fftrial-dev-vendor-portal-srv.cfapps.us10-001.hana.ondemand.com"
        } ]
      }
    },
    "requiredDependencies" : [ {
      "majorSchemaVersion" : 3,
      "name" : "********",
      "properties" : { },
      "parameters" : { },
      "propertiesMetadata" : {
        "metadata" : { }
      },
      "parametersMetadata" : {
        "metadata" : { }
      }
    }, {
      "majorSchemaVersion" : 3,
      "name" : "srv-api",
      "properties" : { },
      "parameters" : { },
      "propertiesMetadata" : {
        "metadata" : { }
      },
      "parametersMetadata" : {
        "metadata" : { }
      }
    }, {
      "majorSchemaVersion" : 3,
      "name" : "Vendor_portal-html5-repo-host",
      "properties" : { },
      "parameters" : {
        "config" : {
          "HTML5Runtime_enabled" : true
        },
        "content-target" : true
      },
      "propertiesMetadata" : {
        "metadata" : { }
      },
      "parametersMetadata" : {
        "metadata" : { }
      }
    } ],
    "providedDependencies" : [ {
      "majorSchemaVersion" : 3,
      "name" : "Vendor_portal-app-deployer",
      "isPublic" : false,
      "properties" : { },
      "parameters" : { },
      "propertiesMetadata" : {
        "metadata" : { }
      },
      "parametersMetadata" : {
        "metadata" : { }
      }
    } ],
    "propertiesMetadata" : {
      "metadata" : { }
    },
    "parametersMetadata" : {
      "metadata" : { }
    },
    "hooks" : [ ]
  }, {
    "majorSchemaVersion" : 3,
    "name" : "Vendor_portal",
    "type" : "javascript.nodejs",
    "path" : "Vendor_portal",
    "properties" : { },
    "parameters" : {
      "default-url" : "https://a17ff4fftrial-dev-vendor-portal.cfapps.us10-001.hana.ondemand.com",
      "default-app-name" : "Vendor_portal",
      "generated-password" : "********",
      "default-live-url" : "https://a17ff4fftrial-dev-vendor-portal.cfapps.us10-001.hana.ondemand.com",
      "default-uri" : "a17ff4fftrial-dev-vendor-portal.cfapps.us10-001.hana.ondemand.com",
      "memory" : "256M",
      "default-instances" : 1,
      "default-live-host" : "a17ff4fftrial-dev-vendor-portal",
      "instances" : 1,
      "default-host" : "a17ff4fftrial-dev-vendor-portal",
      "keep-existing-routes" : true,
      "app-name" : "Vendor_portal",
      "default-live-uri" : "a17ff4fftrial-dev-vendor-portal.cfapps.us10-001.hana.ondemand.com",
      "protocol" : "https",
      "default-live-app-name" : "Vendor_portal",
      "default-live-domain" : "cfapps.us10-001.hana.ondemand.com",
      "disk-quota" : "256M",
      "domain" : "cfapps.us10-001.hana.ondemand.com",
      "host" : "a17ff4fftrial-dev-vendor-portal",
      "generated-user" : "********"
    },
    "requiredDependencies" : [ {
      "majorSchemaVersion" : 3,
      "name" : "srv-api",
      "group" : "destinations",
      "properties" : {
        "name" : "srv-api",
        "forwardAuthToken" : "********",
        "url" : "https://a17ff4fftrial-dev-vendor-portal-srv.cfapps.us10-001.hana.ondemand.com"
      },
      "parameters" : { },
      "propertiesMetadata" : {
        "metadata" : { }
      },
      "parametersMetadata" : {
        "metadata" : { }
      }
    }, {
      "majorSchemaVersion" : 3,
      "name" : "********",
      "properties" : { },
      "parameters" : { },
      "propertiesMetadata" : {
        "metadata" : { }
      },
      "parametersMetadata" : {
        "metadata" : { }
      }
    }, {
      "majorSchemaVersion" : 3,
      "name" : "Vendor_portal-destination",
      "properties" : { },
      "parameters" : { },
      "propertiesMetadata" : {
        "metadata" : { }
      },
      "parametersMetadata" : {
        "metadata" : { }
      }
    }, {
      "majorSchemaVersion" : 3,
      "name" : "Vendor_portal-html5-runtime",
      "properties" : { },
      "parameters" : { },
      "propertiesMetadata" : {
        "metadata" : { }
      },
      "parametersMetadata" : {
        "metadata" : { }
      }
    } ],
    "providedDependencies" : [ {
      "majorSchemaVersion" : 3,
      "name" : "app-api",
      "isPublic" : false,
      "properties" : {
        "app-protocol" : "https",
        "app-uri" : "a17ff4fftrial-dev-vendor-portal.cfapps.us10-001.hana.ondemand.com"
      },
      "parameters" : { },
      "propertiesMetadata" : {
        "metadata" : { }
      },
      "parametersMetadata" : {
        "metadata" : { }
      }
    }, {
      "majorSchemaVersion" : 3,
      "name" : "Vendor_portal",
      "isPublic" : false,
      "properties" : { },
      "parameters" : { },
      "propertiesMetadata" : {
        "metadata" : { }
      },
      "parametersMetadata" : {
        "metadata" : { }
      }
    } ],
    "propertiesMetadata" : {
      "metadata" : { }
    },
    "parametersMetadata" : {
      "metadata" : { }
    },
    "hooks" : [ ]
  }, {
    "majorSchemaVersion" : 3,
    "name" : "Vendor_portal-destinations",
    "type" : "com.sap.application.content",
    "properties" : { },
    "parameters" : {
      "default-url" : "https://a17ff4fftrial-dev-vendor-portal-destinations.cfapps.us10-001.hana.ondemand.com",
      "default-app-name" : "Vendor_portal-destinations",
      "generated-password" : "********",
      "default-live-url" : "https://a17ff4fftrial-dev-vendor-portal-destinations.cfapps.us10-001.hana.ondemand.com",
      "default-uri" : "a17ff4fftrial-dev-vendor-portal-destinations.cfapps.us10-001.hana.ondemand.com",
      "default-instances" : 1,
      "default-live-host" : "a17ff4fftrial-dev-vendor-portal-destinations",
      "instances" : 1,
      "default-host" : "a17ff4fftrial-dev-vendor-portal-destinations",
      "content" : {
        "instance" : {
          "destinations" : [ {
            "Name" : "Vendor_portal-html5-repository",
            "ServiceInstanceName" : "Vendor_portal-html5-repo-host",
            "ServiceKeyName" : "********",
            "sap.cloud.service" : "Vendor_portal.service"
          }, {
            "Authentication" : "********",
            "Name" : "********",
            "ServiceInstanceName" : "********",
            "ServiceKeyName" : "********",
            "sap.cloud.service" : "Vendor_portal.service"
          } ],
          "existing_destinations_policy" : "update"
        }
      },
      "app-name" : "Vendor_portal-destinations",
      "default-live-uri" : "a17ff4fftrial-dev-vendor-portal-destinations.cfapps.us10-001.hana.ondemand.com",
      "protocol" : "https",
      "default-live-app-name" : "Vendor_portal-destinations",
      "default-live-domain" : "cfapps.us10-001.hana.ondemand.com",
      "domain" : "cfapps.us10-001.hana.ondemand.com",
      "host" : "a17ff4fftrial-dev-vendor-portal-destinations",
      "generated-user" : "********"
    },
    "requiredDependencies" : [ {
      "majorSchemaVersion" : 3,
      "name" : "********",
      "properties" : { },
      "parameters" : {
        "service-key" : "********"
      },
      "propertiesMetadata" : {
        "metadata" : { }
      },
      "parametersMetadata" : {
        "metadata" : { }
      }
    }, {
      "majorSchemaVersion" : 3,
      "name" : "Vendor_portal-html5-repo-host",
      "properties" : { },
      "parameters" : {
        "service-key" : "********"
      },
      "propertiesMetadata" : {
        "metadata" : { }
      },
      "parametersMetadata" : {
        "metadata" : { }
      }
    }, {
      "majorSchemaVersion" : 3,
      "name" : "srv-api",
      "properties" : { },
      "parameters" : { },
      "propertiesMetadata" : {
        "metadata" : { }
      },
      "parametersMetadata" : {
        "metadata" : { }
      }
    }, {
      "majorSchemaVersion" : 3,
      "name" : "Vendor_portal-destination",
      "properties" : { },
      "parameters" : {
        "content-target" : true
      },
      "propertiesMetadata" : {
        "metadata" : { }
      },
      "parametersMetadata" : {
        "metadata" : { }
      }
    } ],
    "providedDependencies" : [ {
      "majorSchemaVersion" : 3,
      "name" : "Vendor_portal-destinations",
      "isPublic" : false,
      "properties" : { },
      "parameters" : { },
      "propertiesMetadata" : {
        "metadata" : { }
      },
      "parametersMetadata" : {
        "metadata" : { }
      }
    } ],
    "propertiesMetadata" : {
      "metadata" : { }
    },
    "parametersMetadata" : {
      "metadata" : { }
    },
    "hooks" : [ ]
  } ],
  "resources" : [ {
    "majorSchemaVersion" : 3,
    "name" : "********",
    "type" : "org.cloudfoundry.managed-service",
    "properties" : { },
    "parameters" : {
      "generated-password" : "********",
      "path" : "./xs-security.json",
      "service-name" : "********",
      "service-plan" : "application",
      "service" : "xsuaa",
      "generated-user" : "********",
      "default-xsappname" : "********",
      "type" : "managed-service",
      "config" : {
        "oauth2-configuration" : "********",
        "tenant-mode" : "dedicated",
        "xsappname" : "Vendor_portal-a17ff4fftrial-dev"
      },
      "default-service-name" : "********",
      "default-container-name" : "********"
    },
    "isActive" : true,
    "isOptional" : false,
    "propertiesMetadata" : {
      "metadata" : { }
    },
    "parametersMetadata" : {
      "metadata" : { }
    },
    "requiredDependencies" : [ {
      "majorSchemaVersion" : 3,
      "name" : "app-api",
      "properties" : { },
      "parameters" : { },
      "propertiesMetadata" : {
        "metadata" : { }
      },
      "parametersMetadata" : {
        "metadata" : { }
      }
    } ],
    "processedAfter" : [ ]
  }, {
    "majorSchemaVersion" : 3,
    "name" : "Vendor_portal-db",
    "type" : "com.sap.xs.hdi-container",
    "properties" : { },
    "parameters" : {
      "generated-password" : "********",
      "service-name" : "Vendor_portal-db",
      "service-plan" : "hdi-shared",
      "service" : "hana",
      "generated-user" : "********",
      "default-xsappname" : "Vendor_portal-db",
      "type" : "managed-service",
      "default-service-name" : "Vendor_portal-db",
      "default-container-name" : "A17FF4FFTRIAL_DEV_VENDOR_PORTAL_DB"
    },
    "isActive" : true,
    "isOptional" : false,
    "propertiesMetadata" : {
      "metadata" : { }
    },
    "parametersMetadata" : {
      "metadata" : { }
    },
    "requiredDependencies" : [ ],
    "processedAfter" : [ ]
  }, {
    "majorSchemaVersion" : 3,
    "name" : "Vendor_portal-destination",
    "type" : "org.cloudfoundry.managed-service",
    "properties" : { },
    "parameters" : {
      "generated-password" : "********",
      "service-name" : "Vendor_portal-destination",
      "service-plan" : "lite",
      "service" : "destination",
      "generated-user" : "********",
      "default-xsappname" : "Vendor_portal-destination",
      "type" : "managed-service",
      "default-service-name" : "Vendor_portal-destination",
      "default-container-name" : "A17FF4FFTRIAL_DEV_VENDOR_PORTAL_DESTINATION"
    },
    "isActive" : true,
    "isOptional" : false,
    "propertiesMetadata" : {
      "metadata" : { }
    },
    "parametersMetadata" : {
      "metadata" : { }
    },
    "requiredDependencies" : [ {
      "majorSchemaVersion" : 3,
      "name" : "srv-api",
      "properties" : { },
      "parameters" : { },
      "propertiesMetadata" : {
        "metadata" : { }
      },
      "parametersMetadata" : {
        "metadata" : { }
      }
    } ],
    "processedAfter" : [ ]
  }, {
    "majorSchemaVersion" : 3,
    "name" : "Vendor_portal-html5-repo-host",
    "type" : "org.cloudfoundry.managed-service",
    "properties" : { },
    "parameters" : {
      "generated-password" : "********",
      "service-name" : "Vendor_portal-html5-repo-host",
      "service-plan" : "app-host",
      "service" : "html5-apps-repo",
      "generated-user" : "********",
      "default-xsappname" : "Vendor_portal-html5-repo-host",
      "type" : "managed-service",
      "default-service-name" : "Vendor_portal-html5-repo-host",
      "default-container-name" : "A17FF4FFTRIAL_DEV_VENDOR_PORTAL_HTML5_REPO_HOST"
    },
    "isActive" : true,
    "isOptional" : false,
    "propertiesMetadata" : {
      "metadata" : { }
    },
    "parametersMetadata" : {
      "metadata" : { }
    },
    "requiredDependencies" : [ ],
    "processedAfter" : [ ]
  }, {
    "majorSchemaVersion" : 3,
    "name" : "Vendor_portal-html5-runtime",
    "type" : "org.cloudfoundry.managed-service",
    "properties" : { },
    "parameters" : {
      "generated-password" : "********",
      "service-name" : "Vendor_portal-html5-runtime",
      "service-plan" : "app-runtime",
      "service" : "html5-apps-repo",
      "generated-user" : "********",
      "default-xsappname" : "Vendor_portal-html5-runtime",
      "type" : "managed-service",
      "default-service-name" : "Vendor_portal-html5-runtime",
      "default-container-name" : "A17FF4FFTRIAL_DEV_VENDOR_PORTAL_HTML5_RUNTIME"
    },
    "isActive" : true,
    "isOptional" : false,
    "propertiesMetadata" : {
      "metadata" : { }
    },
    "parametersMetadata" : {
      "metadata" : { }
    },
    "requiredDependencies" : [ ],
    "processedAfter" : [ ]
  } ],
  "parameters" : {
    "deploy_mode" : "html5-repo",
    "mta-id" : "Vendor_portal",
    "authorization-url" : "********",
    "org-guid" : "87b32d9e-9c3e-4c0f-a9e8-c141fcaf6941",
    "org" : "a17ff4fftrial",
    "deploy-target" : "a17ff4fftrial dev",
    "enable-parallel-deployments" : true,
    "region-primary-domain" : "us10.hana.ondemand.com",
    "space" : "dev",
    "region-domain" : "us10-001.hana.ondemand.com",
    "xs-api-url" : "https://api.cf.us10-001.hana.ondemand.com",
    "deploy-url" : "deploy-service.cfapps.us10-001.hana.ondemand.com",
    "xs-type" : "CF",
    "default-domain" : "cfapps.us10-001.hana.ondemand.com",
    "mta-version" : "1.0.0",
    "xs-auth-url" : "********",
    "space-guid" : "25c4b79f-ec1f-4f41-8212-286dd3a0616c",
    "user" : "********",
    "controller-url" : "https://api.cf.us10-001.hana.ondemand.com",
    "timestamp" : "20260531180728"
  },
  "parametersMetadata" : {
    "metadata" : { }
  }
}#
#2026 05 31 18:07:50.056#Z#DEBUG#96214937-5d1b-11f1-bf65-eeee0a9fba87.OPERATION#flowable-async-job-executor-thread-11612#
[ProcessDescriptorStep] Merged descriptor properties and parameters resolved#
#2026 05 31 18:07:50.056#Z#DEBUG#96214937-5d1b-11f1-bf65-eeee0a9fba87.OPERATION#flowable-async-job-executor-thread-11612#
Step "Re-Process Descriptor Step" finished#
#2026 05 31 18:07:50.066#Z#DEBUG#96214937-5d1b-11f1-bf65-eeee0a9fba87.OPERATION#flowable-async-job-executor-thread-11610#
[CheckServiceBindingOperationStep] Getting GUID of required service instance "Vendor_portal-destination"...#
#2026 05 31 18:07:50.097#Z#DEBUG#96214937-5d1b-11f1-bf65-eeee0a9fba87.OPERATION#flowable-async-job-executor-thread-11610#
[CheckServiceBindingOperationStep] Getting binding of service instance "0096e76b-4204-4488-89af-b195d851d22b" with application "f3610358-e791-4b3a-8047-269077eb9aff"...#
#2026 05 31 18:07:50.130#Z#DEBUG#96214937-5d1b-11f1-bf65-eeee0a9fba87.OPERATION#flowable-async-job-executor-thread-11610#
[CheckServiceBindingOperationStep] Service binding operation "ad58caf6-5e91-48e5-a71f-8204e21b6c96" with type "create" is in state "succeeded"#
#2026 05 31 18:07:50.130#Z#DEBUG#96214937-5d1b-11f1-bf65-eeee0a9fba87.OPERATION#flowable-async-job-executor-thread-11610#
Step "Check For Service Binding Operation In Progress" finished#
#2026 05 31 18:07:50.097#Z#DEBUG#96214937-5d1b-11f1-bf65-eeee0a9fba87.OPERATION#flowable-async-job-executor-thread-11612#
[BuildApplicationDeployModelStep] Executing task "buildApplicationDeployModelTask" of process "a2a135db-5d1b-11f1-bf4f-eeee0a913b38"...#
#2026 05 31 18:07:50.101#Z#DEBUG#96214937-5d1b-11f1-bf65-eeee0a9fba87.OPERATION#flowable-async-job-executor-thread-11612#
[BuildApplicationDeployModelStep] Building cloud deployment model for application "Vendor_portal"...#
#2026 05 31 18:07:50.106#Z#DEBUG#96214937-5d1b-11f1-bf65-eeee0a9fba87.OPERATION#flowable-async-job-executor-thread-11612#
[BuildApplicationDeployModelStep] Getting routes for application "8eeb1495-b644-4c51-b33b-4bba12e1bf9d"...#
#2026 05 31 18:07:50.154#Z#DEBUG#96214937-5d1b-11f1-bf65-eeee0a9fba87.OPERATION#flowable-async-job-executor-thread-11612#
[BuildApplicationDeployModelStep] No health-check-type is specified. Setting default type: port#
#2026 05 31 18:07:50.154#Z#INFO#96214937-5d1b-11f1-bf65-eeee0a9fba87.OPERATION#flowable-async-job-executor-thread-11612#
[BuildApplicationDeployModelStep] Building configuration entries for org a17ff4fftrial, space dev, spaceId 25c4b79f-ec1f-4f41-8212-286dd3a0616c and namespace null!#
#2026 05 31 18:07:50.155#Z#DEBUG#96214937-5d1b-11f1-bf65-eeee0a9fba87.OPERATION#flowable-async-job-executor-thread-11612#
[BuildApplicationDeployModelStep] Configuration entries to publish: [ ]#
#2026 05 31 18:07:50.155#Z#DEBUG#96214937-5d1b-11f1-bf65-eeee0a9fba87.OPERATION#flowable-async-job-executor-thread-11612#
[BuildApplicationDeployModelStep] Cloud deployment model for application built#
#2026 05 31 18:07:50.155#Z#DEBUG#96214937-5d1b-11f1-bf65-eeee0a9fba87.OPERATION#flowable-async-job-executor-thread-11612#
Step "Build Application Deploy Model" finished#
#2026 05 31 18:07:50.071#Z#DEBUG#96214937-5d1b-11f1-bf65-eeee0a9fba87.OPERATION#flowable-async-job-executor-thread-11611#
[DetermineApplicationServiceBindingActionsStep] Executing task "determineApplicationServiceBindingActionsTask" of process "a298827e-5d1b-11f1-bf4f-eeee0a913b38"...#
#2026 05 31 18:07:50.073#Z#DEBUG#96214937-5d1b-11f1-bf65-eeee0a9fba87.OPERATION#flowable-async-job-executor-thread-11611#
[DetermineApplicationServiceBindingActionsStep] Determine bind/unbind operations of application "Vendor_portal-srv" to service instance "Vendor_portal-auth"#
#2026 05 31 18:07:50.073#Z#DEBUG#96214937-5d1b-11f1-bf65-eeee0a9fba87.OPERATION#flowable-async-job-executor-thread-11611#
[DetermineApplicationServiceBindingActionsStep] Getting application "Vendor_portal-srv"...#
#2026 05 31 18:07:50.117#Z#DEBUG#96214937-5d1b-11f1-bf65-eeee0a9fba87.OPERATION#flowable-async-job-executor-thread-11611#
[DetermineApplicationServiceBindingActionsStep] Binding parameters for application "Vendor_portal-srv": { }#
#2026 05 31 18:07:50.154#Z#DEBUG#96214937-5d1b-11f1-bf65-eeee0a9fba87.OPERATION#flowable-async-job-executor-thread-11611#
[DetermineApplicationServiceBindingActionsStep] Check should rebind application "Vendor_portal-srv" and service instance "Vendor_portal-auth"#
#2026 05 31 18:07:50.154#Z#DEBUG#96214937-5d1b-11f1-bf65-eeee0a9fba87.OPERATION#flowable-async-job-executor-thread-11611#
[DetermineApplicationServiceBindingActionsStep] Getting GUID of required service instance "Vendor_portal-auth"...#
#2026 05 31 18:07:50.167#Z#DEBUG#96214937-5d1b-11f1-bf65-eeee0a9fba87.OPERATION#flowable-async-job-executor-thread-11610#
[DetermineApplicationServiceBindingActionsStep] Executing task "determineApplicationServiceBindingActionsTask" of process "a2a9999e-5d1b-11f1-bf4f-eeee0a913b38"...#
#2026 05 31 18:07:50.169#Z#DEBUG#96214937-5d1b-11f1-bf65-eeee0a9fba87.OPERATION#flowable-async-job-executor-thread-11610#
[DetermineApplicationServiceBindingActionsStep] Determine bind/unbind operations of application "Vendor_portal-srv" to service instance "Vendor_portal-destination"#
#2026 05 31 18:07:50.169#Z#DEBUG#96214937-5d1b-11f1-bf65-eeee0a9fba87.OPERATION#flowable-async-job-executor-thread-11610#
[DetermineApplicationServiceBindingActionsStep] Getting application "Vendor_portal-srv"...#
#2026 05 31 18:07:50.184#Z#DEBUG#96214937-5d1b-11f1-bf65-eeee0a9fba87.OPERATION#flowable-async-job-executor-thread-11611#
[DetermineApplicationServiceBindingActionsStep] Getting binding of service instance "872c8647-a392-4436-bbf4-3eeead01a604" with application "f3610358-e791-4b3a-8047-269077eb9aff"...#
#2026 05 31 18:07:50.213#Z#DEBUG#96214937-5d1b-11f1-bf65-eeee0a9fba87.OPERATION#flowable-async-job-executor-thread-11610#
[DetermineApplicationServiceBindingActionsStep] Binding parameters for application "Vendor_portal-srv": { }#
#2026 05 31 18:07:50.220#Z#DEBUG#96214937-5d1b-11f1-bf65-eeee0a9fba87.OPERATION#flowable-async-job-executor-thread-11611#
[DetermineApplicationServiceBindingActionsStep] Getting parameters of service binding "2decbe87-fc31-4eb8-abbd-b6186471af1e"...#
#2026 05 31 18:07:50.248#Z#DEBUG#96214937-5d1b-11f1-bf65-eeee0a9fba87.OPERATION#flowable-async-job-executor-thread-11610#
[DetermineApplicationServiceBindingActionsStep] Check should rebind application "Vendor_portal-srv" and service instance "Vendor_portal-destination"#
#2026 05 31 18:07:50.248#Z#DEBUG#96214937-5d1b-11f1-bf65-eeee0a9fba87.OPERATION#flowable-async-job-executor-thread-11610#
[DetermineApplicationServiceBindingActionsStep] Getting GUID of required service instance "Vendor_portal-destination"...#
#2026 05 31 18:07:50.253#Z#WARN#96214937-5d1b-11f1-bf65-eeee0a9fba87.OPERATION#flowable-async-job-executor-thread-11611#
[DetermineApplicationServiceBindingActionsStep] Cannot retrieve parameters of binding between application "Vendor_portal-srv" and service instance "Vendor_portal-auth"#
#2026 05 31 18:07:50.254#Z#DEBUG#96214937-5d1b-11f1-bf65-eeee0a9fba87.OPERATION#flowable-async-job-executor-thread-11611#
[DetermineApplicationServiceBindingActionsStep] Calculated binding operations between application "Vendor_portal-srv" and service instance "Vendor_portal-auth": unbind - true bind - true#
#2026 05 31 18:07:50.254#Z#DEBUG#96214937-5d1b-11f1-bf65-eeee0a9fba87.OPERATION#flowable-async-job-executor-thread-11611#
Step "Determine Application Service Binding Actions" finished#
#2026 05 31 18:07:50.277#Z#DEBUG#96214937-5d1b-11f1-bf65-eeee0a9fba87.OPERATION#flowable-async-job-executor-thread-11610#
[DetermineApplicationServiceBindingActionsStep] Getting binding of service instance "0096e76b-4204-4488-89af-b195d851d22b" with application "f3610358-e791-4b3a-8047-269077eb9aff"...#
#2026 05 31 18:07:50.308#Z#DEBUG#96214937-5d1b-11f1-bf65-eeee0a9fba87.OPERATION#flowable-async-job-executor-thread-11610#
[DetermineApplicationServiceBindingActionsStep] Getting parameters of service binding "ad58caf6-5e91-48e5-a71f-8204e21b6c96"...#
#2026 05 31 18:07:50.346#Z#WARN#96214937-5d1b-11f1-bf65-eeee0a9fba87.OPERATION#flowable-async-job-executor-thread-11610#
[DetermineApplicationServiceBindingActionsStep] Cannot retrieve parameters of binding between application "Vendor_portal-srv" and service instance "Vendor_portal-destination"#
#2026 05 31 18:07:50.347#Z#DEBUG#96214937-5d1b-11f1-bf65-eeee0a9fba87.OPERATION#flowable-async-job-executor-thread-11610#
[DetermineApplicationServiceBindingActionsStep] Calculated binding operations between application "Vendor_portal-srv" and service instance "Vendor_portal-destination": unbind - true bind - true#
#2026 05 31 18:07:50.348#Z#DEBUG#96214937-5d1b-11f1-bf65-eeee0a9fba87.OPERATION#flowable-async-job-executor-thread-11610#
Step "Determine Application Service Binding Actions" finished#
#2026 05 31 18:07:50.298#Z#DEBUG#96214937-5d1b-11f1-bf65-eeee0a9fba87.OPERATION#flowable-async-job-executor-thread-11611#
[UnbindServiceFromApplicationStep] Executing task "unbindServiceFromApplicationTask" of process "a298827e-5d1b-11f1-bf4f-eeee0a913b38"...#
#2026 05 31 18:07:50.302#Z#INFO#96214937-5d1b-11f1-bf65-eeee0a9fba87.OPERATION#flowable-async-job-executor-thread-11611#
[UnbindServiceFromApplicationStep] Unbinding service instance "Vendor_portal-auth" from application "Vendor_portal-srv"...#
#2026 05 31 18:07:50.308#Z#DEBUG#96214937-5d1b-11f1-bf65-eeee0a9fba87.OPERATION#flowable-async-job-executor-thread-11611#
[UnbindServiceFromApplicationStep] Unbinding application "Vendor_portal-srv" from service instance "Vendor_portal-auth"...#
#2026 05 31 18:07:50.393#Z#DEBUG#96214937-5d1b-11f1-bf65-eeee0a9fba87.OPERATION#flowable-async-job-executor-thread-11610#
[UnbindServiceFromApplicationStep] Executing task "unbindServiceFromApplicationTask" of process "a2a9999e-5d1b-11f1-bf4f-eeee0a913b38"...#
#2026 05 31 18:07:50.396#Z#INFO#96214937-5d1b-11f1-bf65-eeee0a9fba87.OPERATION#flowable-async-job-executor-thread-11610#
[UnbindServiceFromApplicationStep] Unbinding service instance "Vendor_portal-destination" from application "Vendor_portal-srv"...#
#2026 05 31 18:07:50.401#Z#DEBUG#96214937-5d1b-11f1-bf65-eeee0a9fba87.OPERATION#flowable-async-job-executor-thread-11610#
[UnbindServiceFromApplicationStep] Unbinding application "Vendor_portal-srv" from service instance "Vendor_portal-destination"...#
#2026 05 31 18:07:50.466#Z#DEBUG#96214937-5d1b-11f1-bf65-eeee0a9fba87.OPERATION#flowable-async-job-executor-thread-11611#
Step "Unbind Service from Application" finished#
#2026 05 31 18:07:50.556#Z#DEBUG#96214937-5d1b-11f1-bf65-eeee0a9fba87.OPERATION#flowable-async-job-executor-thread-11610#
Step "Unbind Service from Application" finished#
#2026 05 31 18:07:50.201#Z#DEBUG#96214937-5d1b-11f1-bf65-eeee0a9fba87.OPERATION#flowable-async-job-executor-thread-11612#
[CreateOrUpdateAppStep] Executing task "createAppTask" of process "a2a135db-5d1b-11f1-bf4f-eeee0a913b38"...#
#2026 05 31 18:07:50.203#Z#DEBUG#96214937-5d1b-11f1-bf65-eeee0a9fba87.OPERATION#flowable-async-job-executor-thread-11612#
[CreateOrUpdateAppStep] Getting application "Vendor_portal"...#
#2026 05 31 18:07:50.244#Z#INFO#96214937-5d1b-11f1-bf65-eeee0a9fba87.OPERATION#flowable-async-job-executor-thread-11612#
[CreateOrUpdateAppStep] Updating application "Vendor_portal"...#
#2026 05 31 18:07:50.253#Z#DEBUG#96214937-5d1b-11f1-bf65-eeee0a9fba87.OPERATION#flowable-async-job-executor-thread-11612#
[CreateOrUpdateAppStep] Getting process for application "8eeb1495-b644-4c51-b33b-4bba12e1bf9d"...#
#2026 05 31 18:07:50.297#Z#DEBUG#96214937-5d1b-11f1-bf65-eeee0a9fba87.OPERATION#flowable-async-job-executor-thread-11612#
[CreateOrUpdateAppStep] Getting routes for application "8eeb1495-b644-4c51-b33b-4bba12e1bf9d"...#
#2026 05 31 18:07:50.345#Z#DEBUG#96214937-5d1b-11f1-bf65-eeee0a9fba87.OPERATION#flowable-async-job-executor-thread-11612#
[CreateOrUpdateAppStep] Getting features for application "8eeb1495-b644-4c51-b33b-4bba12e1bf9d"#
#2026 05 31 18:07:50.377#Z#DEBUG#96214937-5d1b-11f1-bf65-eeee0a9fba87.OPERATION#flowable-async-job-executor-thread-11612#
[CreateOrUpdateAppStep] Updating staging of application "Vendor_portal" to: {
  "buildpacks" : [ ],
  "healthCheckType" : "port",
  "appFeatures" : { }
}#
#2026 05 31 18:07:50.562#Z#DEBUG#96214937-5d1b-11f1-bf65-eeee0a9fba87.OPERATION#flowable-async-job-executor-thread-11612#
[CreateOrUpdateAppStep] Application "Vendor_portal" updated#
#2026 05 31 18:07:50.562#Z#DEBUG#96214937-5d1b-11f1-bf65-eeee0a9fba87.OPERATION#flowable-async-job-executor-thread-11612#
[CreateOrUpdateAppStep] Getting environment of application "8eeb1495-b644-4c51-b33b-4bba12e1bf9d"...#
#2026 05 31 18:07:50.636#Z#DEBUG#96214937-5d1b-11f1-bf65-eeee0a9fba87.OPERATION#flowable-async-job-executor-thread-11612#
[CreateOrUpdateAppStep] Application "Vendor_portal" updated#
#2026 05 31 18:07:50.636#Z#DEBUG#96214937-5d1b-11f1-bf65-eeee0a9fba87.OPERATION#flowable-async-job-executor-thread-11612#
Step "Create App" finished#
#2026 05 31 18:07:50.770#Z#DEBUG#96214937-5d1b-11f1-bf65-eeee0a9fba87.OPERATION#flowable-async-job-executor-thread-11612#
[CheckServiceBindingOperationStep] Executing task "checkForServiceBindingOperationInProgress" of process "a3197239-5d1b-11f1-bf4f-eeee0a913b38"...#
#2026 05 31 18:07:50.770#Z#DEBUG#96214937-5d1b-11f1-bf65-eeee0a9fba87.OPERATION#flowable-async-job-executor-thread-11612#
[CheckServiceBindingOperationStep] Checking for service binding operation in progress between app "Vendor_portal" and service instance "Vendor_portal-auth"#
#2026 05 31 18:07:50.771#Z#DEBUG#96214937-5d1b-11f1-bf65-eeee0a9fba87.OPERATION#flowable-async-job-executor-thread-11612#
[CheckServiceBindingOperationStep] Getting application guid "Vendor_portal"...#
#2026 05 31 18:07:50.814#Z#DEBUG#96214937-5d1b-11f1-bf65-eeee0a9fba87.OPERATION#flowable-async-job-executor-thread-11612#
[CheckServiceBindingOperationStep] Getting GUID of required service instance "Vendor_portal-auth"...#
#2026 05 31 18:07:50.842#Z#DEBUG#96214937-5d1b-11f1-bf65-eeee0a9fba87.OPERATION#flowable-async-job-executor-thread-11612#
[CheckServiceBindingOperationStep] Getting binding of service instance "872c8647-a392-4436-bbf4-3eeead01a604" with application "8eeb1495-b644-4c51-b33b-4bba12e1bf9d"...#
#2026 05 31 18:07:50.874#Z#DEBUG#96214937-5d1b-11f1-bf65-eeee0a9fba87.OPERATION#flowable-async-job-executor-thread-11612#
[CheckServiceBindingOperationStep] Service binding operation "708d8b9e-3342-4943-a0c8-37788024bbbb" with type "create" is in state "succeeded"#
#2026 05 31 18:07:50.874#Z#DEBUG#96214937-5d1b-11f1-bf65-eeee0a9fba87.OPERATION#flowable-async-job-executor-thread-11612#
Step "Check For Service Binding Operation In Progress" finished#
#2026 05 31 18:07:50.907#Z#DEBUG#96214937-5d1b-11f1-bf65-eeee0a9fba87.OPERATION#flowable-async-job-executor-thread-11612#
[DetermineApplicationServiceBindingActionsStep] Executing task "determineApplicationServiceBindingActionsTask" of process "a3197239-5d1b-11f1-bf4f-eeee0a913b38"...#
#2026 05 31 18:07:50.909#Z#DEBUG#96214937-5d1b-11f1-bf65-eeee0a9fba87.OPERATION#flowable-async-job-executor-thread-11612#
[DetermineApplicationServiceBindingActionsStep] Determine bind/unbind operations of application "Vendor_portal" to service instance "Vendor_portal-auth"#
#2026 05 31 18:07:50.909#Z#DEBUG#96214937-5d1b-11f1-bf65-eeee0a9fba87.OPERATION#flowable-async-job-executor-thread-11612#
[DetermineApplicationServiceBindingActionsStep] Getting application "Vendor_portal"...#
#2026 05 31 18:07:50.953#Z#DEBUG#96214937-5d1b-11f1-bf65-eeee0a9fba87.OPERATION#flowable-async-job-executor-thread-11612#
[DetermineApplicationServiceBindingActionsStep] Binding parameters for application "Vendor_portal": { }#
#2026 05 31 18:07:50.983#Z#DEBUG#96214937-5d1b-11f1-bf65-eeee0a9fba87.OPERATION#flowable-async-job-executor-thread-11612#
[DetermineApplicationServiceBindingActionsStep] Check should rebind application "Vendor_portal" and service instance "Vendor_portal-auth"#
#2026 05 31 18:07:50.983#Z#DEBUG#96214937-5d1b-11f1-bf65-eeee0a9fba87.OPERATION#flowable-async-job-executor-thread-11612#
[DetermineApplicationServiceBindingActionsStep] Getting GUID of required service instance "Vendor_portal-auth"...#
#2026 05 31 18:07:51.015#Z#DEBUG#96214937-5d1b-11f1-bf65-eeee0a9fba87.OPERATION#flowable-async-job-executor-thread-11612#
[DetermineApplicationServiceBindingActionsStep] Getting binding of service instance "872c8647-a392-4436-bbf4-3eeead01a604" with application "8eeb1495-b644-4c51-b33b-4bba12e1bf9d"...#
#2026 05 31 18:07:51.050#Z#DEBUG#96214937-5d1b-11f1-bf65-eeee0a9fba87.OPERATION#flowable-async-job-executor-thread-11612#
[DetermineApplicationServiceBindingActionsStep] Getting parameters of service binding "708d8b9e-3342-4943-a0c8-37788024bbbb"...#
#2026 05 31 18:07:51.084#Z#WARN#96214937-5d1b-11f1-bf65-eeee0a9fba87.OPERATION#flowable-async-job-executor-thread-11612#
[DetermineApplicationServiceBindingActionsStep] Cannot retrieve parameters of binding between application "Vendor_portal" and service instance "Vendor_portal-auth"#
#2026 05 31 18:07:51.085#Z#DEBUG#96214937-5d1b-11f1-bf65-eeee0a9fba87.OPERATION#flowable-async-job-executor-thread-11612#
[DetermineApplicationServiceBindingActionsStep] Calculated binding operations between application "Vendor_portal" and service instance "Vendor_portal-auth": unbind - true bind - true#
#2026 05 31 18:07:51.085#Z#DEBUG#96214937-5d1b-11f1-bf65-eeee0a9fba87.OPERATION#flowable-async-job-executor-thread-11612#
Step "Determine Application Service Binding Actions" finished#
#2026 05 31 18:07:51.127#Z#DEBUG#96214937-5d1b-11f1-bf65-eeee0a9fba87.OPERATION#flowable-async-job-executor-thread-11612#
[UnbindServiceFromApplicationStep] Executing task "unbindServiceFromApplicationTask" of process "a3197239-5d1b-11f1-bf4f-eeee0a913b38"...#
#2026 05 31 18:07:51.129#Z#INFO#96214937-5d1b-11f1-bf65-eeee0a9fba87.OPERATION#flowable-async-job-executor-thread-11612#
[UnbindServiceFromApplicationStep] Unbinding service instance "Vendor_portal-auth" from application "Vendor_portal"...#
#2026 05 31 18:07:51.135#Z#DEBUG#96214937-5d1b-11f1-bf65-eeee0a9fba87.OPERATION#flowable-async-job-executor-thread-11612#
[UnbindServiceFromApplicationStep] Unbinding application "Vendor_portal" from service instance "Vendor_portal-auth"...#
#2026 05 31 18:07:51.280#Z#DEBUG#96214937-5d1b-11f1-bf65-eeee0a9fba87.OPERATION#flowable-async-job-executor-thread-11612#
Step "Unbind Service from Application" finished#
#2026 05 31 18:07:53.035#Z#DEBUG#96214937-5d1b-11f1-bf65-eeee0a9fba87.OPERATION#flowable-async-job-executor-thread-10033#
[CheckServiceBindingOperationStep] Executing task "checkForServiceBindingOperationInProgress" of process "a473ab00-5d1b-11f1-bf65-eeee0a9fba87"...#
#2026 05 31 18:07:53.035#Z#DEBUG#96214937-5d1b-11f1-bf65-eeee0a9fba87.OPERATION#flowable-async-job-executor-thread-10033#
[CheckServiceBindingOperationStep] Checking for service binding operation in progress between app "Vendor_portal" and service instance "Vendor_portal-html5-runtime"#
#2026 05 31 18:07:53.037#Z#DEBUG#96214937-5d1b-11f1-bf65-eeee0a9fba87.OPERATION#flowable-async-job-executor-thread-10033#
[CheckServiceBindingOperationStep] Getting application guid "Vendor_portal"...#
#2026 05 31 18:07:53.079#Z#DEBUG#96214937-5d1b-11f1-bf65-eeee0a9fba87.OPERATION#flowable-async-job-executor-thread-10033#
[CheckServiceBindingOperationStep] Getting GUID of required service instance "Vendor_portal-html5-runtime"...#
#2026 05 31 18:07:53.105#Z#DEBUG#96214937-5d1b-11f1-bf65-eeee0a9fba87.OPERATION#flowable-async-job-executor-thread-10033#
[CheckServiceBindingOperationStep] Getting binding of service instance "6da8f408-78f3-43b9-83a3-d24985d9c96e" with application "8eeb1495-b644-4c51-b33b-4bba12e1bf9d"...#
#2026 05 31 18:07:53.138#Z#DEBUG#96214937-5d1b-11f1-bf65-eeee0a9fba87.OPERATION#flowable-async-job-executor-thread-10033#
[CheckServiceBindingOperationStep] Service binding operation "9f2944dc-6034-48d8-b5b9-290a83f52569" with type "create" is in state "succeeded"#
#2026 05 31 18:07:53.138#Z#DEBUG#96214937-5d1b-11f1-bf65-eeee0a9fba87.OPERATION#flowable-async-job-executor-thread-10033#
Step "Check For Service Binding Operation In Progress" finished#
#2026 05 31 18:07:53.079#Z#DEBUG#96214937-5d1b-11f1-bf65-eeee0a9fba87.OPERATION#flowable-async-job-executor-thread-34915#
[CheckServiceBindingOperationStep] Executing task "checkForServiceBindingOperationInProgress" of process "a47e0baa-5d1b-11f1-8a04-eeee0a89be1e"...#
#2026 05 31 18:07:53.079#Z#DEBUG#96214937-5d1b-11f1-bf65-eeee0a9fba87.OPERATION#flowable-async-job-executor-thread-34915#
[CheckServiceBindingOperationStep] Checking for service binding operation in progress between app "Vendor_portal" and service instance "Vendor_portal-destination"#
#2026 05 31 18:07:53.080#Z#DEBUG#96214937-5d1b-11f1-bf65-eeee0a9fba87.OPERATION#flowable-async-job-executor-thread-34915#
[CheckServiceBindingOperationStep] Getting application guid "Vendor_portal"...#
#2026 05 31 18:07:53.122#Z#DEBUG#96214937-5d1b-11f1-bf65-eeee0a9fba87.OPERATION#flowable-async-job-executor-thread-34915#
[CheckServiceBindingOperationStep] Getting GUID of required service instance "Vendor_portal-destination"...#
#2026 05 31 18:07:53.152#Z#DEBUG#96214937-5d1b-11f1-bf65-eeee0a9fba87.OPERATION#flowable-async-job-executor-thread-34915#
[CheckServiceBindingOperationStep] Getting binding of service instance "0096e76b-4204-4488-89af-b195d851d22b" with application "8eeb1495-b644-4c51-b33b-4bba12e1bf9d"...#
#2026 05 31 18:07:53.178#Z#DEBUG#96214937-5d1b-11f1-bf65-eeee0a9fba87.OPERATION#flowable-async-job-executor-thread-34915#
[CheckServiceBindingOperationStep] Service binding operation "aed417f6-1f05-47fb-bb87-3973dbeac797" with type "create" is in state "succeeded"#
#2026 05 31 18:07:53.178#Z#DEBUG#96214937-5d1b-11f1-bf65-eeee0a9fba87.OPERATION#flowable-async-job-executor-thread-34915#
Step "Check For Service Binding Operation In Progress" finished#
#2026 05 31 18:07:53.181#Z#DEBUG#96214937-5d1b-11f1-bf65-eeee0a9fba87.OPERATION#flowable-async-job-executor-thread-10035#
[DetermineApplicationServiceBindingActionsStep] Executing task "determineApplicationServiceBindingActionsTask" of process "a473ab00-5d1b-11f1-bf65-eeee0a9fba87"...#
#2026 05 31 18:07:53.185#Z#DEBUG#96214937-5d1b-11f1-bf65-eeee0a9fba87.OPERATION#flowable-async-job-executor-thread-10035#
[DetermineApplicationServiceBindingActionsStep] Determine bind/unbind operations of application "Vendor_portal" to service instance "Vendor_portal-html5-runtime"#
#2026 05 31 18:07:53.185#Z#DEBUG#96214937-5d1b-11f1-bf65-eeee0a9fba87.OPERATION#flowable-async-job-executor-thread-10035#
[DetermineApplicationServiceBindingActionsStep] Getting application "Vendor_portal"...#
#2026 05 31 18:07:53.236#Z#DEBUG#96214937-5d1b-11f1-bf65-eeee0a9fba87.OPERATION#flowable-async-job-executor-thread-10035#
[DetermineApplicationServiceBindingActionsStep] Binding parameters for application "Vendor_portal": { }#
#2026 05 31 18:07:53.280#Z#DEBUG#96214937-5d1b-11f1-bf65-eeee0a9fba87.OPERATION#flowable-async-job-executor-thread-10035#
[DetermineApplicationServiceBindingActionsStep] Check should rebind application "Vendor_portal" and service instance "Vendor_portal-html5-runtime"#
#2026 05 31 18:07:53.280#Z#DEBUG#96214937-5d1b-11f1-bf65-eeee0a9fba87.OPERATION#flowable-async-job-executor-thread-10035#
[DetermineApplicationServiceBindingActionsStep] Getting GUID of required service instance "Vendor_portal-html5-runtime"...#
#2026 05 31 18:07:53.304#Z#DEBUG#96214937-5d1b-11f1-bf65-eeee0a9fba87.OPERATION#flowable-async-job-executor-thread-10035#
[DetermineApplicationServiceBindingActionsStep] Getting binding of service instance "6da8f408-78f3-43b9-83a3-d24985d9c96e" with application "8eeb1495-b644-4c51-b33b-4bba12e1bf9d"...#
#2026 05 31 18:07:53.338#Z#DEBUG#96214937-5d1b-11f1-bf65-eeee0a9fba87.OPERATION#flowable-async-job-executor-thread-10035#
[DetermineApplicationServiceBindingActionsStep] Getting parameters of service binding "9f2944dc-6034-48d8-b5b9-290a83f52569"...#
#2026 05 31 18:07:53.371#Z#WARN#96214937-5d1b-11f1-bf65-eeee0a9fba87.OPERATION#flowable-async-job-executor-thread-10035#
[DetermineApplicationServiceBindingActionsStep] Cannot retrieve parameters of binding between application "Vendor_portal" and service instance "Vendor_portal-html5-runtime"#
#2026 05 31 18:07:53.373#Z#DEBUG#96214937-5d1b-11f1-bf65-eeee0a9fba87.OPERATION#flowable-async-job-executor-thread-10035#
[DetermineApplicationServiceBindingActionsStep] Calculated binding operations between application "Vendor_portal" and service instance "Vendor_portal-html5-runtime": unbind - true bind - true#
#2026 05 31 18:07:53.373#Z#DEBUG#96214937-5d1b-11f1-bf65-eeee0a9fba87.OPERATION#flowable-async-job-executor-thread-10035#
Step "Determine Application Service Binding Actions" finished#
#2026 05 31 18:07:53.202#Z#DEBUG#96214937-5d1b-11f1-bf65-eeee0a9fba87.OPERATION#flowable-async-job-executor-thread-34916#
[DetermineApplicationServiceBindingActionsStep] Executing task "determineApplicationServiceBindingActionsTask" of process "a47e0baa-5d1b-11f1-8a04-eeee0a89be1e"...#
#2026 05 31 18:07:53.203#Z#DEBUG#96214937-5d1b-11f1-bf65-eeee0a9fba87.OPERATION#flowable-async-job-executor-thread-34916#
[DetermineApplicationServiceBindingActionsStep] Determine bind/unbind operations of application "Vendor_portal" to service instance "Vendor_portal-destination"#
#2026 05 31 18:07:53.203#Z#DEBUG#96214937-5d1b-11f1-bf65-eeee0a9fba87.OPERATION#flowable-async-job-executor-thread-34916#
[DetermineApplicationServiceBindingActionsStep] Getting application "Vendor_portal"...#
#2026 05 31 18:07:53.246#Z#DEBUG#96214937-5d1b-11f1-bf65-eeee0a9fba87.OPERATION#flowable-async-job-executor-thread-34916#
[DetermineApplicationServiceBindingActionsStep] Binding parameters for application "Vendor_portal": { }#
#2026 05 31 18:07:53.275#Z#DEBUG#96214937-5d1b-11f1-bf65-eeee0a9fba87.OPERATION#flowable-async-job-executor-thread-34916#
[DetermineApplicationServiceBindingActionsStep] Check should rebind application "Vendor_portal" and service instance "Vendor_portal-destination"#
#2026 05 31 18:07:53.275#Z#DEBUG#96214937-5d1b-11f1-bf65-eeee0a9fba87.OPERATION#flowable-async-job-executor-thread-34916#
[DetermineApplicationServiceBindingActionsStep] Getting GUID of required service instance "Vendor_portal-destination"...#
#2026 05 31 18:07:53.304#Z#DEBUG#96214937-5d1b-11f1-bf65-eeee0a9fba87.OPERATION#flowable-async-job-executor-thread-34916#
[DetermineApplicationServiceBindingActionsStep] Getting binding of service instance "0096e76b-4204-4488-89af-b195d851d22b" with application "8eeb1495-b644-4c51-b33b-4bba12e1bf9d"...#
#2026 05 31 18:07:53.341#Z#DEBUG#96214937-5d1b-11f1-bf65-eeee0a9fba87.OPERATION#flowable-async-job-executor-thread-34916#
[DetermineApplicationServiceBindingActionsStep] Getting parameters of service binding "aed417f6-1f05-47fb-bb87-3973dbeac797"...#
#2026 05 31 18:07:53.374#Z#WARN#96214937-5d1b-11f1-bf65-eeee0a9fba87.OPERATION#flowable-async-job-executor-thread-34916#
[DetermineApplicationServiceBindingActionsStep] Cannot retrieve parameters of binding between application "Vendor_portal" and service instance "Vendor_portal-destination"#
#2026 05 31 18:07:53.375#Z#DEBUG#96214937-5d1b-11f1-bf65-eeee0a9fba87.OPERATION#flowable-async-job-executor-thread-34916#
[DetermineApplicationServiceBindingActionsStep] Calculated binding operations between application "Vendor_portal" and service instance "Vendor_portal-destination": unbind - true bind - true#
#2026 05 31 18:07:53.375#Z#DEBUG#96214937-5d1b-11f1-bf65-eeee0a9fba87.OPERATION#flowable-async-job-executor-thread-34916#
Step "Determine Application Service Binding Actions" finished#
#2026 05 31 18:07:53.404#Z#DEBUG#96214937-5d1b-11f1-bf65-eeee0a9fba87.OPERATION#flowable-async-job-executor-thread-34917#
[UnbindServiceFromApplicationStep] Executing task "unbindServiceFromApplicationTask" of process "a47e0baa-5d1b-11f1-8a04-eeee0a89be1e"...#
#2026 05 31 18:07:53.406#Z#INFO#96214937-5d1b-11f1-bf65-eeee0a9fba87.OPERATION#flowable-async-job-executor-thread-34917#
[UnbindServiceFromApplicationStep] Unbinding service instance "Vendor_portal-destination" from application "Vendor_portal"...#
#2026 05 31 18:07:53.409#Z#DEBUG#96214937-5d1b-11f1-bf65-eeee0a9fba87.OPERATION#flowable-async-job-executor-thread-34917#
[UnbindServiceFromApplicationStep] Unbinding application "Vendor_portal" from service instance "Vendor_portal-destination"...#
#2026 05 31 18:07:53.553#Z#DEBUG#96214937-5d1b-11f1-bf65-eeee0a9fba87.OPERATION#flowable-async-job-executor-thread-34917#
Step "Unbind Service from Application" finished#
#2026 05 31 18:07:53.424#Z#DEBUG#96214937-5d1b-11f1-bf65-eeee0a9fba87.OPERATION#flowable-async-job-executor-thread-10036#
[UnbindServiceFromApplicationStep] Executing task "unbindServiceFromApplicationTask" of process "a473ab00-5d1b-11f1-bf65-eeee0a9fba87"...#
#2026 05 31 18:07:53.428#Z#INFO#96214937-5d1b-11f1-bf65-eeee0a9fba87.OPERATION#flowable-async-job-executor-thread-10036#
[UnbindServiceFromApplicationStep] Unbinding service instance "Vendor_portal-html5-runtime" from application "Vendor_portal"...#
#2026 05 31 18:07:53.437#Z#DEBUG#96214937-5d1b-11f1-bf65-eeee0a9fba87.OPERATION#flowable-async-job-executor-thread-10036#
[UnbindServiceFromApplicationStep] Unbinding application "Vendor_portal" from service instance "Vendor_portal-html5-runtime"...#
#2026 05 31 18:07:53.593#Z#DEBUG#96214937-5d1b-11f1-bf65-eeee0a9fba87.OPERATION#flowable-async-job-executor-thread-10036#
Step "Unbind Service from Application" finished#
#2026 05 31 18:07:54.415#Z#DEBUG#96214937-5d1b-11f1-bf65-eeee0a9fba87.OPERATION#flowable-async-job-executor-thread-34907#
[UploadAppStep] Executing task "uploadAppTask" of process "a1965485-5d1b-11f1-8a04-eeee0a89be1e"...#
#2026 05 31 18:07:54.417#Z#DEBUG#96214937-5d1b-11f1-bf65-eeee0a9fba87.OPERATION#flowable-async-job-executor-thread-34907#
[UploadAppStep] Application upload timeout is default one: 3,600 seconds#
#2026 05 31 18:07:54.419#Z#DEBUG#96214937-5d1b-11f1-bf65-eeee0a9fba87.OPERATION#pool-21-thread-3#
[UploadAppStep] Upload of application: Vendor_portal-db-deployer started on instance: 0#
#2026 05 31 18:07:54.419#Z#DEBUG#96214937-5d1b-11f1-bf65-eeee0a9fba87.OPERATION#pool-21-thread-3#
[UploadAppStep] Uploading file "Vendor_portal-db-deployer/data.zip" for application "Vendor_portal-db-deployer"#
#2026 05 31 18:07:54.523#Z#INFO#96214937-5d1b-11f1-bf65-eeee0a9fba87.OPERATION#pool-21-thread-3#
[UploadAppStep] Time elapsed for app binary download: 103 in millis#
#2026 05 31 18:07:54.523#Z#INFO#96214937-5d1b-11f1-bf65-eeee0a9fba87.OPERATION#pool-21-thread-3#
[UploadAppStep] Size of app Vendor_portal-db-deployer is 2,428,559 bytes#
#2026 05 31 18:07:54.523#Z#DEBUG#96214937-5d1b-11f1-bf65-eeee0a9fba87.OPERATION#pool-21-thread-3#
[UploadAppStep] Asynchronously uploading binaries for application "Vendor_portal-db-deployer"...#
#2026 05 31 18:07:54.775#Z#INFO#96214937-5d1b-11f1-bf65-eeee0a9fba87.OPERATION#pool-21-thread-3#
[UploadAppStep] Started async upload of application "Vendor_portal-db-deployer"#
#2026 05 31 18:07:54.782#Z#INFO#96214937-5d1b-11f1-bf65-eeee0a9fba87.OPERATION#flowable-async-job-executor-thread-34907#
[UploadAppStep] Time elapsed for upload: 364 in millis#
#2026 05 31 18:07:54.782#Z#DEBUG#96214937-5d1b-11f1-bf65-eeee0a9fba87.OPERATION#flowable-async-job-executor-thread-34907#
[UploadAppStep] Getting application "Vendor_portal-db-deployer"...#
#2026 05 31 18:07:54.796#Z#DEBUG#96214937-5d1b-11f1-bf65-eeee0a9fba87.OPERATION#App upload monitor: 6281a2bc-203a-4d70-ba55-ed2fbfcd0c99#
[UploadAppStep] Upload status: PROCESSING_UPLOAD#
#2026 05 31 18:07:54.822#Z#DEBUG#96214937-5d1b-11f1-bf65-eeee0a9fba87.OPERATION#flowable-async-job-executor-thread-34907#
[UploadAppStep] Getting environment of application "718baf92-0d5b-4a96-b0c8-87425390867d"...#
#2026 05 31 18:07:54.854#Z#DEBUG#96214937-5d1b-11f1-bf65-eeee0a9fba87.OPERATION#flowable-async-job-executor-thread-34907#
[UploadAppStep] Updating environment of application "Vendor_portal-db-deployer"#
#2026 05 31 18:07:54.938#Z#DEBUG#96214937-5d1b-11f1-bf65-eeee0a9fba87.OPERATION#flowable-async-job-executor-thread-34907#
Step "Upload App" finished#
#2026 05 31 18:07:54.412#Z#DEBUG#96214937-5d1b-11f1-bf65-eeee0a9fba87.OPERATION#flowable-async-job-executor-thread-34915#
[StartContentDeployStep] Executing task "startContentDeployTask" of process "a0092523-5d1b-11f1-bf4f-eeee0a913b38"...#
#2026 05 31 18:07:54.414#Z#DEBUG#96214937-5d1b-11f1-bf65-eeee0a9fba87.OPERATION#flowable-async-job-executor-thread-34915#
[StartContentDeployStep] Checking status of module content deployment "Vendor_portal-app-deployer" in service "Vendor_portal-html5-repo-host"...#
#2026 05 31 18:07:54.947#Z#DEBUG#96214937-5d1b-11f1-bf65-eeee0a9fba87.OPERATION#flowable-async-job-executor-thread-34915#
[StartContentDeployStep] Deleting content deployment resource "d01c12c7-4f5d-47bf-8898-2a4ce0c5cd2a"...#
#2026 05 31 18:07:55.023#Z#DEBUG#96214937-5d1b-11f1-bf65-eeee0a9fba87.OPERATION#flowable-async-job-executor-thread-34915#
Step "Start Content Deploy" finished#
#2026 05 31 18:07:59.822#Z#DEBUG#96214937-5d1b-11f1-bf65-eeee0a9fba87.OPERATION#App upload monitor: 6281a2bc-203a-4d70-ba55-ed2fbfcd0c99#
[UploadAppStep] Upload status: READY#
#2026 05 31 18:08:04.531#Z#DEBUG#96214937-5d1b-11f1-bf65-eeee0a9fba87.OPERATION#flowable-async-job-executor-thread-34920#
[UploadAppStep] Executing task "uploadAppTask" of process "a1965485-5d1b-11f1-8a04-eeee0a89be1e"...#
#2026 05 31 18:08:04.533#Z#DEBUG#96214937-5d1b-11f1-bf65-eeee0a9fba87.OPERATION#flowable-async-job-executor-thread-34920#
[UploadAppStep] Application upload timeout is default one: 3,600 seconds#
#2026 05 31 18:08:04.533#Z#DEBUG#96214937-5d1b-11f1-bf65-eeee0a9fba87.OPERATION#flowable-async-job-executor-thread-34920#
[UploadAppStep] Checking upload status of application "Vendor_portal-db-deployer"...#
#2026 05 31 18:08:04.534#Z#DEBUG#96214937-5d1b-11f1-bf65-eeee0a9fba87.OPERATION#flowable-async-job-executor-thread-34920#
[UploadAppStep] Getting package "6281a2bc-203a-4d70-ba55-ed2fbfcd0c99"...#
#2026 05 31 18:08:04.561#Z#DEBUG#96214937-5d1b-11f1-bf65-eeee0a9fba87.OPERATION#flowable-async-job-executor-thread-34920#
[UploadAppStep] Application "Vendor_portal-db-deployer" uploaded#
#2026 05 31 18:08:04.562#Z#DEBUG#96214937-5d1b-11f1-bf65-eeee0a9fba87.OPERATION#flowable-async-job-executor-thread-34920#
Step "Upload App" finished#
#2026 05 31 18:08:04.499#Z#DEBUG#96214937-5d1b-11f1-bf65-eeee0a9fba87.OPERATION#flowable-async-job-executor-thread-34923#
[UnbindServiceFromApplicationStep] Executing task "unbindServiceFromApplicationTask" of process "a298827e-5d1b-11f1-bf4f-eeee0a913b38"...#
#2026 05 31 18:08:04.501#Z#DEBUG#96214937-5d1b-11f1-bf65-eeee0a9fba87.OPERATION#flowable-async-job-executor-thread-34923#
[UnbindServiceFromApplicationStep] Getting async job "12b52e15-5086-4c52-ae3b-1c34552d2113"#
#2026 05 31 18:08:04.528#Z#DEBUG#96214937-5d1b-11f1-bf65-eeee0a9fba87.OPERATION#flowable-async-job-executor-thread-34923#
[UnbindServiceFromApplicationStep] Getting service instance "Vendor_portal-auth"...#
#2026 05 31 18:08:04.637#Z#DEBUG#96214937-5d1b-11f1-bf65-eeee0a9fba87.OPERATION#flowable-async-job-executor-thread-34923#
[UnbindServiceFromApplicationStep] Async service binding operation with id "12b52e15-5086-4c52-ae3b-1c34552d2113" finished#
#2026 05 31 18:08:04.640#Z#DEBUG#96214937-5d1b-11f1-bf65-eeee0a9fba87.OPERATION#flowable-async-job-executor-thread-34923#
Step "Unbind Service from Application" finished#
#2026 05 31 18:08:04.510#Z#DEBUG#96214937-5d1b-11f1-bf65-eeee0a9fba87.OPERATION#flowable-async-job-executor-thread-11625#
[UnbindServiceFromApplicationStep] Executing task "unbindServiceFromApplicationTask" of process "a473ab00-5d1b-11f1-bf65-eeee0a9fba87"...#
#2026 05 31 18:08:04.513#Z#DEBUG#96214937-5d1b-11f1-bf65-eeee0a9fba87.OPERATION#flowable-async-job-executor-thread-11625#
[UnbindServiceFromApplicationStep] Getting async job "68c25c7c-c99c-4ed4-9387-ef9cc970a8ed"#
#2026 05 31 18:08:04.541#Z#DEBUG#96214937-5d1b-11f1-bf65-eeee0a9fba87.OPERATION#flowable-async-job-executor-thread-11625#
[UnbindServiceFromApplicationStep] Getting service instance "Vendor_portal-html5-runtime"...#
#2026 05 31 18:08:04.645#Z#DEBUG#96214937-5d1b-11f1-bf65-eeee0a9fba87.OPERATION#flowable-async-job-executor-thread-11625#
[UnbindServiceFromApplicationStep] Async service binding operation with id "68c25c7c-c99c-4ed4-9387-ef9cc970a8ed" finished#
#2026 05 31 18:08:04.653#Z#DEBUG#96214937-5d1b-11f1-bf65-eeee0a9fba87.OPERATION#flowable-async-job-executor-thread-11625#
Step "Unbind Service from Application" finished#
#2026 05 31 18:08:04.632#Z#DEBUG#96214937-5d1b-11f1-bf65-eeee0a9fba87.OPERATION#flowable-async-job-executor-thread-10044#
[UnbindServiceFromApplicationStep] Executing task "unbindServiceFromApplicationTask" of process "a2a9999e-5d1b-11f1-bf4f-eeee0a913b38"...#
#2026 05 31 18:08:04.636#Z#DEBUG#96214937-5d1b-11f1-bf65-eeee0a9fba87.OPERATION#flowable-async-job-executor-thread-10044#
[UnbindServiceFromApplicationStep] Getting async job "02ce8a90-f63a-4bd1-be35-040c01d6c3cf"#
#2026 05 31 18:08:04.670#Z#DEBUG#96214937-5d1b-11f1-bf65-eeee0a9fba87.OPERATION#flowable-async-job-executor-thread-10044#
[UnbindServiceFromApplicationStep] Getting service instance "Vendor_portal-destination"...#
#2026 05 31 18:08:04.776#Z#DEBUG#96214937-5d1b-11f1-bf65-eeee0a9fba87.OPERATION#flowable-async-job-executor-thread-10044#
[UnbindServiceFromApplicationStep] Async service binding operation with id "02ce8a90-f63a-4bd1-be35-040c01d6c3cf" finished#
#2026 05 31 18:08:04.782#Z#DEBUG#96214937-5d1b-11f1-bf65-eeee0a9fba87.OPERATION#flowable-async-job-executor-thread-10044#
Step "Unbind Service from Application" finished#
#2026 05 31 18:08:04.710#Z#DEBUG#96214937-5d1b-11f1-bf65-eeee0a9fba87.OPERATION#flowable-async-job-executor-thread-34926#
[ScaleAppStep] Executing task "scaleAppTask" of process "a1965485-5d1b-11f1-8a04-eeee0a89be1e"...#
#2026 05 31 18:08:04.712#Z#DEBUG#96214937-5d1b-11f1-bf65-eeee0a9fba87.OPERATION#flowable-async-job-executor-thread-34926#
[ScaleAppStep] Scaling application "Vendor_portal-db-deployer"...#
#2026 05 31 18:08:04.712#Z#DEBUG#96214937-5d1b-11f1-bf65-eeee0a9fba87.OPERATION#flowable-async-job-executor-thread-34926#
[ScaleAppStep] Getting application guid "Vendor_portal-db-deployer"...#
#2026 05 31 18:08:04.756#Z#DEBUG#96214937-5d1b-11f1-bf65-eeee0a9fba87.OPERATION#flowable-async-job-executor-thread-34926#
[ScaleAppStep] Getting process for application "718baf92-0d5b-4a96-b0c8-87425390867d"...#
#2026 05 31 18:08:04.803#Z#DEBUG#96214937-5d1b-11f1-bf65-eeee0a9fba87.OPERATION#flowable-async-job-executor-thread-34926#
[ScaleAppStep] Application "Vendor_portal-db-deployer" scaled#
#2026 05 31 18:08:04.803#Z#DEBUG#96214937-5d1b-11f1-bf65-eeee0a9fba87.OPERATION#flowable-async-job-executor-thread-34926#
Step "Scale App" finished#
#2026 05 31 18:08:04.720#Z#DEBUG#96214937-5d1b-11f1-bf65-eeee0a9fba87.OPERATION#flowable-async-job-executor-thread-11629#
[BindServiceToApplicationStep] Executing task "bindServiceToApplicationTask" of process "a473ab00-5d1b-11f1-bf65-eeee0a9fba87"...#
#2026 05 31 18:08:04.723#Z#INFO#96214937-5d1b-11f1-bf65-eeee0a9fba87.OPERATION#flowable-async-job-executor-thread-11629#
[BindServiceToApplicationStep] Binding service instance "Vendor_portal-html5-runtime" to application "Vendor_portal"...#
#2026 05 31 18:08:04.736#Z#DEBUG#96214937-5d1b-11f1-bf65-eeee0a9fba87.OPERATION#flowable-async-job-executor-thread-11629#
[BindServiceToApplicationStep] Binding service instance "Vendor_portal-html5-runtime" to application "Vendor_portal" with parameters: { }#
#2026 05 31 18:08:04.843#Z#DEBUG#96214937-5d1b-11f1-bf65-eeee0a9fba87.OPERATION#flowable-async-job-executor-thread-11629#
Step "Bind Service to Application" finished#
#2026 05 31 18:08:04.794#Z#DEBUG#96214937-5d1b-11f1-bf65-eeee0a9fba87.OPERATION#flowable-async-job-executor-thread-34923#
[UnbindServiceFromApplicationStep] Executing task "unbindServiceFromApplicationTask" of process "a3197239-5d1b-11f1-bf4f-eeee0a913b38"...#
#2026 05 31 18:08:04.797#Z#DEBUG#96214937-5d1b-11f1-bf65-eeee0a9fba87.OPERATION#flowable-async-job-executor-thread-34923#
[UnbindServiceFromApplicationStep] Getting async job "d4c32eb9-8dd9-49ef-8cf5-e7f2a71f86c2"#
#2026 05 31 18:08:04.820#Z#DEBUG#96214937-5d1b-11f1-bf65-eeee0a9fba87.OPERATION#flowable-async-job-executor-thread-34923#
[UnbindServiceFromApplicationStep] Getting service instance "Vendor_portal-auth"...#
#2026 05 31 18:08:04.889#Z#DEBUG#96214937-5d1b-11f1-bf65-eeee0a9fba87.OPERATION#flowable-async-job-executor-thread-34925#
[UnbindServiceFromApplicationStep] Executing task "unbindServiceFromApplicationTask" of process "a47e0baa-5d1b-11f1-8a04-eeee0a89be1e"...#
#2026 05 31 18:08:04.891#Z#DEBUG#96214937-5d1b-11f1-bf65-eeee0a9fba87.OPERATION#flowable-async-job-executor-thread-34925#
[UnbindServiceFromApplicationStep] Getting async job "f32e2f69-a8f9-4df8-9017-d5023d044626"#
#2026 05 31 18:08:04.913#Z#DEBUG#96214937-5d1b-11f1-bf65-eeee0a9fba87.OPERATION#flowable-async-job-executor-thread-34923#
[UnbindServiceFromApplicationStep] Async service binding operation with id "d4c32eb9-8dd9-49ef-8cf5-e7f2a71f86c2" finished#
#2026 05 31 18:08:04.917#Z#DEBUG#96214937-5d1b-11f1-bf65-eeee0a9fba87.OPERATION#flowable-async-job-executor-thread-34923#
Step "Unbind Service from Application" finished#
#2026 05 31 18:08:04.836#Z#DEBUG#96214937-5d1b-11f1-bf65-eeee0a9fba87.OPERATION#flowable-async-job-executor-thread-34926#
[BindServiceToApplicationStep] Executing task "bindServiceToApplicationTask" of process "a298827e-5d1b-11f1-bf4f-eeee0a913b38"...#
#2026 05 31 18:08:04.837#Z#INFO#96214937-5d1b-11f1-bf65-eeee0a9fba87.OPERATION#flowable-async-job-executor-thread-34926#
[BindServiceToApplicationStep] Binding service instance "Vendor_portal-auth" to application "Vendor_portal-srv"...#
#2026 05 31 18:08:04.844#Z#DEBUG#96214937-5d1b-11f1-bf65-eeee0a9fba87.OPERATION#flowable-async-job-executor-thread-34926#
[BindServiceToApplicationStep] Binding service instance "Vendor_portal-auth" to application "Vendor_portal-srv" with parameters: { }#
#2026 05 31 18:08:04.958#Z#DEBUG#96214937-5d1b-11f1-bf65-eeee0a9fba87.OPERATION#flowable-async-job-executor-thread-34926#
Step "Bind Service to Application" finished#
#2026 05 31 18:08:04.849#Z#DEBUG#96214937-5d1b-11f1-bf65-eeee0a9fba87.OPERATION#flowable-async-job-executor-thread-10044#
[BindServiceToApplicationStep] Executing task "bindServiceToApplicationTask" of process "a2a9999e-5d1b-11f1-bf4f-eeee0a913b38"...#
#2026 05 31 18:08:04.853#Z#INFO#96214937-5d1b-11f1-bf65-eeee0a9fba87.OPERATION#flowable-async-job-executor-thread-10044#
[BindServiceToApplicationStep] Binding service instance "Vendor_portal-destination" to application "Vendor_portal-srv"...#
#2026 05 31 18:08:04.863#Z#DEBUG#96214937-5d1b-11f1-bf65-eeee0a9fba87.OPERATION#flowable-async-job-executor-thread-10044#
[BindServiceToApplicationStep] Binding service instance "Vendor_portal-destination" to application "Vendor_portal-srv" with parameters: { }#
#2026 05 31 18:08:05.002#Z#DEBUG#96214937-5d1b-11f1-bf65-eeee0a9fba87.OPERATION#flowable-async-job-executor-thread-10044#
Step "Bind Service to Application" finished#
#2026 05 31 18:08:04.919#Z#DEBUG#96214937-5d1b-11f1-bf65-eeee0a9fba87.OPERATION#flowable-async-job-executor-thread-34925#
[UnbindServiceFromApplicationStep] Getting service instance "Vendor_portal-destination"...#
#2026 05 31 18:08:05.011#Z#DEBUG#96214937-5d1b-11f1-bf65-eeee0a9fba87.OPERATION#flowable-async-job-executor-thread-34925#
[UnbindServiceFromApplicationStep] Async service binding operation with id "f32e2f69-a8f9-4df8-9017-d5023d044626" finished#
#2026 05 31 18:08:05.013#Z#DEBUG#96214937-5d1b-11f1-bf65-eeee0a9fba87.OPERATION#flowable-async-job-executor-thread-34925#
Step "Unbind Service from Application" finished#
#2026 05 31 18:08:04.999#Z#DEBUG#96214937-5d1b-11f1-bf65-eeee0a9fba87.OPERATION#flowable-async-job-executor-thread-34926#
[DetermineDesiredStateAchievingActionsStep] Executing task "determineDesiredStateAchievingActionsTask" of process "a1965485-5d1b-11f1-8a04-eeee0a89be1e"...#
#2026 05 31 18:08:05.001#Z#DEBUG#96214937-5d1b-11f1-bf65-eeee0a9fba87.OPERATION#flowable-async-job-executor-thread-34926#
[DetermineDesiredStateAchievingActionsStep] Getting application "Vendor_portal-db-deployer"...#
#2026 05 31 18:08:05.035#Z#DEBUG#96214937-5d1b-11f1-bf65-eeee0a9fba87.OPERATION#flowable-async-job-executor-thread-34926#
[DetermineDesiredStateAchievingActionsStep] Getting instances for application "Vendor_portal-db-deployer"...#
#2026 05 31 18:08:05.036#Z#DEBUG#96214937-5d1b-11f1-bf65-eeee0a9fba87.OPERATION#flowable-async-job-executor-thread-34926#
[DetermineDesiredStateAchievingActionsStep] Getting environment of application "718baf92-0d5b-4a96-b0c8-87425390867d"...#
#2026 05 31 18:08:05.071#Z#DEBUG#96214937-5d1b-11f1-bf65-eeee0a9fba87.OPERATION#flowable-async-job-executor-thread-34926#
[DetermineDesiredStateAchievingActionsStep] Current state of application Vendor_portal-db-deployer: STOPPED#
#2026 05 31 18:08:05.071#Z#DEBUG#96214937-5d1b-11f1-bf65-eeee0a9fba87.OPERATION#flowable-async-job-executor-thread-34926#
[DetermineDesiredStateAchievingActionsStep] Desired state of application Vendor_portal-db-deployer: STOPPED#
#2026 05 31 18:08:05.071#Z#DEBUG#96214937-5d1b-11f1-bf65-eeee0a9fba87.OPERATION#flowable-async-job-executor-thread-34926#
[DetermineDesiredStateAchievingActionsStep] Actions that should be executed on application Vendor_portal-db-deployer: [STAGE]#
#2026 05 31 18:08:05.071#Z#DEBUG#96214937-5d1b-11f1-bf65-eeee0a9fba87.OPERATION#flowable-async-job-executor-thread-34926#
Step "Determine Desired State Achieving Actions" finished#
#2026 05 31 18:08:05.056#Z#DEBUG#96214937-5d1b-11f1-bf65-eeee0a9fba87.OPERATION#flowable-async-job-executor-thread-34925#
[BindServiceToApplicationStep] Executing task "bindServiceToApplicationTask" of process "a3197239-5d1b-11f1-bf4f-eeee0a913b38"...#
#2026 05 31 18:08:05.058#Z#INFO#96214937-5d1b-11f1-bf65-eeee0a9fba87.OPERATION#flowable-async-job-executor-thread-34925#
[BindServiceToApplicationStep] Binding service instance "Vendor_portal-auth" to application "Vendor_portal"...#
#2026 05 31 18:08:05.071#Z#DEBUG#96214937-5d1b-11f1-bf65-eeee0a9fba87.OPERATION#flowable-async-job-executor-thread-34925#
[BindServiceToApplicationStep] Binding service instance "Vendor_portal-auth" to application "Vendor_portal" with parameters: { }#
#2026 05 31 18:08:05.109#Z#DEBUG#96214937-5d1b-11f1-bf65-eeee0a9fba87.OPERATION#flowable-async-job-executor-thread-34924#
[BindServiceToApplicationStep] Executing task "bindServiceToApplicationTask" of process "a47e0baa-5d1b-11f1-8a04-eeee0a89be1e"...#
#2026 05 31 18:08:05.112#Z#INFO#96214937-5d1b-11f1-bf65-eeee0a9fba87.OPERATION#flowable-async-job-executor-thread-34924#
[BindServiceToApplicationStep] Binding service instance "Vendor_portal-destination" to application "Vendor_portal"...#
#2026 05 31 18:08:05.118#Z#DEBUG#96214937-5d1b-11f1-bf65-eeee0a9fba87.OPERATION#flowable-async-job-executor-thread-34924#
[BindServiceToApplicationStep] Binding service instance "Vendor_portal-destination" to application "Vendor_portal" with parameters: { }#
#2026 05 31 18:08:05.194#Z#DEBUG#96214937-5d1b-11f1-bf65-eeee0a9fba87.OPERATION#flowable-async-job-executor-thread-34925#
Step "Bind Service to Application" finished#
#2026 05 31 18:08:05.238#Z#DEBUG#96214937-5d1b-11f1-bf65-eeee0a9fba87.OPERATION#flowable-async-job-executor-thread-34924#
Step "Bind Service to Application" finished#
#2026 05 31 18:08:05.122#Z#DEBUG#96214937-5d1b-11f1-bf65-eeee0a9fba87.OPERATION#flowable-async-job-executor-thread-34921#
[StageAppStep] Executing task "stageAppTask" of process "a1965485-5d1b-11f1-8a04-eeee0a89be1e"...#
#2026 05 31 18:08:05.124#Z#DEBUG#96214937-5d1b-11f1-bf65-eeee0a9fba87.OPERATION#flowable-async-job-executor-thread-34921#
[StageAppStep] Application stage timeout is default one: 3,600 seconds#
#2026 05 31 18:08:05.125#Z#INFO#96214937-5d1b-11f1-bf65-eeee0a9fba87.OPERATION#flowable-async-job-executor-thread-34921#
[StageAppStep] Staging application "Vendor_portal-db-deployer"...#
#2026 05 31 18:08:05.129#Z#DEBUG#96214937-5d1b-11f1-bf65-eeee0a9fba87.OPERATION#flowable-async-job-executor-thread-34921#
[StageAppStep] Creating build for package "6281a2bc-203a-4d70-ba55-ed2fbfcd0c99"...#
#2026 05 31 18:08:05.514#Z#DEBUG#96214937-5d1b-11f1-bf65-eeee0a9fba87.OPERATION#flowable-async-job-executor-thread-34921#
Step "Stage App" finished#
#2026 05 31 18:08:14.634#Z#DEBUG#96214937-5d1b-11f1-bf65-eeee0a9fba87.OPERATION#flowable-async-job-executor-thread-34931#
[BindServiceToApplicationStep] Executing task "bindServiceToApplicationTask" of process "a298827e-5d1b-11f1-bf4f-eeee0a913b38"...#
#2026 05 31 18:08:14.636#Z#DEBUG#96214937-5d1b-11f1-bf65-eeee0a9fba87.OPERATION#flowable-async-job-executor-thread-34931#
[BindServiceToApplicationStep] Getting async job "b1512dd5-174e-438b-91cd-cd5a9543d7ca"#
#2026 05 31 18:08:14.640#Z#DEBUG#96214937-5d1b-11f1-bf65-eeee0a9fba87.OPERATION#flowable-async-job-executor-thread-34933#
[BindServiceToApplicationStep] Executing task "bindServiceToApplicationTask" of process "a2a9999e-5d1b-11f1-bf4f-eeee0a913b38"...#
#2026 05 31 18:08:14.641#Z#DEBUG#96214937-5d1b-11f1-bf65-eeee0a9fba87.OPERATION#flowable-async-job-executor-thread-34933#
[BindServiceToApplicationStep] Getting async job "f7e13ec5-61b1-455d-a941-286c7d49e6c5"#
#2026 05 31 18:08:14.651#Z#DEBUG#96214937-5d1b-11f1-bf65-eeee0a9fba87.OPERATION#flowable-async-job-executor-thread-34930#
[BindServiceToApplicationStep] Executing task "bindServiceToApplicationTask" of process "a473ab00-5d1b-11f1-bf65-eeee0a9fba87"...#
#2026 05 31 18:08:14.653#Z#DEBUG#96214937-5d1b-11f1-bf65-eeee0a9fba87.OPERATION#flowable-async-job-executor-thread-34930#
[BindServiceToApplicationStep] Getting async job "a390d532-0307-4f8c-85e0-34ffcf363378"#
#2026 05 31 18:08:14.662#Z#DEBUG#96214937-5d1b-11f1-bf65-eeee0a9fba87.OPERATION#flowable-async-job-executor-thread-34931#
[BindServiceToApplicationStep] Getting service instance "Vendor_portal-auth"...#
#2026 05 31 18:08:14.676#Z#DEBUG#96214937-5d1b-11f1-bf65-eeee0a9fba87.OPERATION#flowable-async-job-executor-thread-34933#
[BindServiceToApplicationStep] Getting service instance "Vendor_portal-destination"...#
#2026 05 31 18:08:14.681#Z#DEBUG#96214937-5d1b-11f1-bf65-eeee0a9fba87.OPERATION#flowable-async-job-executor-thread-34930#
[BindServiceToApplicationStep] Getting service instance "Vendor_portal-html5-runtime"...#
#2026 05 31 18:08:14.753#Z#DEBUG#96214937-5d1b-11f1-bf65-eeee0a9fba87.OPERATION#flowable-async-job-executor-thread-34931#
[BindServiceToApplicationStep] Async service binding operation with id "b1512dd5-174e-438b-91cd-cd5a9543d7ca" finished#
#2026 05 31 18:08:14.754#Z#DEBUG#96214937-5d1b-11f1-bf65-eeee0a9fba87.OPERATION#flowable-async-job-executor-thread-34931#
Step "Bind Service to Application" finished#
#2026 05 31 18:08:14.768#Z#DEBUG#96214937-5d1b-11f1-bf65-eeee0a9fba87.OPERATION#flowable-async-job-executor-thread-34933#
[BindServiceToApplicationStep] Async service binding operation with id "f7e13ec5-61b1-455d-a941-286c7d49e6c5" finished#
#2026 05 31 18:08:14.769#Z#DEBUG#96214937-5d1b-11f1-bf65-eeee0a9fba87.OPERATION#flowable-async-job-executor-thread-34933#
Step "Bind Service to Application" finished#
#2026 05 31 18:08:14.784#Z#DEBUG#96214937-5d1b-11f1-bf65-eeee0a9fba87.OPERATION#flowable-async-job-executor-thread-34930#
[BindServiceToApplicationStep] Async service binding operation with id "a390d532-0307-4f8c-85e0-34ffcf363378" finished#
#2026 05 31 18:08:14.785#Z#DEBUG#96214937-5d1b-11f1-bf65-eeee0a9fba87.OPERATION#flowable-async-job-executor-thread-34930#
Step "Bind Service to Application" finished#
#2026 05 31 18:08:14.693#Z#DEBUG#96214937-5d1b-11f1-bf65-eeee0a9fba87.OPERATION#flowable-async-job-executor-thread-34927#
[StageAppStep] Executing task "stageAppTask" of process "a1965485-5d1b-11f1-8a04-eeee0a89be1e"...#
#2026 05 31 18:08:14.695#Z#DEBUG#96214937-5d1b-11f1-bf65-eeee0a9fba87.OPERATION#flowable-async-job-executor-thread-34927#
[StageAppStep] Application stage timeout is default one: 3,600 seconds#
#2026 05 31 18:08:14.695#Z#DEBUG#96214937-5d1b-11f1-bf65-eeee0a9fba87.OPERATION#flowable-async-job-executor-thread-34927#
[StageAppStep] Checking status of application "Vendor_portal-db-deployer"...#
#2026 05 31 18:08:14.695#Z#DEBUG#96214937-5d1b-11f1-bf65-eeee0a9fba87.OPERATION#flowable-async-job-executor-thread-34927#
[StageAppStep] Getting build "95b99e35-271f-4885-b8db-66127da942c6"...#
#2026 05 31 18:08:14.727#Z#DEBUG#96214937-5d1b-11f1-bf65-eeee0a9fba87.OPERATION#flowable-async-job-executor-thread-34927#
[StageAppStep] Staging status of application "Vendor_portal-db-deployer": PENDING#
#2026 05 31 18:08:14.728#Z#DEBUG#96214937-5d1b-11f1-bf65-eeee0a9fba87.OPERATION#flowable-async-job-executor-thread-34927#
[StageAppStep] Getting application guid "Vendor_portal-db-deployer"...#
#2026 05 31 18:08:14.815#Z#DEBUG#96214937-5d1b-11f1-bf65-eeee0a9fba87.OPERATION#flowable-async-job-executor-thread-34927#
Step "Stage App" finished#
#2026 05 31 18:08:14.839#Z#DEBUG#96214937-5d1b-11f1-bf65-eeee0a9fba87.OPERATION#flowable-async-job-executor-thread-34928#
[BindServiceToApplicationStep] Executing task "bindServiceToApplicationTask" of process "a3197239-5d1b-11f1-bf4f-eeee0a913b38"...#
#2026 05 31 18:08:14.841#Z#DEBUG#96214937-5d1b-11f1-bf65-eeee0a9fba87.OPERATION#flowable-async-job-executor-thread-34928#
[BindServiceToApplicationStep] Getting async job "888fc7c9-d969-4fe1-8486-dc6ebe54cf37"#
#2026 05 31 18:08:14.872#Z#DEBUG#96214937-5d1b-11f1-bf65-eeee0a9fba87.OPERATION#flowable-async-job-executor-thread-34928#
[BindServiceToApplicationStep] Getting service instance "Vendor_portal-auth"...#
#2026 05 31 18:08:14.875#Z#DEBUG#96214937-5d1b-11f1-bf65-eeee0a9fba87.OPERATION#flowable-async-job-executor-thread-34927#
[BindServiceToApplicationStep] Executing task "bindServiceToApplicationTask" of process "a47e0baa-5d1b-11f1-8a04-eeee0a89be1e"...#
#2026 05 31 18:08:14.876#Z#DEBUG#96214937-5d1b-11f1-bf65-eeee0a9fba87.OPERATION#flowable-async-job-executor-thread-34927#
[BindServiceToApplicationStep] Getting async job "2e636772-f796-4f5d-9c92-940f3a7a0996"#
#2026 05 31 18:08:14.903#Z#DEBUG#96214937-5d1b-11f1-bf65-eeee0a9fba87.OPERATION#flowable-async-job-executor-thread-34927#
[BindServiceToApplicationStep] Getting service instance "Vendor_portal-destination"...#
#2026 05 31 18:08:14.960#Z#DEBUG#96214937-5d1b-11f1-bf65-eeee0a9fba87.OPERATION#flowable-async-job-executor-thread-34928#
[BindServiceToApplicationStep] Async service binding operation with id "888fc7c9-d969-4fe1-8486-dc6ebe54cf37" finished#
#2026 05 31 18:08:14.961#Z#DEBUG#96214937-5d1b-11f1-bf65-eeee0a9fba87.OPERATION#flowable-async-job-executor-thread-34928#
Step "Bind Service to Application" finished#
#2026 05 31 18:08:14.999#Z#DEBUG#96214937-5d1b-11f1-bf65-eeee0a9fba87.OPERATION#flowable-async-job-executor-thread-34927#
[BindServiceToApplicationStep] Async service binding operation with id "2e636772-f796-4f5d-9c92-940f3a7a0996" finished#
#2026 05 31 18:08:15.000#Z#DEBUG#96214937-5d1b-11f1-bf65-eeee0a9fba87.OPERATION#flowable-async-job-executor-thread-34927#
Step "Bind Service to Application" finished#
#2026 05 31 18:08:17.195#Z#DEBUG#96214937-5d1b-11f1-bf65-eeee0a9fba87.OPERATION#flowable-async-job-executor-thread-11632#
[DetermineVcapServicesPropertiesChangedStep] Executing task "determineVcapServicesPropertiesChangedTask" of process "b2d54fd0-5d1b-11f1-bf4f-eeee0a913b38"...#
#2026 05 31 18:08:17.197#Z#DEBUG#96214937-5d1b-11f1-bf65-eeee0a9fba87.OPERATION#flowable-async-job-executor-thread-11632#
[DetermineVcapServicesPropertiesChangedStep] VCAP_SERVICES properties for application "Vendor_portal" changed: true#
#2026 05 31 18:08:17.197#Z#DEBUG#96214937-5d1b-11f1-bf65-eeee0a9fba87.OPERATION#flowable-async-job-executor-thread-11632#
Step "Determine vcap services properties changed" finished#
#2026 05 31 18:08:17.205#Z#DEBUG#96214937-5d1b-11f1-bf65-eeee0a9fba87.OPERATION#flowable-async-job-executor-thread-11633#
[DetermineVcapServicesPropertiesChangedStep] Executing task "determineVcapServicesPropertiesChangedTask" of process "b2d5ec14-5d1b-11f1-bf4f-eeee0a913b38"...#
#2026 05 31 18:08:17.207#Z#DEBUG#96214937-5d1b-11f1-bf65-eeee0a9fba87.OPERATION#flowable-async-job-executor-thread-11633#
[DetermineVcapServicesPropertiesChangedStep] VCAP_SERVICES properties for application "Vendor_portal-srv" changed: true#
#2026 05 31 18:08:17.207#Z#DEBUG#96214937-5d1b-11f1-bf65-eeee0a9fba87.OPERATION#flowable-async-job-executor-thread-11633#
Step "Determine vcap services properties changed" finished#
#2026 05 31 18:08:17.240#Z#DEBUG#96214937-5d1b-11f1-bf65-eeee0a9fba87.OPERATION#flowable-async-job-executor-thread-11634#
[UploadAppStep] Executing task "uploadAppTask" of process "b2d54fd0-5d1b-11f1-bf4f-eeee0a913b38"...#
#2026 05 31 18:08:17.243#Z#DEBUG#96214937-5d1b-11f1-bf65-eeee0a9fba87.OPERATION#flowable-async-job-executor-thread-11634#
[UploadAppStep] Application upload timeout is default one: 3,600 seconds#
#2026 05 31 18:08:17.243#Z#INFO#96214937-5d1b-11f1-bf65-eeee0a9fba87.OPERATION#flowable-async-job-executor-thread-11634#
[UploadAppStep] Uploading application "Vendor_portal"...#
#2026 05 31 18:08:17.249#Z#DEBUG#96214937-5d1b-11f1-bf65-eeee0a9fba87.OPERATION#flowable-async-job-executor-thread-11634#
[UploadAppStep] Getting application "Vendor_portal"...#
#2026 05 31 18:08:17.292#Z#DEBUG#96214937-5d1b-11f1-bf65-eeee0a9fba87.OPERATION#flowable-async-job-executor-thread-11635#
[UploadAppStep] Executing task "uploadAppTask" of process "b2d5ec14-5d1b-11f1-bf4f-eeee0a913b38"...#
#2026 05 31 18:08:17.295#Z#DEBUG#96214937-5d1b-11f1-bf65-eeee0a9fba87.OPERATION#flowable-async-job-executor-thread-11635#
[UploadAppStep] Application upload timeout is default one: 3,600 seconds#
#2026 05 31 18:08:17.295#Z#INFO#96214937-5d1b-11f1-bf65-eeee0a9fba87.OPERATION#flowable-async-job-executor-thread-11635#
[UploadAppStep] Uploading application "Vendor_portal-srv"...#
#2026 05 31 18:08:17.301#Z#DEBUG#96214937-5d1b-11f1-bf65-eeee0a9fba87.OPERATION#flowable-async-job-executor-thread-11635#
[UploadAppStep] Getting application "Vendor_portal-srv"...#
#2026 05 31 18:08:17.311#Z#DEBUG#96214937-5d1b-11f1-bf65-eeee0a9fba87.OPERATION#flowable-async-job-executor-thread-11634#
[UploadAppStep] Getting environment of application "8eeb1495-b644-4c51-b33b-4bba12e1bf9d"...#
#2026 05 31 18:08:17.343#Z#DEBUG#96214937-5d1b-11f1-bf65-eeee0a9fba87.OPERATION#flowable-async-job-executor-thread-11635#
[UploadAppStep] Getting environment of application "f3610358-e791-4b3a-8047-269077eb9aff"...#
#2026 05 31 18:08:17.345#Z#INFO#96214937-5d1b-11f1-bf65-eeee0a9fba87.OPERATION#flowable-async-job-executor-thread-11634#
[UploadAppStep] Calculating application digest: "Vendor_portal"#
#2026 05 31 18:08:17.378#Z#INFO#96214937-5d1b-11f1-bf65-eeee0a9fba87.OPERATION#flowable-async-job-executor-thread-11635#
[UploadAppStep] Calculating application digest: "Vendor_portal-srv"#
#2026 05 31 18:08:17.420#Z#DEBUG#96214937-5d1b-11f1-bf65-eeee0a9fba87.OPERATION#flowable-async-job-executor-thread-11634#
Step "Upload App" finished#
#2026 05 31 18:08:17.528#Z#DEBUG#96214937-5d1b-11f1-bf65-eeee0a9fba87.OPERATION#flowable-async-job-executor-thread-11635#
Step "Upload App" finished#
#2026 05 31 18:08:24.729#Z#DEBUG#96214937-5d1b-11f1-bf65-eeee0a9fba87.OPERATION#flowable-async-job-executor-thread-34938#
[StageAppStep] Executing task "stageAppTask" of process "a1965485-5d1b-11f1-8a04-eeee0a89be1e"...#
#2026 05 31 18:08:24.731#Z#DEBUG#96214937-5d1b-11f1-bf65-eeee0a9fba87.OPERATION#flowable-async-job-executor-thread-34938#
[StageAppStep] Application stage timeout is default one: 3,600 seconds#
#2026 05 31 18:08:24.732#Z#DEBUG#96214937-5d1b-11f1-bf65-eeee0a9fba87.OPERATION#flowable-async-job-executor-thread-34938#
[StageAppStep] Checking status of application "Vendor_portal-db-deployer"...#
#2026 05 31 18:08:24.732#Z#DEBUG#96214937-5d1b-11f1-bf65-eeee0a9fba87.OPERATION#flowable-async-job-executor-thread-34938#
[StageAppStep] Getting build "95b99e35-271f-4885-b8db-66127da942c6"...#
#2026 05 31 18:08:24.764#Z#DEBUG#96214937-5d1b-11f1-bf65-eeee0a9fba87.OPERATION#flowable-async-job-executor-thread-34938#
[StageAppStep] Staging status of application "Vendor_portal-db-deployer": PENDING#
#2026 05 31 18:08:24.765#Z#DEBUG#96214937-5d1b-11f1-bf65-eeee0a9fba87.OPERATION#flowable-async-job-executor-thread-34938#
[StageAppStep] Getting application guid "Vendor_portal-db-deployer"...#
#2026 05 31 18:08:24.865#Z#DEBUG#96214937-5d1b-11f1-bf65-eeee0a9fba87.OPERATION#flowable-async-job-executor-thread-34938#
Step "Stage App" finished#
#2026 05 31 18:08:24.763#Z#DEBUG#96214937-5d1b-11f1-bf65-eeee0a9fba87.OPERATION#flowable-async-job-executor-thread-34941#
[UploadAppStep] Executing task "uploadAppTask" of process "b2d54fd0-5d1b-11f1-bf4f-eeee0a913b38"...#
#2026 05 31 18:08:24.765#Z#DEBUG#96214937-5d1b-11f1-bf65-eeee0a9fba87.OPERATION#flowable-async-job-executor-thread-34941#
[UploadAppStep] Application upload timeout is default one: 3,600 seconds#
#2026 05 31 18:08:24.775#Z#DEBUG#96214937-5d1b-11f1-bf65-eeee0a9fba87.OPERATION#pool-21-thread-5#
[UploadAppStep] Upload of application: Vendor_portal started on instance: 0#
#2026 05 31 18:08:24.775#Z#DEBUG#96214937-5d1b-11f1-bf65-eeee0a9fba87.OPERATION#pool-21-thread-5#
[UploadAppStep] Uploading file "Vendor_portal/data.zip" for application "Vendor_portal"#
#2026 05 31 18:08:24.829#Z#INFO#96214937-5d1b-11f1-bf65-eeee0a9fba87.OPERATION#pool-21-thread-5#
[UploadAppStep] Time elapsed for app binary download: 54 in millis#
#2026 05 31 18:08:24.829#Z#INFO#96214937-5d1b-11f1-bf65-eeee0a9fba87.OPERATION#pool-21-thread-5#
[UploadAppStep] Size of app Vendor_portal is 512 bytes#
#2026 05 31 18:08:24.829#Z#DEBUG#96214937-5d1b-11f1-bf65-eeee0a9fba87.OPERATION#pool-21-thread-5#
[UploadAppStep] Asynchronously uploading binaries for application "Vendor_portal"...#
#2026 05 31 18:08:25.000#Z#INFO#96214937-5d1b-11f1-bf65-eeee0a9fba87.OPERATION#pool-21-thread-5#
[UploadAppStep] Started async upload of application "Vendor_portal"#
#2026 05 31 18:08:25.004#Z#INFO#96214937-5d1b-11f1-bf65-eeee0a9fba87.OPERATION#flowable-async-job-executor-thread-34941#
[UploadAppStep] Time elapsed for upload: 239 in millis#
#2026 05 31 18:08:25.004#Z#DEBUG#96214937-5d1b-11f1-bf65-eeee0a9fba87.OPERATION#flowable-async-job-executor-thread-34941#
[UploadAppStep] Getting application "Vendor_portal"...#
#2026 05 31 18:08:25.026#Z#DEBUG#96214937-5d1b-11f1-bf65-eeee0a9fba87.OPERATION#App upload monitor: e6ccf8f0-bd85-4567-b498-241f5471aa9e#
[UploadAppStep] Upload status: PROCESSING_UPLOAD#
#2026 05 31 18:08:25.044#Z#DEBUG#96214937-5d1b-11f1-bf65-eeee0a9fba87.OPERATION#flowable-async-job-executor-thread-34941#
[UploadAppStep] Getting environment of application "8eeb1495-b644-4c51-b33b-4bba12e1bf9d"...#
#2026 05 31 18:08:25.075#Z#DEBUG#96214937-5d1b-11f1-bf65-eeee0a9fba87.OPERATION#flowable-async-job-executor-thread-34941#
[UploadAppStep] Updating environment of application "Vendor_portal"#
#2026 05 31 18:08:25.161#Z#DEBUG#96214937-5d1b-11f1-bf65-eeee0a9fba87.OPERATION#flowable-async-job-executor-thread-34941#
Step "Upload App" finished#
#2026 05 31 18:08:24.803#Z#DEBUG#96214937-5d1b-11f1-bf65-eeee0a9fba87.OPERATION#flowable-async-job-executor-thread-10056#
[UploadAppStep] Executing task "uploadAppTask" of process "b2d5ec14-5d1b-11f1-bf4f-eeee0a913b38"...#
#2026 05 31 18:08:24.806#Z#DEBUG#96214937-5d1b-11f1-bf65-eeee0a9fba87.OPERATION#flowable-async-job-executor-thread-10056#
[UploadAppStep] Application upload timeout is default one: 3,600 seconds#
#2026 05 31 18:08:24.810#Z#DEBUG#96214937-5d1b-11f1-bf65-eeee0a9fba87.OPERATION#pool-21-thread-6#
[UploadAppStep] Upload of application: Vendor_portal-srv started on instance: 2#
#2026 05 31 18:08:24.810#Z#DEBUG#96214937-5d1b-11f1-bf65-eeee0a9fba87.OPERATION#pool-21-thread-6#
[UploadAppStep] Uploading file "Vendor_portal-srv/data.zip" for application "Vendor_portal-srv"#
#2026 05 31 18:08:25.066#Z#INFO#96214937-5d1b-11f1-bf65-eeee0a9fba87.OPERATION#pool-21-thread-6#
[UploadAppStep] Time elapsed for app binary download: 256 in millis#
#2026 05 31 18:08:25.066#Z#INFO#96214937-5d1b-11f1-bf65-eeee0a9fba87.OPERATION#pool-21-thread-6#
[UploadAppStep] Size of app Vendor_portal-srv is 8,495,091 bytes#
#2026 05 31 18:08:25.066#Z#DEBUG#96214937-5d1b-11f1-bf65-eeee0a9fba87.OPERATION#pool-21-thread-6#
[UploadAppStep] Asynchronously uploading binaries for application "Vendor_portal-srv"...#
#2026 05 31 18:08:25.380#Z#INFO#96214937-5d1b-11f1-bf65-eeee0a9fba87.OPERATION#pool-21-thread-6#
[UploadAppStep] Started async upload of application "Vendor_portal-srv"#
#2026 05 31 18:08:25.389#Z#INFO#96214937-5d1b-11f1-bf65-eeee0a9fba87.OPERATION#flowable-async-job-executor-thread-10056#
[UploadAppStep] Time elapsed for upload: 582 in millis#
#2026 05 31 18:08:25.389#Z#DEBUG#96214937-5d1b-11f1-bf65-eeee0a9fba87.OPERATION#flowable-async-job-executor-thread-10056#
[UploadAppStep] Getting application "Vendor_portal-srv"...#
#2026 05 31 18:08:25.407#Z#DEBUG#96214937-5d1b-11f1-bf65-eeee0a9fba87.OPERATION#App upload monitor: 5a9f3663-a5f6-4dae-8a8f-4c0bea855c1f#
[UploadAppStep] Upload status: PROCESSING_UPLOAD#
#2026 05 31 18:08:25.431#Z#DEBUG#96214937-5d1b-11f1-bf65-eeee0a9fba87.OPERATION#flowable-async-job-executor-thread-10056#
[UploadAppStep] Getting environment of application "f3610358-e791-4b3a-8047-269077eb9aff"...#
#2026 05 31 18:08:25.460#Z#DEBUG#96214937-5d1b-11f1-bf65-eeee0a9fba87.OPERATION#flowable-async-job-executor-thread-10056#
[UploadAppStep] Updating environment of application "Vendor_portal-srv"#
#2026 05 31 18:08:25.555#Z#DEBUG#96214937-5d1b-11f1-bf65-eeee0a9fba87.OPERATION#flowable-async-job-executor-thread-10056#
Step "Upload App" finished#
#2026 05 31 18:08:30.059#Z#DEBUG#96214937-5d1b-11f1-bf65-eeee0a9fba87.OPERATION#App upload monitor: e6ccf8f0-bd85-4567-b498-241f5471aa9e#
[UploadAppStep] Upload status: READY#
#2026 05 31 18:08:34.803#Z#DEBUG#96214937-5d1b-11f1-bf65-eeee0a9fba87.OPERATION#flowable-async-job-executor-thread-34947#
[UploadAppStep] Executing task "uploadAppTask" of process "b2d5ec14-5d1b-11f1-bf4f-eeee0a913b38"...#
#2026 05 31 18:08:34.804#Z#DEBUG#96214937-5d1b-11f1-bf65-eeee0a9fba87.OPERATION#flowable-async-job-executor-thread-34947#
[UploadAppStep] Application upload timeout is default one: 3,600 seconds#
#2026 05 31 18:08:34.804#Z#DEBUG#96214937-5d1b-11f1-bf65-eeee0a9fba87.OPERATION#flowable-async-job-executor-thread-34947#
[UploadAppStep] Checking upload status of application "Vendor_portal-srv"...#
#2026 05 31 18:08:34.805#Z#DEBUG#96214937-5d1b-11f1-bf65-eeee0a9fba87.OPERATION#flowable-async-job-executor-thread-34947#
[UploadAppStep] Getting package "5a9f3663-a5f6-4dae-8a8f-4c0bea855c1f"...#
#2026 05 31 18:08:34.814#Z#DEBUG#96214937-5d1b-11f1-bf65-eeee0a9fba87.OPERATION#flowable-async-job-executor-thread-34944#
[UploadAppStep] Executing task "uploadAppTask" of process "b2d54fd0-5d1b-11f1-bf4f-eeee0a913b38"...#
#2026 05 31 18:08:34.816#Z#DEBUG#96214937-5d1b-11f1-bf65-eeee0a9fba87.OPERATION#flowable-async-job-executor-thread-34944#
[UploadAppStep] Application upload timeout is default one: 3,600 seconds#
#2026 05 31 18:08:34.816#Z#DEBUG#96214937-5d1b-11f1-bf65-eeee0a9fba87.OPERATION#flowable-async-job-executor-thread-34944#
[UploadAppStep] Checking upload status of application "Vendor_portal"...#
#2026 05 31 18:08:34.818#Z#DEBUG#96214937-5d1b-11f1-bf65-eeee0a9fba87.OPERATION#flowable-async-job-executor-thread-34944#
[UploadAppStep] Getting package "e6ccf8f0-bd85-4567-b498-241f5471aa9e"...#
#2026 05 31 18:08:34.843#Z#DEBUG#96214937-5d1b-11f1-bf65-eeee0a9fba87.OPERATION#flowable-async-job-executor-thread-34944#
[UploadAppStep] Application "Vendor_portal" uploaded#
#2026 05 31 18:08:34.844#Z#DEBUG#96214937-5d1b-11f1-bf65-eeee0a9fba87.OPERATION#flowable-async-job-executor-thread-34944#
Step "Upload App" finished#
#2026 05 31 18:08:34.844#Z#DEBUG#96214937-5d1b-11f1-bf65-eeee0a9fba87.OPERATION#flowable-async-job-executor-thread-34947#
[UploadAppStep] Application "Vendor_portal-srv" uploaded#
#2026 05 31 18:08:34.845#Z#DEBUG#96214937-5d1b-11f1-bf65-eeee0a9fba87.OPERATION#flowable-async-job-executor-thread-34947#
Step "Upload App" finished#
#2026 05 31 18:08:34.869#Z#DEBUG#96214937-5d1b-11f1-bf65-eeee0a9fba87.OPERATION#flowable-async-job-executor-thread-34944#
[ScaleAppStep] Executing task "scaleAppTask" of process "b2d54fd0-5d1b-11f1-bf4f-eeee0a913b38"...#
#2026 05 31 18:08:34.870#Z#DEBUG#96214937-5d1b-11f1-bf65-eeee0a9fba87.OPERATION#flowable-async-job-executor-thread-34947#
[ScaleAppStep] Executing task "scaleAppTask" of process "b2d5ec14-5d1b-11f1-bf4f-eeee0a913b38"...#
#2026 05 31 18:08:34.871#Z#DEBUG#96214937-5d1b-11f1-bf65-eeee0a9fba87.OPERATION#flowable-async-job-executor-thread-34944#
[ScaleAppStep] Scaling application "Vendor_portal"...#
#2026 05 31 18:08:34.871#Z#DEBUG#96214937-5d1b-11f1-bf65-eeee0a9fba87.OPERATION#flowable-async-job-executor-thread-34944#
[ScaleAppStep] Getting application guid "Vendor_portal"...#
#2026 05 31 18:08:34.872#Z#DEBUG#96214937-5d1b-11f1-bf65-eeee0a9fba87.OPERATION#flowable-async-job-executor-thread-34947#
[ScaleAppStep] Scaling application "Vendor_portal-srv"...#
#2026 05 31 18:08:34.872#Z#DEBUG#96214937-5d1b-11f1-bf65-eeee0a9fba87.OPERATION#flowable-async-job-executor-thread-34947#
[ScaleAppStep] Getting application guid "Vendor_portal-srv"...#
#2026 05 31 18:08:34.909#Z#DEBUG#96214937-5d1b-11f1-bf65-eeee0a9fba87.OPERATION#flowable-async-job-executor-thread-34944#
[ScaleAppStep] Getting process for application "8eeb1495-b644-4c51-b33b-4bba12e1bf9d"...#
#2026 05 31 18:08:34.911#Z#DEBUG#96214937-5d1b-11f1-bf65-eeee0a9fba87.OPERATION#flowable-async-job-executor-thread-34947#
[ScaleAppStep] Getting process for application "f3610358-e791-4b3a-8047-269077eb9aff"...#
#2026 05 31 18:08:34.938#Z#DEBUG#96214937-5d1b-11f1-bf65-eeee0a9fba87.OPERATION#flowable-async-job-executor-thread-34947#
[ScaleAppStep] Application "Vendor_portal-srv" scaled#
#2026 05 31 18:08:34.938#Z#DEBUG#96214937-5d1b-11f1-bf65-eeee0a9fba87.OPERATION#flowable-async-job-executor-thread-34947#
Step "Scale App" finished#
#2026 05 31 18:08:34.941#Z#DEBUG#96214937-5d1b-11f1-bf65-eeee0a9fba87.OPERATION#flowable-async-job-executor-thread-34944#
[ScaleAppStep] Application "Vendor_portal" scaled#
#2026 05 31 18:08:34.941#Z#DEBUG#96214937-5d1b-11f1-bf65-eeee0a9fba87.OPERATION#flowable-async-job-executor-thread-34944#
Step "Scale App" finished#
#2026 05 31 18:08:34.774#Z#DEBUG#96214937-5d1b-11f1-bf65-eeee0a9fba87.OPERATION#flowable-async-job-executor-thread-34946#
[StageAppStep] Executing task "stageAppTask" of process "a1965485-5d1b-11f1-8a04-eeee0a89be1e"...#
#2026 05 31 18:08:34.775#Z#DEBUG#96214937-5d1b-11f1-bf65-eeee0a9fba87.OPERATION#flowable-async-job-executor-thread-34946#
[StageAppStep] Application stage timeout is default one: 3,600 seconds#
#2026 05 31 18:08:34.776#Z#DEBUG#96214937-5d1b-11f1-bf65-eeee0a9fba87.OPERATION#flowable-async-job-executor-thread-34946#
[StageAppStep] Checking status of application "Vendor_portal-db-deployer"...#
#2026 05 31 18:08:34.776#Z#DEBUG#96214937-5d1b-11f1-bf65-eeee0a9fba87.OPERATION#flowable-async-job-executor-thread-34946#
[StageAppStep] Getting build "95b99e35-271f-4885-b8db-66127da942c6"...#
#2026 05 31 18:08:34.801#Z#DEBUG#96214937-5d1b-11f1-bf65-eeee0a9fba87.OPERATION#flowable-async-job-executor-thread-34946#
[StageAppStep] Staging status of application "Vendor_portal-db-deployer": STAGED#
#2026 05 31 18:08:34.802#Z#DEBUG#96214937-5d1b-11f1-bf65-eeee0a9fba87.OPERATION#flowable-async-job-executor-thread-34946#
[StageAppStep] Getting application guid "Vendor_portal-db-deployer"...#
#2026 05 31 18:08:34.890#Z#DEBUG#96214937-5d1b-11f1-bf65-eeee0a9fba87.OPERATION#flowable-async-job-executor-thread-34946#
[StageAppStep] Getting build "95b99e35-271f-4885-b8db-66127da942c6"...#
#2026 05 31 18:08:34.918#Z#DEBUG#96214937-5d1b-11f1-bf65-eeee0a9fba87.OPERATION#flowable-async-job-executor-thread-34946#
[StageAppStep] Binding droplet "2bbb5a2d-c163-49e2-b402-8ab4720b934e" to application "718baf92-0d5b-4a96-b0c8-87425390867d"...#
#2026 05 31 18:08:34.966#Z#INFO#96214937-5d1b-11f1-bf65-eeee0a9fba87.OPERATION#flowable-async-job-executor-thread-34946#
[StageAppStep] Application "Vendor_portal-db-deployer" staged#
#2026 05 31 18:08:34.971#Z#DEBUG#96214937-5d1b-11f1-bf65-eeee0a9fba87.OPERATION#flowable-async-job-executor-thread-34946#
Step "Stage App" finished#
#2026 05 31 18:08:34.959#Z#DEBUG#96214937-5d1b-11f1-bf65-eeee0a9fba87.OPERATION#flowable-async-job-executor-thread-34947#
[DetermineDesiredStateAchievingActionsStep] Executing task "determineDesiredStateAchievingActionsTask" of process "b2d5ec14-5d1b-11f1-bf4f-eeee0a913b38"...#
#2026 05 31 18:08:34.961#Z#DEBUG#96214937-5d1b-11f1-bf65-eeee0a9fba87.OPERATION#flowable-async-job-executor-thread-34947#
[DetermineDesiredStateAchievingActionsStep] Getting application "Vendor_portal-srv"...#
#2026 05 31 18:08:34.962#Z#DEBUG#96214937-5d1b-11f1-bf65-eeee0a9fba87.OPERATION#flowable-async-job-executor-thread-34944#
[DetermineDesiredStateAchievingActionsStep] Executing task "determineDesiredStateAchievingActionsTask" of process "b2d54fd0-5d1b-11f1-bf4f-eeee0a913b38"...#
#2026 05 31 18:08:34.964#Z#DEBUG#96214937-5d1b-11f1-bf65-eeee0a9fba87.OPERATION#flowable-async-job-executor-thread-34944#
[DetermineDesiredStateAchievingActionsStep] Getting application "Vendor_portal"...#
#2026 05 31 18:08:34.999#Z#DEBUG#96214937-5d1b-11f1-bf65-eeee0a9fba87.OPERATION#flowable-async-job-executor-thread-34947#
[DetermineDesiredStateAchievingActionsStep] Getting instances for application "Vendor_portal-srv"...#
#2026 05 31 18:08:34.999#Z#DEBUG#96214937-5d1b-11f1-bf65-eeee0a9fba87.OPERATION#flowable-async-job-executor-thread-34947#
[DetermineDesiredStateAchievingActionsStep] Getting environment of application "f3610358-e791-4b3a-8047-269077eb9aff"...#
#2026 05 31 18:08:35.002#Z#DEBUG#96214937-5d1b-11f1-bf65-eeee0a9fba87.OPERATION#flowable-async-job-executor-thread-34944#
[DetermineDesiredStateAchievingActionsStep] Getting instances for application "Vendor_portal"...#
#2026 05 31 18:08:35.002#Z#DEBUG#96214937-5d1b-11f1-bf65-eeee0a9fba87.OPERATION#flowable-async-job-executor-thread-34944#
[DetermineDesiredStateAchievingActionsStep] Getting environment of application "8eeb1495-b644-4c51-b33b-4bba12e1bf9d"...#
#2026 05 31 18:08:35.030#Z#DEBUG#96214937-5d1b-11f1-bf65-eeee0a9fba87.OPERATION#flowable-async-job-executor-thread-34944#
[DetermineDesiredStateAchievingActionsStep] Current state of application Vendor_portal: STOPPED#
#2026 05 31 18:08:35.030#Z#DEBUG#96214937-5d1b-11f1-bf65-eeee0a9fba87.OPERATION#flowable-async-job-executor-thread-34944#
[DetermineDesiredStateAchievingActionsStep] Desired state of application Vendor_portal: STARTED#
#2026 05 31 18:08:35.030#Z#DEBUG#96214937-5d1b-11f1-bf65-eeee0a9fba87.OPERATION#flowable-async-job-executor-thread-34944#
[DetermineDesiredStateAchievingActionsStep] Actions that should be executed on application Vendor_portal: [STAGE, START]#
#2026 05 31 18:08:35.030#Z#DEBUG#96214937-5d1b-11f1-bf65-eeee0a9fba87.OPERATION#flowable-async-job-executor-thread-34944#
Step "Determine Desired State Achieving Actions" finished#
#2026 05 31 18:08:35.036#Z#DEBUG#96214937-5d1b-11f1-bf65-eeee0a9fba87.OPERATION#flowable-async-job-executor-thread-34947#
[DetermineDesiredStateAchievingActionsStep] Current state of application Vendor_portal-srv: STOPPED#
#2026 05 31 18:08:35.036#Z#DEBUG#96214937-5d1b-11f1-bf65-eeee0a9fba87.OPERATION#flowable-async-job-executor-thread-34947#
[DetermineDesiredStateAchievingActionsStep] Desired state of application Vendor_portal-srv: STARTED#
#2026 05 31 18:08:35.036#Z#DEBUG#96214937-5d1b-11f1-bf65-eeee0a9fba87.OPERATION#flowable-async-job-executor-thread-34947#
[DetermineDesiredStateAchievingActionsStep] Actions that should be executed on application Vendor_portal-srv: [STAGE, START]#
#2026 05 31 18:08:35.036#Z#DEBUG#96214937-5d1b-11f1-bf65-eeee0a9fba87.OPERATION#flowable-async-job-executor-thread-34947#
Step "Determine Desired State Achieving Actions" finished#
#2026 05 31 18:08:35.039#Z#DEBUG#96214937-5d1b-11f1-bf65-eeee0a9fba87.OPERATION#flowable-async-job-executor-thread-34946#
[PrepareToExecuteTasksStep] Executing task "prepareToExecuteTasksTask" of process "bd805443-5d1b-11f1-8a04-eeee0a89be1e"...#
#2026 05 31 18:08:35.040#Z#DEBUG#96214937-5d1b-11f1-bf65-eeee0a9fba87.OPERATION#flowable-async-job-executor-thread-34946#
Step "Prepare To Execute Tasks" finished#
#2026 05 31 18:08:35.062#Z#DEBUG#96214937-5d1b-11f1-bf65-eeee0a9fba87.OPERATION#flowable-async-job-executor-thread-34946#
[ExecuteTaskStep] Executing task "executeTaskTask" of process "bd805443-5d1b-11f1-8a04-eeee0a89be1e"...#
#2026 05 31 18:08:35.063#Z#DEBUG#96214937-5d1b-11f1-bf65-eeee0a9fba87.OPERATION#flowable-async-job-executor-thread-34946#
[ExecuteTaskStep] Application task execution timeout is default one: 43,200 seconds#
#2026 05 31 18:08:35.065#Z#INFO#96214937-5d1b-11f1-bf65-eeee0a9fba87.OPERATION#flowable-async-job-executor-thread-34946#
[ExecuteTaskStep] Executing task "deploy" on application "Vendor_portal-db-deployer"...#
#2026 05 31 18:08:35.068#Z#DEBUG#96214937-5d1b-11f1-bf65-eeee0a9fba87.OPERATION#flowable-async-job-executor-thread-34946#
[ExecuteTaskStep] Running task on application "Vendor_portal-db-deployer": {
  "name" : "deploy",
  "command" : "npm start",
  "limits" : {
    "memory" : 256
  }
}#
#2026 05 31 18:08:35.381#Z#DEBUG#96214937-5d1b-11f1-bf65-eeee0a9fba87.OPERATION#flowable-async-job-executor-thread-34946#
Step "Execute Task" finished#
#2026 05 31 18:08:30.437#Z#DEBUG#96214937-5d1b-11f1-bf65-eeee0a9fba87.OPERATION#App upload monitor: 5a9f3663-a5f6-4dae-8a8f-4c0bea855c1f#
[UploadAppStep] Upload status: PROCESSING_UPLOAD#
#2026 05 31 18:08:35.467#Z#DEBUG#96214937-5d1b-11f1-bf65-eeee0a9fba87.OPERATION#App upload monitor: 5a9f3663-a5f6-4dae-8a8f-4c0bea855c1f#
[UploadAppStep] Upload status: READY#
#2026 05 31 18:08:35.060#Z#DEBUG#96214937-5d1b-11f1-bf65-eeee0a9fba87.OPERATION#flowable-async-job-executor-thread-34947#
[StageAppStep] Executing task "stageAppTask" of process "b2d5ec14-5d1b-11f1-bf4f-eeee0a913b38"...#
#2026 05 31 18:08:35.062#Z#DEBUG#96214937-5d1b-11f1-bf65-eeee0a9fba87.OPERATION#flowable-async-job-executor-thread-34947#
[StageAppStep] Application stage timeout is default one: 3,600 seconds#
#2026 05 31 18:08:35.062#Z#DEBUG#96214937-5d1b-11f1-bf65-eeee0a9fba87.OPERATION#flowable-async-job-executor-thread-34944#
[StageAppStep] Executing task "stageAppTask" of process "b2d54fd0-5d1b-11f1-bf4f-eeee0a913b38"...#
#2026 05 31 18:08:35.063#Z#INFO#96214937-5d1b-11f1-bf65-eeee0a9fba87.OPERATION#flowable-async-job-executor-thread-34947#
[StageAppStep] Staging application "Vendor_portal-srv"...#
#2026 05 31 18:08:35.064#Z#DEBUG#96214937-5d1b-11f1-bf65-eeee0a9fba87.OPERATION#flowable-async-job-executor-thread-34944#
[StageAppStep] Application stage timeout is default one: 3,600 seconds#
#2026 05 31 18:08:35.065#Z#INFO#96214937-5d1b-11f1-bf65-eeee0a9fba87.OPERATION#flowable-async-job-executor-thread-34944#
[StageAppStep] Staging application "Vendor_portal"...#
#2026 05 31 18:08:35.066#Z#DEBUG#96214937-5d1b-11f1-bf65-eeee0a9fba87.OPERATION#flowable-async-job-executor-thread-34947#
[StageAppStep] Creating build for package "5a9f3663-a5f6-4dae-8a8f-4c0bea855c1f"...#
#2026 05 31 18:08:35.070#Z#DEBUG#96214937-5d1b-11f1-bf65-eeee0a9fba87.OPERATION#flowable-async-job-executor-thread-34944#
[StageAppStep] Creating build for package "e6ccf8f0-bd85-4567-b498-241f5471aa9e"...#
#2026 05 31 18:08:35.542#Z#DEBUG#96214937-5d1b-11f1-bf65-eeee0a9fba87.OPERATION#flowable-async-job-executor-thread-34947#
Step "Stage App" finished#
#2026 05 31 18:08:36.486#Z#DEBUG#96214937-5d1b-11f1-bf65-eeee0a9fba87.OPERATION#flowable-async-job-executor-thread-34944#
Step "Stage App" finished#
#2026 05 31 18:08:44.826#Z#DEBUG#96214937-5d1b-11f1-bf65-eeee0a9fba87.OPERATION#flowable-async-job-executor-thread-34953#
[ExecuteTaskStep] Executing task "executeTaskTask" of process "bd805443-5d1b-11f1-8a04-eeee0a89be1e"...#
#2026 05 31 18:08:44.829#Z#DEBUG#96214937-5d1b-11f1-bf65-eeee0a9fba87.OPERATION#flowable-async-job-executor-thread-34953#
[ExecuteTaskStep] Application task execution timeout is default one: 43,200 seconds#
#2026 05 31 18:08:44.830#Z#DEBUG#96214937-5d1b-11f1-bf65-eeee0a9fba87.OPERATION#flowable-async-job-executor-thread-34953#
[ExecuteTaskStep] Getting task "d42d9943-45e2-4ef3-856c-86aa64c621f3"...#
#2026 05 31 18:08:44.864#Z#DEBUG#96214937-5d1b-11f1-bf65-eeee0a9fba87.OPERATION#flowable-async-job-executor-thread-34953#
[ExecuteTaskStep] Task execution status: running#
#2026 05 31 18:08:44.865#Z#DEBUG#96214937-5d1b-11f1-bf65-eeee0a9fba87.OPERATION#flowable-async-job-executor-thread-34953#
[ExecuteTaskStep] Getting application guid "Vendor_portal-db-deployer"...#
#2026 05 31 18:08:44.950#Z#DEBUG#96214937-5d1b-11f1-bf65-eeee0a9fba87.OPERATION#flowable-async-job-executor-thread-34953#
Step "Execute Task" finished#
#2026 05 31 18:08:44.829#Z#DEBUG#96214937-5d1b-11f1-bf65-eeee0a9fba87.OPERATION#flowable-async-job-executor-thread-34955#
[StageAppStep] Executing task "stageAppTask" of process "b2d5ec14-5d1b-11f1-bf4f-eeee0a913b38"...#
#2026 05 31 18:08:44.830#Z#DEBUG#96214937-5d1b-11f1-bf65-eeee0a9fba87.OPERATION#flowable-async-job-executor-thread-34955#
[StageAppStep] Application stage timeout is default one: 3,600 seconds#
#2026 05 31 18:08:44.831#Z#DEBUG#96214937-5d1b-11f1-bf65-eeee0a9fba87.OPERATION#flowable-async-job-executor-thread-34955#
[StageAppStep] Checking status of application "Vendor_portal-srv"...#
#2026 05 31 18:08:44.831#Z#DEBUG#96214937-5d1b-11f1-bf65-eeee0a9fba87.OPERATION#flowable-async-job-executor-thread-34955#
[StageAppStep] Getting build "08717cf9-d472-4887-80b5-d1df2ac24aeb"...#
#2026 05 31 18:08:44.843#Z#DEBUG#96214937-5d1b-11f1-bf65-eeee0a9fba87.OPERATION#flowable-async-job-executor-thread-34952#
[StageAppStep] Executing task "stageAppTask" of process "b2d54fd0-5d1b-11f1-bf4f-eeee0a913b38"...#
#2026 05 31 18:08:44.845#Z#DEBUG#96214937-5d1b-11f1-bf65-eeee0a9fba87.OPERATION#flowable-async-job-executor-thread-34952#
[StageAppStep] Application stage timeout is default one: 3,600 seconds#
#2026 05 31 18:08:44.845#Z#DEBUG#96214937-5d1b-11f1-bf65-eeee0a9fba87.OPERATION#flowable-async-job-executor-thread-34952#
[StageAppStep] Checking status of application "Vendor_portal"...#
#2026 05 31 18:08:44.845#Z#DEBUG#96214937-5d1b-11f1-bf65-eeee0a9fba87.OPERATION#flowable-async-job-executor-thread-34952#
[StageAppStep] Getting build "a6a0c0ba-496b-4057-8418-cc3e06a64cb9"...#
#2026 05 31 18:08:44.861#Z#DEBUG#96214937-5d1b-11f1-bf65-eeee0a9fba87.OPERATION#flowable-async-job-executor-thread-34955#
[StageAppStep] Staging status of application "Vendor_portal-srv": PENDING#
#2026 05 31 18:08:44.862#Z#DEBUG#96214937-5d1b-11f1-bf65-eeee0a9fba87.OPERATION#flowable-async-job-executor-thread-34955#
[StageAppStep] Getting application guid "Vendor_portal-srv"...#
#2026 05 31 18:08:44.874#Z#DEBUG#96214937-5d1b-11f1-bf65-eeee0a9fba87.OPERATION#flowable-async-job-executor-thread-34952#
[StageAppStep] Staging status of application "Vendor_portal": PENDING#
#2026 05 31 18:08:44.875#Z#DEBUG#96214937-5d1b-11f1-bf65-eeee0a9fba87.OPERATION#flowable-async-job-executor-thread-34952#
[StageAppStep] Getting application guid "Vendor_portal"...#
#2026 05 31 18:08:44.959#Z#DEBUG#96214937-5d1b-11f1-bf65-eeee0a9fba87.OPERATION#flowable-async-job-executor-thread-34955#
Step "Stage App" finished#
#2026 05 31 18:08:44.967#Z#DEBUG#96214937-5d1b-11f1-bf65-eeee0a9fba87.OPERATION#flowable-async-job-executor-thread-34952#
Step "Stage App" finished#
#2026 05 31 18:08:54.916#Z#DEBUG#96214937-5d1b-11f1-bf65-eeee0a9fba87.OPERATION#flowable-async-job-executor-thread-34958#
[StageAppStep] Executing task "stageAppTask" of process "b2d54fd0-5d1b-11f1-bf4f-eeee0a913b38"...#
#2026 05 31 18:08:54.918#Z#DEBUG#96214937-5d1b-11f1-bf65-eeee0a9fba87.OPERATION#flowable-async-job-executor-thread-34958#
[StageAppStep] Application stage timeout is default one: 3,600 seconds#
#2026 05 31 18:08:54.918#Z#DEBUG#96214937-5d1b-11f1-bf65-eeee0a9fba87.OPERATION#flowable-async-job-executor-thread-34958#
[StageAppStep] Checking status of application "Vendor_portal"...#
#2026 05 31 18:08:54.918#Z#DEBUG#96214937-5d1b-11f1-bf65-eeee0a9fba87.OPERATION#flowable-async-job-executor-thread-34958#
[StageAppStep] Getting build "a6a0c0ba-496b-4057-8418-cc3e06a64cb9"...#
#2026 05 31 18:08:54.923#Z#DEBUG#96214937-5d1b-11f1-bf65-eeee0a9fba87.OPERATION#flowable-async-job-executor-thread-34961#
[StageAppStep] Executing task "stageAppTask" of process "b2d5ec14-5d1b-11f1-bf4f-eeee0a913b38"...#
#2026 05 31 18:08:54.924#Z#DEBUG#96214937-5d1b-11f1-bf65-eeee0a9fba87.OPERATION#flowable-async-job-executor-thread-34961#
[StageAppStep] Application stage timeout is default one: 3,600 seconds#
#2026 05 31 18:08:54.925#Z#DEBUG#96214937-5d1b-11f1-bf65-eeee0a9fba87.OPERATION#flowable-async-job-executor-thread-34961#
[StageAppStep] Checking status of application "Vendor_portal-srv"...#
#2026 05 31 18:08:54.925#Z#DEBUG#96214937-5d1b-11f1-bf65-eeee0a9fba87.OPERATION#flowable-async-job-executor-thread-34961#
[StageAppStep] Getting build "08717cf9-d472-4887-80b5-d1df2ac24aeb"...#
#2026 05 31 18:08:54.946#Z#DEBUG#96214937-5d1b-11f1-bf65-eeee0a9fba87.OPERATION#flowable-async-job-executor-thread-34958#
[StageAppStep] Staging status of application "Vendor_portal": PENDING#
#2026 05 31 18:08:54.946#Z#DEBUG#96214937-5d1b-11f1-bf65-eeee0a9fba87.OPERATION#flowable-async-job-executor-thread-34958#
[StageAppStep] Getting application guid "Vendor_portal"...#
#2026 05 31 18:08:54.956#Z#DEBUG#96214937-5d1b-11f1-bf65-eeee0a9fba87.OPERATION#flowable-async-job-executor-thread-34961#
[StageAppStep] Staging status of application "Vendor_portal-srv": PENDING#
#2026 05 31 18:08:54.956#Z#DEBUG#96214937-5d1b-11f1-bf65-eeee0a9fba87.OPERATION#flowable-async-job-executor-thread-34961#
[StageAppStep] Getting application guid "Vendor_portal-srv"...#
#2026 05 31 18:08:55.041#Z#DEBUG#96214937-5d1b-11f1-bf65-eeee0a9fba87.OPERATION#flowable-async-job-executor-thread-34958#
Step "Stage App" finished#
#2026 05 31 18:08:55.049#Z#DEBUG#96214937-5d1b-11f1-bf65-eeee0a9fba87.OPERATION#flowable-async-job-executor-thread-34961#
Step "Stage App" finished#
#2026 05 31 18:08:54.903#Z#DEBUG#96214937-5d1b-11f1-bf65-eeee0a9fba87.OPERATION#flowable-async-job-executor-thread-11645#
[ExecuteTaskStep] Executing task "executeTaskTask" of process "bd805443-5d1b-11f1-8a04-eeee0a89be1e"...#
#2026 05 31 18:08:54.906#Z#DEBUG#96214937-5d1b-11f1-bf65-eeee0a9fba87.OPERATION#flowable-async-job-executor-thread-11645#
[ExecuteTaskStep] Application task execution timeout is default one: 43,200 seconds#
#2026 05 31 18:08:54.908#Z#DEBUG#96214937-5d1b-11f1-bf65-eeee0a9fba87.OPERATION#flowable-async-job-executor-thread-11645#
[ExecuteTaskStep] Getting task "d42d9943-45e2-4ef3-856c-86aa64c621f3"...#
#2026 05 31 18:08:54.941#Z#DEBUG#96214937-5d1b-11f1-bf65-eeee0a9fba87.OPERATION#flowable-async-job-executor-thread-11645#
[ExecuteTaskStep] Task execution status: failed#
#2026 05 31 18:08:54.942#Z#DEBUG#96214937-5d1b-11f1-bf65-eeee0a9fba87.OPERATION#flowable-async-job-executor-thread-11645#
[ExecuteTaskStep] Getting application guid "Vendor_portal-db-deployer"...#
#2026 05 31 18:08:55.042#Z#ERROR#96214937-5d1b-11f1-bf65-eeee0a9fba87.OPERATION#flowable-async-job-executor-thread-11645#
[ExecuteTaskStep] Execution of task "deploy" on application "Vendor_portal-db-deployer" failed.#
#2026 05 31 18:08:55.051#Z#INFO#96214937-5d1b-11f1-bf65-eeee0a9fba87.OPERATION#flowable-async-job-executor-thread-11645#
[ExecuteTaskStep] Download the MTA operation logs for more details.#
#2026 05 31 18:08:55.059#Z#DEBUG#96214937-5d1b-11f1-bf65-eeee0a9fba87.OPERATION#flowable-async-job-executor-thread-11645#
Step "Execute Task" finished#
#2026 05 31 18:08:56.806#Z#DEBUG#96214937-5d1b-11f1-bf65-eeee0a9fba87.OPERATION#flowable-async-job-executor-thread-10059#
[ExecuteTaskStep] Executing task "executeTaskTask" of process "bd805443-5d1b-11f1-8a04-eeee0a89be1e"...#
#2026 05 31 18:08:56.809#Z#DEBUG#96214937-5d1b-11f1-bf65-eeee0a9fba87.OPERATION#flowable-async-job-executor-thread-10059#
[ExecuteTaskStep] Application task execution timeout is default one: 43,200 seconds#
#2026 05 31 18:08:56.814#Z#INFO#96214937-5d1b-11f1-bf65-eeee0a9fba87.OPERATION#flowable-async-job-executor-thread-10059#
[ExecuteTaskStep] Executing task "deploy" on application "Vendor_portal-db-deployer"...#
#2026 05 31 18:08:56.820#Z#DEBUG#96214937-5d1b-11f1-bf65-eeee0a9fba87.OPERATION#flowable-async-job-executor-thread-10059#
[ExecuteTaskStep] Running task on application "Vendor_portal-db-deployer": {
  "name" : "deploy",
  "command" : "npm start",
  "limits" : {
    "memory" : 256
  }
}#
#2026 05 31 18:08:57.117#Z#DEBUG#96214937-5d1b-11f1-bf65-eeee0a9fba87.OPERATION#flowable-async-job-executor-thread-10059#
Step "Execute Task" finished#
#2026 05 31 18:09:04.965#Z#DEBUG#96214937-5d1b-11f1-bf65-eeee0a9fba87.OPERATION#flowable-async-job-executor-thread-34973#
[ExecuteTaskStep] Executing task "executeTaskTask" of process "bd805443-5d1b-11f1-8a04-eeee0a89be1e"...#
#2026 05 31 18:09:04.966#Z#DEBUG#96214937-5d1b-11f1-bf65-eeee0a9fba87.OPERATION#flowable-async-job-executor-thread-34973#
[ExecuteTaskStep] Application task execution timeout is default one: 43,200 seconds#
#2026 05 31 18:09:04.968#Z#DEBUG#96214937-5d1b-11f1-bf65-eeee0a9fba87.OPERATION#flowable-async-job-executor-thread-34973#
[ExecuteTaskStep] Getting task "f3a1e10d-4e3c-423e-bdb6-b8fc4ef05ba3"...#
#2026 05 31 18:09:04.993#Z#DEBUG#96214937-5d1b-11f1-bf65-eeee0a9fba87.OPERATION#flowable-async-job-executor-thread-34973#
[ExecuteTaskStep] Task execution status: running#
#2026 05 31 18:09:04.994#Z#DEBUG#96214937-5d1b-11f1-bf65-eeee0a9fba87.OPERATION#flowable-async-job-executor-thread-34973#
[ExecuteTaskStep] Getting application guid "Vendor_portal-db-deployer"...#
#2026 05 31 18:09:05.077#Z#DEBUG#96214937-5d1b-11f1-bf65-eeee0a9fba87.OPERATION#flowable-async-job-executor-thread-34973#
Step "Execute Task" finished#
#2026 05 31 18:09:04.935#Z#DEBUG#96214937-5d1b-11f1-bf65-eeee0a9fba87.OPERATION#flowable-async-job-executor-thread-34970#
[StageAppStep] Executing task "stageAppTask" of process "b2d5ec14-5d1b-11f1-bf4f-eeee0a913b38"...#
#2026 05 31 18:09:04.938#Z#DEBUG#96214937-5d1b-11f1-bf65-eeee0a9fba87.OPERATION#flowable-async-job-executor-thread-34970#
[StageAppStep] Application stage timeout is default one: 3,600 seconds#
#2026 05 31 18:09:04.938#Z#DEBUG#96214937-5d1b-11f1-bf65-eeee0a9fba87.OPERATION#flowable-async-job-executor-thread-34970#
[StageAppStep] Checking status of application "Vendor_portal-srv"...#
#2026 05 31 18:09:04.938#Z#DEBUG#96214937-5d1b-11f1-bf65-eeee0a9fba87.OPERATION#flowable-async-job-executor-thread-34970#
[StageAppStep] Getting build "08717cf9-d472-4887-80b5-d1df2ac24aeb"...#
#2026 05 31 18:09:04.969#Z#DEBUG#96214937-5d1b-11f1-bf65-eeee0a9fba87.OPERATION#flowable-async-job-executor-thread-34967#
[StageAppStep] Executing task "stageAppTask" of process "b2d54fd0-5d1b-11f1-bf4f-eeee0a913b38"...#
#2026 05 31 18:09:04.970#Z#DEBUG#96214937-5d1b-11f1-bf65-eeee0a9fba87.OPERATION#flowable-async-job-executor-thread-34967#
[StageAppStep] Application stage timeout is default one: 3,600 seconds#
#2026 05 31 18:09:04.971#Z#DEBUG#96214937-5d1b-11f1-bf65-eeee0a9fba87.OPERATION#flowable-async-job-executor-thread-34967#
[StageAppStep] Checking status of application "Vendor_portal"...#
#2026 05 31 18:09:04.971#Z#DEBUG#96214937-5d1b-11f1-bf65-eeee0a9fba87.OPERATION#flowable-async-job-executor-thread-34967#
[StageAppStep] Getting build "a6a0c0ba-496b-4057-8418-cc3e06a64cb9"...#
#2026 05 31 18:09:04.980#Z#DEBUG#96214937-5d1b-11f1-bf65-eeee0a9fba87.OPERATION#flowable-async-job-executor-thread-34970#
[StageAppStep] Staging status of application "Vendor_portal-srv": STAGED#
#2026 05 31 18:09:04.981#Z#DEBUG#96214937-5d1b-11f1-bf65-eeee0a9fba87.OPERATION#flowable-async-job-executor-thread-34970#
[StageAppStep] Getting application guid "Vendor_portal-srv"...#
#2026 05 31 18:09:05.014#Z#DEBUG#96214937-5d1b-11f1-bf65-eeee0a9fba87.OPERATION#flowable-async-job-executor-thread-34967#
[StageAppStep] Staging status of application "Vendor_portal": PENDING#
#2026 05 31 18:09:05.014#Z#DEBUG#96214937-5d1b-11f1-bf65-eeee0a9fba87.OPERATION#flowable-async-job-executor-thread-34967#
[StageAppStep] Getting application guid "Vendor_portal"...#
#2026 05 31 18:09:05.079#Z#DEBUG#96214937-5d1b-11f1-bf65-eeee0a9fba87.OPERATION#flowable-async-job-executor-thread-34970#
[StageAppStep] Getting build "08717cf9-d472-4887-80b5-d1df2ac24aeb"...#
#2026 05 31 18:09:05.109#Z#DEBUG#96214937-5d1b-11f1-bf65-eeee0a9fba87.OPERATION#flowable-async-job-executor-thread-34970#
[StageAppStep] Binding droplet "4bb30bb4-16f9-4547-a378-1c3b97cccd29" to application "f3610358-e791-4b3a-8047-269077eb9aff"...#
#2026 05 31 18:09:05.159#Z#INFO#96214937-5d1b-11f1-bf65-eeee0a9fba87.OPERATION#flowable-async-job-executor-thread-34970#
[StageAppStep] Application "Vendor_portal-srv" staged#
#2026 05 31 18:09:05.164#Z#DEBUG#96214937-5d1b-11f1-bf65-eeee0a9fba87.OPERATION#flowable-async-job-executor-thread-34970#
Step "Stage App" finished#
#2026 05 31 18:09:05.462#Z#DEBUG#96214937-5d1b-11f1-bf65-eeee0a9fba87.OPERATION#flowable-async-job-executor-thread-34967#
Step "Stage App" finished#
#2026 05 31 18:09:05.192#Z#DEBUG#96214937-5d1b-11f1-bf65-eeee0a9fba87.OPERATION#flowable-async-job-executor-thread-34970#
[RestartAppStep] Executing task "startAppTask" of process "b2d5ec14-5d1b-11f1-bf4f-eeee0a913b38"...#
#2026 05 31 18:09:05.194#Z#DEBUG#96214937-5d1b-11f1-bf65-eeee0a9fba87.OPERATION#flowable-async-job-executor-thread-34970#
[RestartAppStep] Application start timeout is default one: 3,600 seconds#
#2026 05 31 18:09:05.195#Z#DEBUG#96214937-5d1b-11f1-bf65-eeee0a9fba87.OPERATION#flowable-async-job-executor-thread-34970#
[RestartAppStep] Getting application "Vendor_portal-srv"...#
#2026 05 31 18:09:05.235#Z#INFO#96214937-5d1b-11f1-bf65-eeee0a9fba87.OPERATION#flowable-async-job-executor-thread-34970#
[RestartAppStep] Starting application "Vendor_portal-srv"...#
#2026 05 31 18:09:05.240#Z#DEBUG#96214937-5d1b-11f1-bf65-eeee0a9fba87.OPERATION#flowable-async-job-executor-thread-34970#
[RestartAppStep] Starting application "Vendor_portal-srv"...#
#2026 05 31 18:09:05.515#Z#DEBUG#96214937-5d1b-11f1-bf65-eeee0a9fba87.OPERATION#flowable-async-job-executor-thread-34970#
Step "Start App" finished#
#2026 05 31 18:09:15.000#Z#DEBUG#96214937-5d1b-11f1-bf65-eeee0a9fba87.OPERATION#flowable-async-job-executor-thread-34976#
[RestartAppStep] Executing task "startAppTask" of process "cfb10130-5d1b-11f1-8a04-eeee0a89be1e"...#
#2026 05 31 18:09:15.002#Z#DEBUG#96214937-5d1b-11f1-bf65-eeee0a9fba87.OPERATION#flowable-async-job-executor-thread-34976#
[RestartAppStep] Application start timeout is default one: 3,600 seconds#
#2026 05 31 18:09:15.005#Z#DEBUG#96214937-5d1b-11f1-bf65-eeee0a9fba87.OPERATION#flowable-async-job-executor-thread-34976#
[RestartAppStep] Checking status of application "Vendor_portal-srv"...#
#2026 05 31 18:09:15.005#Z#DEBUG#96214937-5d1b-11f1-bf65-eeee0a9fba87.OPERATION#flowable-async-job-executor-thread-34976#
[RestartAppStep] Getting application "Vendor_portal-srv"...#
#2026 05 31 18:09:15.046#Z#DEBUG#96214937-5d1b-11f1-bf65-eeee0a9fba87.OPERATION#flowable-async-job-executor-thread-34976#
[RestartAppStep] Getting instances for application "Vendor_portal-srv"...#
#2026 05 31 18:09:15.082#Z#DEBUG#96214937-5d1b-11f1-bf65-eeee0a9fba87.OPERATION#flowable-async-job-executor-thread-34976#
[RestartAppStep] Application "Vendor_portal-srv": 0 of 1 instances running (1 starting)#
#2026 05 31 18:09:15.112#Z#DEBUG#96214937-5d1b-11f1-bf65-eeee0a9fba87.OPERATION#flowable-async-job-executor-thread-34976#
Step "Start App" finished#
#2026 05 31 18:09:15.030#Z#DEBUG#96214937-5d1b-11f1-bf65-eeee0a9fba87.OPERATION#flowable-async-job-executor-thread-34975#
[ExecuteTaskStep] Executing task "executeTaskTask" of process "bd805443-5d1b-11f1-8a04-eeee0a89be1e"...#
#2026 05 31 18:09:15.032#Z#DEBUG#96214937-5d1b-11f1-bf65-eeee0a9fba87.OPERATION#flowable-async-job-executor-thread-34975#
[ExecuteTaskStep] Application task execution timeout is default one: 43,200 seconds#
#2026 05 31 18:09:15.032#Z#DEBUG#96214937-5d1b-11f1-bf65-eeee0a9fba87.OPERATION#flowable-async-job-executor-thread-34975#
[ExecuteTaskStep] Getting task "f3a1e10d-4e3c-423e-bdb6-b8fc4ef05ba3"...#
#2026 05 31 18:09:15.057#Z#DEBUG#96214937-5d1b-11f1-bf65-eeee0a9fba87.OPERATION#flowable-async-job-executor-thread-34975#
[ExecuteTaskStep] Task execution status: failed#
#2026 05 31 18:09:15.058#Z#DEBUG#96214937-5d1b-11f1-bf65-eeee0a9fba87.OPERATION#flowable-async-job-executor-thread-34975#
[ExecuteTaskStep] Getting application guid "Vendor_portal-db-deployer"...#
#2026 05 31 18:09:15.168#Z#ERROR#96214937-5d1b-11f1-bf65-eeee0a9fba87.OPERATION#flowable-async-job-executor-thread-34975#
[ExecuteTaskStep] Execution of task "deploy" on application "Vendor_portal-db-deployer" failed.#
#2026 05 31 18:09:15.173#Z#INFO#96214937-5d1b-11f1-bf65-eeee0a9fba87.OPERATION#flowable-async-job-executor-thread-34975#
[ExecuteTaskStep] Download the MTA operation logs for more details.#
#2026 05 31 18:09:15.176#Z#DEBUG#96214937-5d1b-11f1-bf65-eeee0a9fba87.OPERATION#flowable-async-job-executor-thread-34975#
Step "Execute Task" finished#
#2026 05 31 18:09:14.988#Z#DEBUG#96214937-5d1b-11f1-bf65-eeee0a9fba87.OPERATION#flowable-async-job-executor-thread-34978#
[StageAppStep] Executing task "stageAppTask" of process "b2d54fd0-5d1b-11f1-bf4f-eeee0a913b38"...#
#2026 05 31 18:09:14.990#Z#DEBUG#96214937-5d1b-11f1-bf65-eeee0a9fba87.OPERATION#flowable-async-job-executor-thread-34978#
[StageAppStep] Application stage timeout is default one: 3,600 seconds#
#2026 05 31 18:09:14.991#Z#DEBUG#96214937-5d1b-11f1-bf65-eeee0a9fba87.OPERATION#flowable-async-job-executor-thread-34978#
[StageAppStep] Checking status of application "Vendor_portal"...#
#2026 05 31 18:09:14.991#Z#DEBUG#96214937-5d1b-11f1-bf65-eeee0a9fba87.OPERATION#flowable-async-job-executor-thread-34978#
[StageAppStep] Getting build "a6a0c0ba-496b-4057-8418-cc3e06a64cb9"...#
#2026 05 31 18:09:15.019#Z#DEBUG#96214937-5d1b-11f1-bf65-eeee0a9fba87.OPERATION#flowable-async-job-executor-thread-34978#
[StageAppStep] Staging status of application "Vendor_portal": STAGED#
#2026 05 31 18:09:15.020#Z#DEBUG#96214937-5d1b-11f1-bf65-eeee0a9fba87.OPERATION#flowable-async-job-executor-thread-34978#
[StageAppStep] Getting application guid "Vendor_portal"...#
#2026 05 31 18:09:15.107#Z#DEBUG#96214937-5d1b-11f1-bf65-eeee0a9fba87.OPERATION#flowable-async-job-executor-thread-34978#
[StageAppStep] Getting build "a6a0c0ba-496b-4057-8418-cc3e06a64cb9"...#
#2026 05 31 18:09:15.137#Z#DEBUG#96214937-5d1b-11f1-bf65-eeee0a9fba87.OPERATION#flowable-async-job-executor-thread-34978#
[StageAppStep] Binding droplet "de26d062-0d25-4255-8d60-a0f06d705ec3" to application "8eeb1495-b644-4c51-b33b-4bba12e1bf9d"...#
#2026 05 31 18:09:15.189#Z#INFO#96214937-5d1b-11f1-bf65-eeee0a9fba87.OPERATION#flowable-async-job-executor-thread-34978#
[StageAppStep] Application "Vendor_portal" staged#
#2026 05 31 18:09:15.195#Z#DEBUG#96214937-5d1b-11f1-bf65-eeee0a9fba87.OPERATION#flowable-async-job-executor-thread-34978#
Step "Stage App" finished#
#2026 05 31 18:09:15.223#Z#DEBUG#96214937-5d1b-11f1-bf65-eeee0a9fba87.OPERATION#flowable-async-job-executor-thread-34978#
[RestartAppStep] Executing task "startAppTask" of process "b2d54fd0-5d1b-11f1-bf4f-eeee0a913b38"...#
#2026 05 31 18:09:15.225#Z#DEBUG#96214937-5d1b-11f1-bf65-eeee0a9fba87.OPERATION#flowable-async-job-executor-thread-34978#
[RestartAppStep] Application start timeout is default one: 3,600 seconds#
#2026 05 31 18:09:15.293#Z#DEBUG#96214937-5d1b-11f1-bf65-eeee0a9fba87.OPERATION#flowable-async-job-executor-thread-34978#
[RestartAppStep] Getting application "Vendor_portal"...#
#2026 05 31 18:09:15.351#Z#INFO#96214937-5d1b-11f1-bf65-eeee0a9fba87.OPERATION#flowable-async-job-executor-thread-34978#
[RestartAppStep] Starting application "Vendor_portal"...#
#2026 05 31 18:09:15.355#Z#DEBUG#96214937-5d1b-11f1-bf65-eeee0a9fba87.OPERATION#flowable-async-job-executor-thread-34978#
[RestartAppStep] Starting application "Vendor_portal"...#
#2026 05 31 18:09:15.592#Z#DEBUG#96214937-5d1b-11f1-bf65-eeee0a9fba87.OPERATION#flowable-async-job-executor-thread-34978#
Step "Start App" finished#
#2026 05 31 18:09:18.123#Z#DEBUG#96214937-5d1b-11f1-bf65-eeee0a9fba87.OPERATION#flowable-async-job-executor-thread-34981#
[ExecuteTaskStep] Executing task "executeTaskTask" of process "bd805443-5d1b-11f1-8a04-eeee0a89be1e"...#
#2026 05 31 18:09:18.124#Z#DEBUG#96214937-5d1b-11f1-bf65-eeee0a9fba87.OPERATION#flowable-async-job-executor-thread-34981#
[ExecuteTaskStep] Application task execution timeout is default one: 43,200 seconds#
#2026 05 31 18:09:18.126#Z#INFO#96214937-5d1b-11f1-bf65-eeee0a9fba87.OPERATION#flowable-async-job-executor-thread-34981#
[ExecuteTaskStep] Executing task "deploy" on application "Vendor_portal-db-deployer"...#
#2026 05 31 18:09:18.130#Z#DEBUG#96214937-5d1b-11f1-bf65-eeee0a9fba87.OPERATION#flowable-async-job-executor-thread-34981#
[ExecuteTaskStep] Running task on application "Vendor_portal-db-deployer": {
  "name" : "deploy",
  "command" : "npm start",
  "limits" : {
    "memory" : 256
  }
}#
#2026 05 31 18:09:18.407#Z#DEBUG#96214937-5d1b-11f1-bf65-eeee0a9fba87.OPERATION#flowable-async-job-executor-thread-34981#
Step "Execute Task" finished#
#2026 05 31 18:09:25.046#Z#DEBUG#96214937-5d1b-11f1-bf65-eeee0a9fba87.OPERATION#flowable-async-job-executor-thread-34989#
[RestartAppStep] Executing task "startAppTask" of process "d5b27b55-5d1b-11f1-8a04-eeee0a89be1e"...#
#2026 05 31 18:09:25.049#Z#DEBUG#96214937-5d1b-11f1-bf65-eeee0a9fba87.OPERATION#flowable-async-job-executor-thread-34989#
[RestartAppStep] Application start timeout is default one: 3,600 seconds#
#2026 05 31 18:09:25.049#Z#DEBUG#96214937-5d1b-11f1-bf65-eeee0a9fba87.OPERATION#flowable-async-job-executor-thread-34989#
[RestartAppStep] Checking status of application "Vendor_portal"...#
#2026 05 31 18:09:25.049#Z#DEBUG#96214937-5d1b-11f1-bf65-eeee0a9fba87.OPERATION#flowable-async-job-executor-thread-34989#
[RestartAppStep] Getting application "Vendor_portal"...#
#2026 05 31 18:09:25.080#Z#DEBUG#96214937-5d1b-11f1-bf65-eeee0a9fba87.OPERATION#flowable-async-job-executor-thread-34984#
[RestartAppStep] Executing task "startAppTask" of process "d5696438-5d1b-11f1-8a04-eeee0a89be1e"...#
#2026 05 31 18:09:25.082#Z#DEBUG#96214937-5d1b-11f1-bf65-eeee0a9fba87.OPERATION#flowable-async-job-executor-thread-34984#
[RestartAppStep] Application start timeout is default one: 3,600 seconds#
#2026 05 31 18:09:25.083#Z#DEBUG#96214937-5d1b-11f1-bf65-eeee0a9fba87.OPERATION#flowable-async-job-executor-thread-34984#
[RestartAppStep] Checking status of application "Vendor_portal-srv"...#
#2026 05 31 18:09:25.085#Z#DEBUG#96214937-5d1b-11f1-bf65-eeee0a9fba87.OPERATION#flowable-async-job-executor-thread-34984#
[RestartAppStep] Getting instances for application "Vendor_portal-srv"...#
#2026 05 31 18:09:25.097#Z#DEBUG#96214937-5d1b-11f1-bf65-eeee0a9fba87.OPERATION#flowable-async-job-executor-thread-34989#
[RestartAppStep] Getting instances for application "Vendor_portal"...#
#2026 05 31 18:09:25.146#Z#DEBUG#96214937-5d1b-11f1-bf65-eeee0a9fba87.OPERATION#flowable-async-job-executor-thread-34984#
[RestartAppStep] Application "Vendor_portal-srv": 1 of 1 instances running (1 running)#
#2026 05 31 18:09:25.153#Z#DEBUG#96214937-5d1b-11f1-bf65-eeee0a9fba87.OPERATION#flowable-async-job-executor-thread-34989#
[RestartAppStep] Application "Vendor_portal": 0 of 1 instances running (1 starting)#
#2026 05 31 18:09:25.200#Z#DEBUG#96214937-5d1b-11f1-bf65-eeee0a9fba87.OPERATION#flowable-async-job-executor-thread-34984#
[RestartAppStep] Getting routes for application "f3610358-e791-4b3a-8047-269077eb9aff"...#
#2026 05 31 18:09:25.213#Z#DEBUG#96214937-5d1b-11f1-bf65-eeee0a9fba87.OPERATION#flowable-async-job-executor-thread-34989#
Step "Start App" finished#
#2026 05 31 18:09:25.080#Z#DEBUG#96214937-5d1b-11f1-bf65-eeee0a9fba87.OPERATION#flowable-async-job-executor-thread-34983#
[ExecuteTaskStep] Executing task "executeTaskTask" of process "bd805443-5d1b-11f1-8a04-eeee0a89be1e"...#
#2026 05 31 18:09:25.081#Z#DEBUG#96214937-5d1b-11f1-bf65-eeee0a9fba87.OPERATION#flowable-async-job-executor-thread-34983#
[ExecuteTaskStep] Application task execution timeout is default one: 43,200 seconds#
#2026 05 31 18:09:25.082#Z#DEBUG#96214937-5d1b-11f1-bf65-eeee0a9fba87.OPERATION#flowable-async-job-executor-thread-34983#
[ExecuteTaskStep] Getting task "fd97a8aa-f4dc-4c67-a031-2411fc61cfee"...#
#2026 05 31 18:09:25.118#Z#DEBUG#96214937-5d1b-11f1-bf65-eeee0a9fba87.OPERATION#flowable-async-job-executor-thread-34983#
[ExecuteTaskStep] Task execution status: running#
#2026 05 31 18:09:25.120#Z#DEBUG#96214937-5d1b-11f1-bf65-eeee0a9fba87.OPERATION#flowable-async-job-executor-thread-34983#
[ExecuteTaskStep] Getting application guid "Vendor_portal-db-deployer"...#
#2026 05 31 18:09:25.214#Z#DEBUG#96214937-5d1b-11f1-bf65-eeee0a9fba87.OPERATION#flowable-async-job-executor-thread-34983#
Step "Execute Task" finished#
#2026 05 31 18:09:25.241#Z#INFO#96214937-5d1b-11f1-bf65-eeee0a9fba87.OPERATION#flowable-async-job-executor-thread-34984#
[RestartAppStep] Application "Vendor_portal-srv" started and available at "a17ff4fftrial-dev-vendor-portal-srv.cfapps.us10-001.hana.ondemand.com"#
#2026 05 31 18:09:25.246#Z#DEBUG#96214937-5d1b-11f1-bf65-eeee0a9fba87.OPERATION#flowable-async-job-executor-thread-34984#
Step "Start App" finished#
#2026 05 31 18:09:35.127#Z#DEBUG#96214937-5d1b-11f1-bf65-eeee0a9fba87.OPERATION#flowable-async-job-executor-thread-34997#
[RestartAppStep] Executing task "startAppTask" of process "db73de37-5d1b-11f1-8a04-eeee0a89be1e"...#
#2026 05 31 18:09:35.129#Z#DEBUG#96214937-5d1b-11f1-bf65-eeee0a9fba87.OPERATION#flowable-async-job-executor-thread-34997#
[RestartAppStep] Application start timeout is default one: 3,600 seconds#
#2026 05 31 18:09:35.130#Z#DEBUG#96214937-5d1b-11f1-bf65-eeee0a9fba87.OPERATION#flowable-async-job-executor-thread-34997#
Step "Start App" finished#
#2026 05 31 18:09:35.197#Z#DEBUG#96214937-5d1b-11f1-bf65-eeee0a9fba87.OPERATION#flowable-async-job-executor-thread-34997#
[PrepareToExecuteTasksStep] Executing task "prepareToExecuteTasksTask" of process "e15c5213-5d1b-11f1-8a04-eeee0a89be1e"...#
#2026 05 31 18:09:35.199#Z#DEBUG#96214937-5d1b-11f1-bf65-eeee0a9fba87.OPERATION#flowable-async-job-executor-thread-34997#
Step "Prepare To Execute Tasks" finished#
#2026 05 31 18:09:35.252#Z#DEBUG#96214937-5d1b-11f1-bf65-eeee0a9fba87.OPERATION#flowable-async-job-executor-thread-34997#
[PublishConfigurationEntriesStep] Executing task "publishProvidedDependenciesTask" of process "e157e51b-5d1b-11f1-8a04-eeee0a89be1e"...#
#2026 05 31 18:09:35.252#Z#DEBUG#96214937-5d1b-11f1-bf65-eeee0a9fba87.OPERATION#flowable-async-job-executor-thread-34997#
[PublishConfigurationEntriesStep] Publishing public provided dependencies for application "Vendor_portal-srv"...#
#2026 05 31 18:09:35.253#Z#DEBUG#96214937-5d1b-11f1-bf65-eeee0a9fba87.OPERATION#flowable-async-job-executor-thread-34997#
[PublishConfigurationEntriesStep] No public provided dependencies for publishing#
#2026 05 31 18:09:35.253#Z#DEBUG#96214937-5d1b-11f1-bf65-eeee0a9fba87.OPERATION#flowable-async-job-executor-thread-34997#
Step "Publish Provided Dependencies" finished#
#2026 05 31 18:09:35.277#Z#DEBUG#96214937-5d1b-11f1-bf65-eeee0a9fba87.OPERATION#flowable-async-job-executor-thread-34997#
[CreateOrUpdateServiceBrokerStep] Executing task "createOrUpdateServiceBrokerTask" of process "e157e51b-5d1b-11f1-8a04-eeee0a89be1e"...#
#2026 05 31 18:09:35.278#Z#DEBUG#96214937-5d1b-11f1-bf65-eeee0a9fba87.OPERATION#flowable-async-job-executor-thread-34997#
[CreateOrUpdateServiceBrokerStep] Creating service brokers...#
#2026 05 31 18:09:35.279#Z#DEBUG#96214937-5d1b-11f1-bf65-eeee0a9fba87.OPERATION#flowable-async-job-executor-thread-34997#
Step "Create Or Update Service Broker " finished#
#2026 05 31 18:09:35.133#Z#DEBUG#96214937-5d1b-11f1-bf65-eeee0a9fba87.OPERATION#flowable-async-job-executor-thread-34991#
[ExecuteTaskStep] Executing task "executeTaskTask" of process "bd805443-5d1b-11f1-8a04-eeee0a89be1e"...#
#2026 05 31 18:09:35.137#Z#DEBUG#96214937-5d1b-11f1-bf65-eeee0a9fba87.OPERATION#flowable-async-job-executor-thread-34991#
[ExecuteTaskStep] Application task execution timeout is default one: 43,200 seconds#
#2026 05 31 18:09:35.138#Z#DEBUG#96214937-5d1b-11f1-bf65-eeee0a9fba87.OPERATION#flowable-async-job-executor-thread-34991#
[ExecuteTaskStep] Getting task "fd97a8aa-f4dc-4c67-a031-2411fc61cfee"...#
#2026 05 31 18:09:35.171#Z#DEBUG#96214937-5d1b-11f1-bf65-eeee0a9fba87.OPERATION#flowable-async-job-executor-thread-34991#
[ExecuteTaskStep] Task execution status: failed#
#2026 05 31 18:09:35.173#Z#DEBUG#96214937-5d1b-11f1-bf65-eeee0a9fba87.OPERATION#flowable-async-job-executor-thread-34991#
[ExecuteTaskStep] Getting application guid "Vendor_portal-db-deployer"...#
#2026 05 31 18:09:35.294#Z#ERROR#96214937-5d1b-11f1-bf65-eeee0a9fba87.OPERATION#flowable-async-job-executor-thread-34991#
[ExecuteTaskStep] Execution of task "deploy" on application "Vendor_portal-db-deployer" failed.#
#2026 05 31 18:09:35.299#Z#INFO#96214937-5d1b-11f1-bf65-eeee0a9fba87.OPERATION#flowable-async-job-executor-thread-34991#
[ExecuteTaskStep] Download the MTA operation logs for more details.#
#2026 05 31 18:09:35.303#Z#DEBUG#96214937-5d1b-11f1-bf65-eeee0a9fba87.OPERATION#flowable-async-job-executor-thread-34991#
Step "Execute Task" finished#
#2026 05 31 18:09:35.124#Z#DEBUG#96214937-5d1b-11f1-bf65-eeee0a9fba87.OPERATION#flowable-async-job-executor-thread-11650#
[RestartAppStep] Executing task "startAppTask" of process "db6e87ee-5d1b-11f1-8a04-eeee0a89be1e"...#
#2026 05 31 18:09:35.128#Z#DEBUG#96214937-5d1b-11f1-bf65-eeee0a9fba87.OPERATION#flowable-async-job-executor-thread-11650#
[RestartAppStep] Application start timeout is default one: 3,600 seconds#
#2026 05 31 18:09:35.211#Z#DEBUG#96214937-5d1b-11f1-bf65-eeee0a9fba87.OPERATION#flowable-async-job-executor-thread-11650#
[RestartAppStep] Checking status of application "Vendor_portal"...#
#2026 05 31 18:09:35.212#Z#DEBUG#96214937-5d1b-11f1-bf65-eeee0a9fba87.OPERATION#flowable-async-job-executor-thread-11650#
[RestartAppStep] Getting instances for application "Vendor_portal"...#
#2026 05 31 18:09:35.280#Z#DEBUG#96214937-5d1b-11f1-bf65-eeee0a9fba87.OPERATION#flowable-async-job-executor-thread-11650#
[RestartAppStep] Application "Vendor_portal": 1 of 1 instances running (1 running)#
#2026 05 31 18:09:35.346#Z#DEBUG#96214937-5d1b-11f1-bf65-eeee0a9fba87.OPERATION#flowable-async-job-executor-thread-11650#
[RestartAppStep] Getting routes for application "8eeb1495-b644-4c51-b33b-4bba12e1bf9d"...#
#2026 05 31 18:09:35.404#Z#INFO#96214937-5d1b-11f1-bf65-eeee0a9fba87.OPERATION#flowable-async-job-executor-thread-11650#
[RestartAppStep] Application "Vendor_portal" started and available at "a17ff4fftrial-dev-vendor-portal.cfapps.us10-001.hana.ondemand.com"#
#2026 05 31 18:09:35.412#Z#DEBUG#96214937-5d1b-11f1-bf65-eeee0a9fba87.OPERATION#flowable-async-job-executor-thread-11650#
Step "Start App" finished#
#2026 05 31 18:09:36.361#Z#DEBUG#96214937-5d1b-11f1-bf65-eeee0a9fba87.OPERATION#flowable-async-job-executor-thread-34992#
[ExecuteTaskStep] Executing task "executeTaskTask" of process "bd805443-5d1b-11f1-8a04-eeee0a89be1e"...#
#2026 05 31 18:09:36.363#Z#DEBUG#96214937-5d1b-11f1-bf65-eeee0a9fba87.OPERATION#flowable-async-job-executor-thread-34992#
[ExecuteTaskStep] Application task execution timeout is default one: 43,200 seconds#
#2026 05 31 18:09:36.420#Z#INFO#96214937-5d1b-11f1-bf65-eeee0a9fba87.OPERATION#flowable-async-job-executor-thread-34992#
[ExecuteTaskStep] Executing task "deploy" on application "Vendor_portal-db-deployer"...#
#2026 05 31 18:09:36.425#Z#DEBUG#96214937-5d1b-11f1-bf65-eeee0a9fba87.OPERATION#flowable-async-job-executor-thread-34992#
[ExecuteTaskStep] Running task on application "Vendor_portal-db-deployer": {
  "name" : "deploy",
  "command" : "npm start",
  "limits" : {
    "memory" : 256
  }
}#
#2026 05 31 18:09:36.704#Z#DEBUG#96214937-5d1b-11f1-bf65-eeee0a9fba87.OPERATION#flowable-async-job-executor-thread-34992#
Step "Execute Task" finished#
#2026 05 31 18:09:45.200#Z#DEBUG#96214937-5d1b-11f1-bf65-eeee0a9fba87.OPERATION#flowable-async-job-executor-thread-35000#
[RestartAppStep] Executing task "startAppTask" of process "e1833b0b-5d1b-11f1-bf4f-eeee0a913b38"...#
#2026 05 31 18:09:45.204#Z#DEBUG#96214937-5d1b-11f1-bf65-eeee0a9fba87.OPERATION#flowable-async-job-executor-thread-35000#
[RestartAppStep] Application start timeout is default one: 3,600 seconds#
#2026 05 31 18:09:45.205#Z#DEBUG#96214937-5d1b-11f1-bf65-eeee0a9fba87.OPERATION#flowable-async-job-executor-thread-35000#
Step "Start App" finished#
#2026 05 31 18:09:45.173#Z#DEBUG#96214937-5d1b-11f1-bf65-eeee0a9fba87.OPERATION#flowable-async-job-executor-thread-35005#
[ExecuteTaskStep] Executing task "executeTaskTask" of process "bd805443-5d1b-11f1-8a04-eeee0a89be1e"...#
#2026 05 31 18:09:45.174#Z#DEBUG#96214937-5d1b-11f1-bf65-eeee0a9fba87.OPERATION#flowable-async-job-executor-thread-35005#
[ExecuteTaskStep] Application task execution timeout is default one: 43,200 seconds#
#2026 05 31 18:09:45.175#Z#DEBUG#96214937-5d1b-11f1-bf65-eeee0a9fba87.OPERATION#flowable-async-job-executor-thread-35005#
[ExecuteTaskStep] Getting task "b232609d-0214-4abd-a90a-f35bea08f965"...#
#2026 05 31 18:09:45.202#Z#DEBUG#96214937-5d1b-11f1-bf65-eeee0a9fba87.OPERATION#flowable-async-job-executor-thread-35005#
[ExecuteTaskStep] Task execution status: running#
#2026 05 31 18:09:45.203#Z#DEBUG#96214937-5d1b-11f1-bf65-eeee0a9fba87.OPERATION#flowable-async-job-executor-thread-35005#
[ExecuteTaskStep] Getting application guid "Vendor_portal-db-deployer"...#
#2026 05 31 18:09:45.282#Z#DEBUG#96214937-5d1b-11f1-bf65-eeee0a9fba87.OPERATION#flowable-async-job-executor-thread-35005#
Step "Execute Task" finished#
#2026 05 31 18:09:45.283#Z#DEBUG#96214937-5d1b-11f1-bf65-eeee0a9fba87.OPERATION#flowable-async-job-executor-thread-35002#
[PrepareToExecuteTasksStep] Executing task "prepareToExecuteTasksTask" of process "e75fa061-5d1b-11f1-8a04-eeee0a89be1e"...#
#2026 05 31 18:09:45.284#Z#DEBUG#96214937-5d1b-11f1-bf65-eeee0a9fba87.OPERATION#flowable-async-job-executor-thread-35002#
Step "Prepare To Execute Tasks" finished#
#2026 05 31 18:09:45.329#Z#DEBUG#96214937-5d1b-11f1-bf65-eeee0a9fba87.OPERATION#flowable-async-job-executor-thread-35002#
[PublishConfigurationEntriesStep] Executing task "publishProvidedDependenciesTask" of process "e7591085-5d1b-11f1-8a04-eeee0a89be1e"...#
#2026 05 31 18:09:45.330#Z#DEBUG#96214937-5d1b-11f1-bf65-eeee0a9fba87.OPERATION#flowable-async-job-executor-thread-35002#
[PublishConfigurationEntriesStep] Publishing public provided dependencies for application "Vendor_portal"...#
#2026 05 31 18:09:45.330#Z#DEBUG#96214937-5d1b-11f1-bf65-eeee0a9fba87.OPERATION#flowable-async-job-executor-thread-35002#
[PublishConfigurationEntriesStep] No public provided dependencies for publishing#
#2026 05 31 18:09:45.330#Z#DEBUG#96214937-5d1b-11f1-bf65-eeee0a9fba87.OPERATION#flowable-async-job-executor-thread-35002#
Step "Publish Provided Dependencies" finished#
#2026 05 31 18:09:45.360#Z#DEBUG#96214937-5d1b-11f1-bf65-eeee0a9fba87.OPERATION#flowable-async-job-executor-thread-35002#
[CreateOrUpdateServiceBrokerStep] Executing task "createOrUpdateServiceBrokerTask" of process "e7591085-5d1b-11f1-8a04-eeee0a89be1e"...#
#2026 05 31 18:09:45.361#Z#DEBUG#96214937-5d1b-11f1-bf65-eeee0a9fba87.OPERATION#flowable-async-job-executor-thread-35002#
[CreateOrUpdateServiceBrokerStep] Creating service brokers...#
#2026 05 31 18:09:45.362#Z#DEBUG#96214937-5d1b-11f1-bf65-eeee0a9fba87.OPERATION#flowable-async-job-executor-thread-35002#
Step "Create Or Update Service Broker " finished#
#2026 05 31 18:09:55.213#Z#DEBUG#96214937-5d1b-11f1-bf65-eeee0a9fba87.OPERATION#flowable-async-job-executor-thread-35009#
[ExecuteTaskStep] Executing task "executeTaskTask" of process "bd805443-5d1b-11f1-8a04-eeee0a89be1e"...#
#2026 05 31 18:09:55.215#Z#DEBUG#96214937-5d1b-11f1-bf65-eeee0a9fba87.OPERATION#flowable-async-job-executor-thread-35009#
[ExecuteTaskStep] Application task execution timeout is default one: 43,200 seconds#
#2026 05 31 18:09:55.217#Z#DEBUG#96214937-5d1b-11f1-bf65-eeee0a9fba87.OPERATION#flowable-async-job-executor-thread-35009#
[ExecuteTaskStep] Getting task "b232609d-0214-4abd-a90a-f35bea08f965"...#
#2026 05 31 18:09:55.253#Z#DEBUG#96214937-5d1b-11f1-bf65-eeee0a9fba87.OPERATION#flowable-async-job-executor-thread-35009#
[ExecuteTaskStep] Task execution status: failed#
#2026 05 31 18:09:55.254#Z#DEBUG#96214937-5d1b-11f1-bf65-eeee0a9fba87.OPERATION#flowable-async-job-executor-thread-35009#
[ExecuteTaskStep] Getting application guid "Vendor_portal-db-deployer"...#
#2026 05 31 18:09:55.325#Z#ERROR#96214937-5d1b-11f1-bf65-eeee0a9fba87.OPERATION#flowable-async-job-executor-thread-35009#
[ExecuteTaskStep] Execution of task "deploy" on application "Vendor_portal-db-deployer" failed.#
#2026 05 31 18:09:55.330#Z#INFO#96214937-5d1b-11f1-bf65-eeee0a9fba87.OPERATION#flowable-async-job-executor-thread-35009#
[ExecuteTaskStep] Download the MTA operation logs for more details.#
#2026 05 31 18:09:55.334#Z#DEBUG#96214937-5d1b-11f1-bf65-eeee0a9fba87.OPERATION#flowable-async-job-executor-thread-35009#
Step "Execute Task" finished#
