#2026 05 30 10:18:56.965#Z#INFO#f7aba7f1-5c10-11f1-a636-eeee0a864133.OPERATION#http-nio-0.0.0.0-8080-exec-6#
[XS2StartProcessListener] Operation ID: f7aba7f1-5c10-11f1-a636-eeee0a864133#
#2026 05 30 10:18:56.982#Z#DEBUG#f7aba7f1-5c10-11f1-a636-eeee0a864133.OPERATION#http-nio-0.0.0.0-8080-exec-6#
[XS2StartProcessListener] Process environment: {
  "SKIP_SSL_VALIDATION" : "false",
  "FLOWABLE_JOB_EXECUTOR_MAX_THREADS" : "32",
  "VERSION" : "2.46.0",
  "BASIC_AUTH_ENABLED" : "true",
  "FLOWABLE_JOB_EXECUTOR_QUEUE_CAPACITY" : "16",
  "FLOWABLE_JOB_EXECUTOR_CORE_THREADS" : "8"
}#
#2026 05 30 10:18:56.982#Z#DEBUG#f7aba7f1-5c10-11f1-a636-eeee0a864133.OPERATION#http-nio-0.0.0.0-8080-exec-6#
[XS2StartProcessListener] Current user: keerthanadevi.natarajan@distrelec.com#
#2026 05 30 10:18:56.982#Z#DEBUG#f7aba7f1-5c10-11f1-a636-eeee0a864133.OPERATION#http-nio-0.0.0.0-8080-exec-6#
[XS2StartProcessListener] Client space: dev#
#2026 05 30 10:18:56.982#Z#DEBUG#f7aba7f1-5c10-11f1-a636-eeee0a864133.OPERATION#http-nio-0.0.0.0-8080-exec-6#
[XS2StartProcessListener] Client organization: a17ff4fftrial#
#2026 05 30 10:18:56.982#Z#INFO#f7aba7f1-5c10-11f1-a636-eeee0a864133.OPERATION#http-nio-0.0.0.0-8080-exec-6#
[XS2StartProcessListener] Process variables: {
  "keepFiles" : false,
  "skipAppDigestCalculation" : false,
  "abortOnError" : false,
  "mtaId" : "Vendor_portal",
  "noFailOnMissingPermissions" : false,
  "isSecurityEnabled" : false,
  "apiRequestPath" : "https://deploy-service.cf.us10-001.hana.ondemand.com/api/v1/spaces/25c4b79f-ec1f-4f41-8212-286dd3a0616c/operations",
  "deleteServiceBrokers" : false,
  "appArchiveId" : "8719fd2c-72ba-4dde-be3d-61b5a9680b88",
  "isDisposableUserProvidedServiceEnabled" : false,
  "deleteServiceKeys" : false,
  "noRestartSubscribedApps" : false,
  "noStart" : false,
  "deleteServices" : false
}#
#2026 05 30 10:18:57.026#Z#DEBUG#f7aba7f1-5c10-11f1-a636-eeee0a864133.OPERATION#flowable-async-job-executor-thread-28201#
[ValidateDeployParametersStep] Executing task "validateParametersTask" of process "f7aba817-5c10-11f1-a636-eeee0a864133"...#
#2026 05 30 10:18:57.026#Z#DEBUG#f7aba7f1-5c10-11f1-a636-eeee0a864133.OPERATION#flowable-async-job-executor-thread-28201#
[ValidateDeployParametersStep] Validating parameters...#
#2026 05 30 10:18:57.028#Z#INFO#f7aba7f1-5c10-11f1-a636-eeee0a864133.OPERATION#flowable-async-job-executor-thread-28201#
[ValidateDeployParametersStep] Size of mtars is 13,095,919 and size of extension descriptors is 0#
#2026 05 30 10:18:57.057#Z#INFO#f7aba7f1-5c10-11f1-a636-eeee0a864133.OPERATION#flowable-async-job-executor-thread-28201#
[ValidateDeployParametersStep] Archive was not split! Total size in bytes: 13,095,919#
#2026 05 30 10:18:57.057#Z#INFO#f7aba7f1-5c10-11f1-a636-eeee0a864133.OPERATION#flowable-async-job-executor-thread-28201#
[ValidateDeployParametersStep] Deploying in org "a17ff4fftrial" and space "dev"#
#2026 05 30 10:18:57.061#Z#DEBUG#f7aba7f1-5c10-11f1-a636-eeee0a864133.OPERATION#flowable-async-job-executor-thread-28201#
[ValidateDeployParametersStep] Parameters validated#
#2026 05 30 10:18:57.061#Z#DEBUG#f7aba7f1-5c10-11f1-a636-eeee0a864133.OPERATION#flowable-async-job-executor-thread-28201#
Step "Validate Parameters" finished#
#2026 05 30 10:18:57.083#Z#DEBUG#f7aba7f1-5c10-11f1-a636-eeee0a864133.OPERATION#flowable-async-job-executor-thread-28202#
[DeleteRemainingFileParts] Executing task "deleteRemainingFileParts" of process "f7aba817-5c10-11f1-a636-eeee0a864133"...#
#2026 05 30 10:18:57.084#Z#DEBUG#f7aba7f1-5c10-11f1-a636-eeee0a864133.OPERATION#flowable-async-job-executor-thread-28202#
Step "Delete Remaining File Parts" finished#
#2026 05 30 10:18:57.106#Z#DEBUG#f7aba7f1-5c10-11f1-a636-eeee0a864133.OPERATION#flowable-async-job-executor-thread-28203#
[XS2ProcessMtaArchiveStep] Executing task "processArchiveTask" of process "f7aba817-5c10-11f1-a636-eeee0a864133"...#
#2026 05 30 10:18:57.107#Z#DEBUG#f7aba7f1-5c10-11f1-a636-eeee0a864133.OPERATION#flowable-async-job-executor-thread-28203#
[XS2ProcessMtaArchiveStep] Processing MTA archive...#
#2026 05 30 10:18:57.107#Z#DEBUG#f7aba7f1-5c10-11f1-a636-eeee0a864133.OPERATION#flowable-async-job-executor-thread-28203#
[XS2ProcessMtaArchiveStep] MTA Archive ID: 8719fd2c-72ba-4dde-be3d-61b5a9680b88#
#2026 05 30 10:18:57.373#Z#DEBUG#f7aba7f1-5c10-11f1-a636-eeee0a864133.OPERATION#flowable-async-job-executor-thread-28203#
[XS2ProcessMtaArchiveStep] MTA Descriptor length: 3,849#
#2026 05 30 10:18:57.373#Z#DEBUG#f7aba7f1-5c10-11f1-a636-eeee0a864133.OPERATION#flowable-async-job-executor-thread-28203#
[XS2ProcessMtaArchiveStep] MTA Archive Modules: [Vendor_portal, Vendor_portal-app-deployer, Vendor_portal-srv, Vendor_portal-db-deployer]#
#2026 05 30 10:18:57.373#Z#DEBUG#f7aba7f1-5c10-11f1-a636-eeee0a864133.OPERATION#flowable-async-job-executor-thread-28203#
[XS2ProcessMtaArchiveStep] MTA Archive Requires: []#
#2026 05 30 10:18:57.373#Z#DEBUG#f7aba7f1-5c10-11f1-a636-eeee0a864133.OPERATION#flowable-async-job-executor-thread-28203#
[XS2ProcessMtaArchiveStep] MTA Archive Resources: [Vendor_portal-auth]#
#2026 05 30 10:18:57.380#Z#DEBUG#f7aba7f1-5c10-11f1-a636-eeee0a864133.OPERATION#flowable-async-job-executor-thread-28203#
[XS2ProcessMtaArchiveStep] MTA archive processed#
#2026 05 30 10:18:57.380#Z#DEBUG#f7aba7f1-5c10-11f1-a636-eeee0a864133.OPERATION#flowable-async-job-executor-thread-28203#
Step "Process Archive" finished#
#2026 05 30 10:18:57.410#Z#DEBUG#f7aba7f1-5c10-11f1-a636-eeee0a864133.OPERATION#flowable-async-job-executor-thread-28204#
[ProcessMtaExtensionDescriptorsStep] Executing task "processExtensionDescriptorsTask" of process "f7aba817-5c10-11f1-a636-eeee0a864133"...#
#2026 05 30 10:18:57.411#Z#DEBUG#f7aba7f1-5c10-11f1-a636-eeee0a864133.OPERATION#flowable-async-job-executor-thread-28204#
[ProcessMtaExtensionDescriptorsStep] Processing MTA extension descriptors...#
#2026 05 30 10:18:57.412#Z#DEBUG#f7aba7f1-5c10-11f1-a636-eeee0a864133.OPERATION#flowable-async-job-executor-thread-28204#
[ProcessMtaExtensionDescriptorsStep] Provided extension descriptors: [ ]#
#2026 05 30 10:18:57.412#Z#DEBUG#f7aba7f1-5c10-11f1-a636-eeee0a864133.OPERATION#flowable-async-job-executor-thread-28204#
[ProcessMtaExtensionDescriptorsStep] No extension descriptors in use#
#2026 05 30 10:18:57.412#Z#DEBUG#f7aba7f1-5c10-11f1-a636-eeee0a864133.OPERATION#flowable-async-job-executor-thread-28204#
[ProcessMtaExtensionDescriptorsStep] MTA extension descriptors processed#
#2026 05 30 10:18:57.412#Z#DEBUG#f7aba7f1-5c10-11f1-a636-eeee0a864133.OPERATION#flowable-async-job-executor-thread-28204#
Step "Process Extension Descriptors" finished#
#2026 05 30 10:18:57.436#Z#DEBUG#f7aba7f1-5c10-11f1-a636-eeee0a864133.OPERATION#flowable-async-job-executor-thread-28204#
[XS2DetectMtaSchemaVersionStep] Executing task "detectSchemaVersionTask" of process "f7aba817-5c10-11f1-a636-eeee0a864133"...#
#2026 05 30 10:18:57.437#Z#DEBUG#f7aba7f1-5c10-11f1-a636-eeee0a864133.OPERATION#flowable-async-job-executor-thread-28204#
[XS2DetectMtaSchemaVersionStep] Detecting MTA major schema version...#
#2026 05 30 10:18:57.438#Z#INFO#f7aba7f1-5c10-11f1-a636-eeee0a864133.OPERATION#flowable-async-job-executor-thread-28204#
[XS2DetectMtaSchemaVersionStep] Detected MTA schema version: "3"#
#2026 05 30 10:18:57.442#Z#DEBUG#f7aba7f1-5c10-11f1-a636-eeee0a864133.OPERATION#flowable-async-job-executor-thread-28204#
Step "Detect Schema Version" finished#
#2026 05 30 10:18:57.466#Z#DEBUG#f7aba7f1-5c10-11f1-a636-eeee0a864133.OPERATION#flowable-async-job-executor-thread-28204#
[MergeDescriptorsStep] Executing task "mergeDescriptorsTask" of process "f7aba817-5c10-11f1-a636-eeee0a864133"...#
#2026 05 30 10:18:57.466#Z#DEBUG#f7aba7f1-5c10-11f1-a636-eeee0a864133.OPERATION#flowable-async-job-executor-thread-28204#
[MergeDescriptorsStep] Validating and merging descriptors...#
#2026 05 30 10:18:57.469#Z#DEBUG#f7aba7f1-5c10-11f1-a636-eeee0a864133.OPERATION#flowable-async-job-executor-thread-28204#
[MergeDescriptorsStep] Merged deployment descriptor: {
  "majorSchemaVersion" : 3,
  "schemaVersion" : "3.3.0",
  "id" : "Vendor_portal",
  "version" : "1.0.0",
  "modules" : [ {
    "majorSchemaVersion" : 3,
    "name" : "Vendor_portal-srv",
    "type" : "javascript.nodejs",
    "path" : "Vendor_portal-srv",
    "properties" : { },
    "parameters" : {
      "buildpack" : "nodejs_buildpack",
      "instances" : 1
    },
    "requiredDependencies" : [ {
      "majorSchemaVersion" : 3,
      "name" : "********",
      "properties" : { },
      "parameters" : { },
      "propertiesMetadata" : {
        "metadata" : { }
      },
      "parametersMetadata" : {
        "metadata" : { }
      }
    }, {
      "majorSchemaVersion" : 3,
      "name" : "Vendor_portal-db",
      "properties" : { },
      "parameters" : { },
      "propertiesMetadata" : {
        "metadata" : { }
      },
      "parametersMetadata" : {
        "metadata" : { }
      }
    }, {
      "majorSchemaVersion" : 3,
      "name" : "Vendor_portal-destination",
      "properties" : { },
      "parameters" : { },
      "propertiesMetadata" : {
        "metadata" : { }
      },
      "parametersMetadata" : {
        "metadata" : { }
      }
    } ],
    "providedDependencies" : [ {
      "majorSchemaVersion" : 3,
      "name" : "srv-api",
      "isPublic" : false,
      "properties" : {
        "srv-url" : "${default-url}"
      },
      "parameters" : { },
      "propertiesMetadata" : {
        "metadata" : { }
      },
      "parametersMetadata" : {
        "metadata" : { }
      }
    }, {
      "majorSchemaVersion" : 3,
      "name" : "Vendor_portal-srv",
      "isPublic" : false,
      "properties" : { },
      "parameters" : { },
      "propertiesMetadata" : {
        "metadata" : { }
      },
      "parametersMetadata" : {
        "metadata" : { }
      }
    } ],
    "propertiesMetadata" : {
      "metadata" : { }
    },
    "parametersMetadata" : {
      "metadata" : { }
    },
    "hooks" : [ ]
  }, {
    "majorSchemaVersion" : 3,
    "name" : "Vendor_portal-db-deployer",
    "type" : "com.sap.xs.hdi",
    "path" : "Vendor_portal-db-deployer",
    "properties" : {
      "EXIT" : 1
    },
    "parameters" : {
      "memory" : "256M",
      "buildpack" : "nodejs_buildpack",
      "no-route" : true,
      "dependency-type" : "hard",
      "tasks" : [ {
        "name" : "deploy",
        "memory" : "256M",
        "command" : "npm start"
      } ],
      "no-start" : true
    },
    "requiredDependencies" : [ {
      "majorSchemaVersion" : 3,
      "name" : "Vendor_portal-db",
      "properties" : { },
      "parameters" : { },
      "propertiesMetadata" : {
        "metadata" : { }
      },
      "parametersMetadata" : {
        "metadata" : { }
      }
    } ],
    "providedDependencies" : [ {
      "majorSchemaVersion" : 3,
      "name" : "Vendor_portal-db-deployer",
      "isPublic" : false,
      "properties" : { },
      "parameters" : { },
      "propertiesMetadata" : {
        "metadata" : { }
      },
      "parametersMetadata" : {
        "metadata" : { }
      }
    } ],
    "propertiesMetadata" : {
      "metadata" : { }
    },
    "parametersMetadata" : {
      "metadata" : { }
    },
    "hooks" : [ ]
  }, {
    "majorSchemaVersion" : 3,
    "name" : "Vendor_portal-app-deployer",
    "type" : "com.sap.application.content",
    "path" : "Vendor_portal-app-deployer",
    "properties" : { },
    "parameters" : {
      "config" : {
        "destinations" : [ {
          "Authentication" : "********",
          "HTML5.DynamicDestination" : true,
          "HTML5.ForwardAuthToken" : "********",
          "Name" : "srv-api",
          "ProxyType" : "Internet",
          "Type" : "HTTP",
          "URL" : "~{srv-api/srv-url}"
        } ]
      }
    },
    "requiredDependencies" : [ {
      "majorSchemaVersion" : 3,
      "name" : "********",
      "properties" : { },
      "parameters" : { },
      "propertiesMetadata" : {
        "metadata" : { }
      },
      "parametersMetadata" : {
        "metadata" : { }
      }
    }, {
      "majorSchemaVersion" : 3,
      "name" : "srv-api",
      "properties" : { },
      "parameters" : { },
      "propertiesMetadata" : {
        "metadata" : { }
      },
      "parametersMetadata" : {
        "metadata" : { }
      }
    }, {
      "majorSchemaVersion" : 3,
      "name" : "Vendor_portal-html5-repo-host",
      "properties" : { },
      "parameters" : {
        "config" : {
          "HTML5Runtime_enabled" : true
        },
        "content-target" : true
      },
      "propertiesMetadata" : {
        "metadata" : { }
      },
      "parametersMetadata" : {
        "metadata" : { }
      }
    } ],
    "providedDependencies" : [ {
      "majorSchemaVersion" : 3,
      "name" : "Vendor_portal-app-deployer",
      "isPublic" : false,
      "properties" : { },
      "parameters" : { },
      "propertiesMetadata" : {
        "metadata" : { }
      },
      "parametersMetadata" : {
        "metadata" : { }
      }
    } ],
    "propertiesMetadata" : {
      "metadata" : { }
    },
    "parametersMetadata" : {
      "metadata" : { }
    },
    "hooks" : [ ]
  }, {
    "majorSchemaVersion" : 3,
    "name" : "Vendor_portal",
    "type" : "javascript.nodejs",
    "path" : "Vendor_portal",
    "properties" : { },
    "parameters" : {
      "disk-quota" : "256M",
      "keep-existing-routes" : true,
      "memory" : "256M"
    },
    "requiredDependencies" : [ {
      "majorSchemaVersion" : 3,
      "name" : "srv-api",
      "group" : "destinations",
      "properties" : {
        "name" : "srv-api",
        "forwardAuthToken" : "********",
        "url" : "~{srv-url}"
      },
      "parameters" : { },
      "propertiesMetadata" : {
        "metadata" : { }
      },
      "parametersMetadata" : {
        "metadata" : { }
      }
    }, {
      "majorSchemaVersion" : 3,
      "name" : "********",
      "properties" : { },
      "parameters" : { },
      "propertiesMetadata" : {
        "metadata" : { }
      },
      "parametersMetadata" : {
        "metadata" : { }
      }
    }, {
      "majorSchemaVersion" : 3,
      "name" : "Vendor_portal-destination",
      "properties" : { },
      "parameters" : { },
      "propertiesMetadata" : {
        "metadata" : { }
      },
      "parametersMetadata" : {
        "metadata" : { }
      }
    }, {
      "majorSchemaVersion" : 3,
      "name" : "Vendor_portal-html5-runtime",
      "properties" : { },
      "parameters" : { },
      "propertiesMetadata" : {
        "metadata" : { }
      },
      "parametersMetadata" : {
        "metadata" : { }
      }
    } ],
    "providedDependencies" : [ {
      "majorSchemaVersion" : 3,
      "name" : "app-api",
      "isPublic" : false,
      "properties" : {
        "app-protocol" : "${protocol}",
        "app-uri" : "${default-uri}"
      },
      "parameters" : { },
      "propertiesMetadata" : {
        "metadata" : { }
      },
      "parametersMetadata" : {
        "metadata" : { }
      }
    }, {
      "majorSchemaVersion" : 3,
      "name" : "Vendor_portal",
      "isPublic" : false,
      "properties" : { },
      "parameters" : { },
      "propertiesMetadata" : {
        "metadata" : { }
      },
      "parametersMetadata" : {
        "metadata" : { }
      }
    } ],
    "propertiesMetadata" : {
      "metadata" : { }
    },
    "parametersMetadata" : {
      "metadata" : { }
    },
    "hooks" : [ ]
  }, {
    "majorSchemaVersion" : 3,
    "name" : "Vendor_portal-destinations",
    "type" : "com.sap.application.content",
    "properties" : { },
    "parameters" : {
      "content" : {
        "instance" : {
          "destinations" : [ {
            "Name" : "Vendor_portal-html5-repository",
            "ServiceInstanceName" : "Vendor_portal-html5-repo-host",
            "ServiceKeyName" : "********",
            "sap.cloud.service" : "Vendor_portal.service"
          }, {
            "Authentication" : "********",
            "Name" : "********",
            "ServiceInstanceName" : "********",
            "ServiceKeyName" : "********",
            "sap.cloud.service" : "Vendor_portal.service"
          } ],
          "existing_destinations_policy" : "update"
        }
      }
    },
    "requiredDependencies" : [ {
      "majorSchemaVersion" : 3,
      "name" : "********",
      "properties" : { },
      "parameters" : {
        "service-key" : "********"
      },
      "propertiesMetadata" : {
        "metadata" : { }
      },
      "parametersMetadata" : {
        "metadata" : { }
      }
    }, {
      "majorSchemaVersion" : 3,
      "name" : "Vendor_portal-html5-repo-host",
      "properties" : { },
      "parameters" : {
        "service-key" : "********"
      },
      "propertiesMetadata" : {
        "metadata" : { }
      },
      "parametersMetadata" : {
        "metadata" : { }
      }
    }, {
      "majorSchemaVersion" : 3,
      "name" : "srv-api",
      "properties" : { },
      "parameters" : { },
      "propertiesMetadata" : {
        "metadata" : { }
      },
      "parametersMetadata" : {
        "metadata" : { }
      }
    }, {
      "majorSchemaVersion" : 3,
      "name" : "Vendor_portal-destination",
      "properties" : { },
      "parameters" : {
        "content-target" : true
      },
      "propertiesMetadata" : {
        "metadata" : { }
      },
      "parametersMetadata" : {
        "metadata" : { }
      }
    } ],
    "providedDependencies" : [ {
      "majorSchemaVersion" : 3,
      "name" : "Vendor_portal-destinations",
      "isPublic" : false,
      "properties" : { },
      "parameters" : { },
      "propertiesMetadata" : {
        "metadata" : { }
      },
      "parametersMetadata" : {
        "metadata" : { }
      }
    } ],
    "propertiesMetadata" : {
      "metadata" : { }
    },
    "parametersMetadata" : {
      "metadata" : { }
    },
    "hooks" : [ ]
  } ],
  "resources" : [ {
    "majorSchemaVersion" : 3,
    "name" : "********",
    "type" : "org.cloudfoundry.managed-service",
    "properties" : { },
    "parameters" : {
      "path" : "./xs-security.json",
      "service-plan" : "application",
      "type" : "managed-service",
      "config" : {
        "oauth2-configuration" : "********",
        "tenant-mode" : "dedicated",
        "xsappname" : "Vendor_portal-${org}-${space}"
      },
      "service" : "xsuaa"
    },
    "isActive" : true,
    "isOptional" : false,
    "propertiesMetadata" : {
      "metadata" : { }
    },
    "parametersMetadata" : {
      "metadata" : { }
    },
    "requiredDependencies" : [ {
      "majorSchemaVersion" : 3,
      "name" : "app-api",
      "properties" : { },
      "parameters" : { },
      "propertiesMetadata" : {
        "metadata" : { }
      },
      "parametersMetadata" : {
        "metadata" : { }
      }
    } ],
    "processedAfter" : [ ]
  }, {
    "majorSchemaVersion" : 3,
    "name" : "Vendor_portal-db",
    "type" : "com.sap.xs.hdi-container",
    "properties" : { },
    "parameters" : {
      "type" : "managed-service",
      "service" : "hana",
      "service-plan" : "hdi-shared"
    },
    "isActive" : true,
    "isOptional" : false,
    "propertiesMetadata" : {
      "metadata" : { }
    },
    "parametersMetadata" : {
      "metadata" : { }
    },
    "requiredDependencies" : [ ],
    "processedAfter" : [ ]
  }, {
    "majorSchemaVersion" : 3,
    "name" : "Vendor_portal-destination",
    "type" : "org.cloudfoundry.managed-service",
    "properties" : { },
    "parameters" : {
      "type" : "managed-service",
      "service" : "destination",
      "service-plan" : "lite"
    },
    "isActive" : true,
    "isOptional" : false,
    "propertiesMetadata" : {
      "metadata" : { }
    },
    "parametersMetadata" : {
      "metadata" : { }
    },
    "requiredDependencies" : [ {
      "majorSchemaVersion" : 3,
      "name" : "srv-api",
      "properties" : { },
      "parameters" : { },
      "propertiesMetadata" : {
        "metadata" : { }
      },
      "parametersMetadata" : {
        "metadata" : { }
      }
    } ],
    "processedAfter" : [ ]
  }, {
    "majorSchemaVersion" : 3,
    "name" : "Vendor_portal-html5-repo-host",
    "type" : "org.cloudfoundry.managed-service",
    "properties" : { },
    "parameters" : {
      "type" : "managed-service",
      "service" : "html5-apps-repo",
      "service-plan" : "app-host"
    },
    "isActive" : true,
    "isOptional" : false,
    "propertiesMetadata" : {
      "metadata" : { }
    },
    "parametersMetadata" : {
      "metadata" : { }
    },
    "requiredDependencies" : [ ],
    "processedAfter" : [ ]
  }, {
    "majorSchemaVersion" : 3,
    "name" : "Vendor_portal-html5-runtime",
    "type" : "org.cloudfoundry.managed-service",
    "properties" : { },
    "parameters" : {
      "type" : "managed-service",
      "service" : "html5-apps-repo",
      "service-plan" : "app-runtime"
    },
    "isActive" : true,
    "isOptional" : false,
    "propertiesMetadata" : {
      "metadata" : { }
    },
    "parametersMetadata" : {
      "metadata" : { }
    },
    "requiredDependencies" : [ ],
    "processedAfter" : [ ]
  } ],
  "parameters" : {
    "enable-parallel-deployments" : true,
    "deploy_mode" : "html5-repo"
  },
  "parametersMetadata" : {
    "metadata" : { }
  }
}#
#2026 05 30 10:18:57.471#Z#DEBUG#f7aba7f1-5c10-11f1-a636-eeee0a864133.OPERATION#flowable-async-job-executor-thread-28204#
[MergeDescriptorsStep] Descriptors validated and merged#
#2026 05 30 10:18:57.471#Z#DEBUG#f7aba7f1-5c10-11f1-a636-eeee0a864133.OPERATION#flowable-async-job-executor-thread-28204#
Step "Merge Descriptors" finished#
#2026 05 30 10:18:57.499#Z#DEBUG#f7aba7f1-5c10-11f1-a636-eeee0a864133.OPERATION#flowable-async-job-executor-thread-28199#
[DetectDeployedMtaStep] Executing task "detectDeployedMtaTask" of process "f7aba817-5c10-11f1-a636-eeee0a864133"...#
#2026 05 30 10:18:57.499#Z#DEBUG#f7aba7f1-5c10-11f1-a636-eeee0a864133.OPERATION#flowable-async-job-executor-thread-28199#
[DetectDeployedMtaStep] Detecting deployed MTA...#
#2026 05 30 10:18:57.576#Z#DEBUG#f7aba7f1-5c10-11f1-a636-eeee0a864133.OPERATION#flowable-async-job-executor-thread-28199#
[DetectDeployedMtaStep] Detecting MTA by id Vendor_portal and namespace null#
#2026 05 30 10:18:57.577#Z#DEBUG#f7aba7f1-5c10-11f1-a636-eeee0a864133.OPERATION#flowable-async-job-executor-thread-28199#
[DetectDeployedMtaStep] Getting applications by metadata label selector "mta_id=54228c1fbfd316678aa58a19b8f339c3,!mta_namespace"...#
#2026 05 30 10:18:57.634#Z#DEBUG#f7aba7f1-5c10-11f1-a636-eeee0a864133.OPERATION#flowable-async-job-executor-thread-28199#
[DetectDeployedMtaStep] Getting service instances by metadata label selector "mta_id=54228c1fbfd316678aa58a19b8f339c3,!mta_namespace"...#
#2026 05 30 10:18:57.768#Z#DEBUG#f7aba7f1-5c10-11f1-a636-eeee0a864133.OPERATION#flowable-async-job-executor-thread-28199#
[DetectDeployedMtaStep] Deployed MTA: {
  "metadata" : {
    "id" : "Vendor_portal",
    "version" : "1.0.0"
  },
  "applications" : [ {
    "name" : "Vendor_portal-db-deployer",
    "metadata" : {
      "guid" : "718baf92-0d5b-4a96-b0c8-87425390867d",
      "createdAt" : [ 2026, 5, 29, 15, 50, 51 ],
      "updatedAt" : [ 2026, 5, 29, 16, 6, 9 ]
    },
    "v3Metadata" : {
      "annotations" : {
        "mta_id" : "Vendor_portal",
        "mta_version" : "1.0.0",
        "mta_module" : "{\"name\":\"Vendor_portal-db-deployer\"}",
        "mta_module_provided_dependencies" : "[]",
        "mta_bound_services" : "[\"Vendor_portal-db\"]"
      },
      "labels" : {
        "mta_id" : "54228c1fbfd316678aa58a19b8f339c3"
      }
    },
    "state" : "STOPPED",
    "lifecycle" : {
      "type" : "BUILDPACK",
      "data" : {
        "stack" : "cflinuxfs4",
        "buildpacks" : [ "nodejs_buildpack" ]
      }
    },
    "space" : {
      "name" : "dev",
      "metadata" : {
        "guid" : "25c4b79f-ec1f-4f41-8212-286dd3a0616c",
        "createdAt" : [ 2026, 4, 28, 9, 39, 6 ],
        "updatedAt" : [ 2026, 4, 28, 9, 39, 6 ]
      },
      "organization" : {
        "name" : "a17ff4fftrial",
        "metadata" : {
          "guid" : "87b32d9e-9c3e-4c0f-a9e8-c141fcaf6941",
          "createdAt" : [ 2026, 4, 28, 9, 39, 4 ],
          "updatedAt" : [ 2026, 4, 28, 9, 39, 6 ]
        }
      }
    },
    "moduleName" : "Vendor_portal-db-deployer",
    "boundMtaServices" : [ "Vendor_portal-db" ],
    "providedDependencyNames" : [ ],
    "productizationState" : "LIVE"
  }, {
    "name" : "Vendor_portal-srv",
    "metadata" : {
      "guid" : "f3610358-e791-4b3a-8047-269077eb9aff",
      "createdAt" : [ 2026, 5, 29, 15, 50, 53 ],
      "updatedAt" : [ 2026, 5, 30, 0, 9, 24 ]
    },
    "v3Metadata" : {
      "annotations" : {
        "mta_id" : "Vendor_portal",
        "mta_version" : "1.0.0",
        "mta_module" : "{\"name\":\"Vendor_portal-srv\"}",
        "mta_module_provided_dependencies" : "[]",
        "mta_bound_services" : "********"
      },
      "labels" : {
        "mta_id" : "54228c1fbfd316678aa58a19b8f339c3"
      }
    },
    "state" : "STOPPED",
    "lifecycle" : {
      "type" : "BUILDPACK",
      "data" : {
        "stack" : "cflinuxfs4",
        "buildpacks" : [ "nodejs_buildpack" ]
      }
    },
    "space" : {
      "name" : "dev",
      "metadata" : {
        "guid" : "25c4b79f-ec1f-4f41-8212-286dd3a0616c",
        "createdAt" : [ 2026, 4, 28, 9, 39, 6 ],
        "updatedAt" : [ 2026, 4, 28, 9, 39, 6 ]
      },
      "organization" : {
        "name" : "a17ff4fftrial",
        "metadata" : {
          "guid" : "87b32d9e-9c3e-4c0f-a9e8-c141fcaf6941",
          "createdAt" : [ 2026, 4, 28, 9, 39, 4 ],
          "updatedAt" : [ 2026, 4, 28, 9, 39, 6 ]
        }
      }
    },
    "moduleName" : "Vendor_portal-srv",
    "boundMtaServices" : [ "********", "Vendor_portal-db", "Vendor_portal-destination" ],
    "providedDependencyNames" : [ ],
    "productizationState" : "LIVE"
  } ],
  "services" : [ {
    "name" : "Vendor_portal-db",
    "metadata" : {
      "guid" : "adcecc63-16ef-49a6-bfe4-ceb5945703c3",
      "createdAt" : [ 2026, 5, 29, 16, 4, 44 ],
      "updatedAt" : [ 2026, 5, 29, 16, 4, 44 ]
    },
    "v3Metadata" : {
      "annotations" : {
        "mta_id" : "Vendor_portal",
        "mta_version" : "1.0.0",
        "mta_resource" : "{\"name\":\"Vendor_portal-db\"}"
      },
      "labels" : {
        "mta_id" : "54228c1fbfd316678aa58a19b8f339c3"
      }
    },
    "label" : "hana",
    "plan" : "hdi-shared",
    "credentials" : "********",
    "tags" : [ ],
    "type" : "managed",
    "lastOperation" : {
      "type" : "CREATE",
      "state" : "SUCCEEDED"
    },
    "resourceName" : "Vendor_portal-db"
  }, {
    "name" : "********",
    "metadata" : {
      "guid" : "872c8647-a392-4436-bbf4-3eeead01a604",
      "createdAt" : [ 2026, 5, 29, 15, 1, 24 ],
      "updatedAt" : [ 2026, 5, 29, 15, 1, 24 ]
    },
    "v3Metadata" : {
      "annotations" : {
        "mta_id" : "Vendor_portal",
        "mta_version" : "1.0.0",
        "mta_resource" : "********"
      },
      "labels" : {
        "mta_id" : "54228c1fbfd316678aa58a19b8f339c3"
      }
    },
    "label" : "xsuaa",
    "plan" : "application",
    "credentials" : "********",
    "tags" : [ ],
    "type" : "managed",
    "lastOperation" : {
      "type" : "UPDATE",
      "description" : "",
      "state" : "SUCCEEDED"
    },
    "resourceName" : "********"
  }, {
    "name" : "Vendor_portal-destination",
    "metadata" : {
      "guid" : "0096e76b-4204-4488-89af-b195d851d22b",
      "createdAt" : [ 2026, 5, 29, 15, 1, 24 ],
      "updatedAt" : [ 2026, 5, 29, 15, 1, 26 ]
    },
    "v3Metadata" : {
      "annotations" : {
        "mta_id" : "Vendor_portal",
        "mta_version" : "1.0.0",
        "mta_resource" : "{\"name\":\"Vendor_portal-destination\"}"
      },
      "labels" : {
        "mta_id" : "54228c1fbfd316678aa58a19b8f339c3"
      }
    },
    "label" : "destination",
    "plan" : "lite",
    "credentials" : "********",
    "tags" : [ ],
    "type" : "managed",
    "lastOperation" : {
      "type" : "CREATE",
      "description" : "",
      "state" : "SUCCEEDED"
    },
    "resourceName" : "Vendor_portal-destination"
  } ]
}#
#2026 05 30 10:18:57.768#Z#INFO#f7aba7f1-5c10-11f1-a636-eeee0a864133.OPERATION#flowable-async-job-executor-thread-28199#
[DetectDeployedMtaStep] Detected deployed MTA with ID "Vendor_portal" and version "1.0.0"#
#2026 05 30 10:18:57.772#Z#DEBUG#f7aba7f1-5c10-11f1-a636-eeee0a864133.OPERATION#flowable-async-job-executor-thread-28199#
[DetectDeployedMtaStep] Detecting backup mta by id "Vendor_portal" and namespace "null"#
#2026 05 30 10:18:57.773#Z#DEBUG#f7aba7f1-5c10-11f1-a636-eeee0a864133.OPERATION#flowable-async-job-executor-thread-28199#
[DetectDeployedMtaStep] Getting applications by metadata label selector "mta_id=54228c1fbfd316678aa58a19b8f339c3,mta_namespace=b698114a0995e936895b9598a6c19a2c"...#
#2026 05 30 10:18:57.821#Z#DEBUG#f7aba7f1-5c10-11f1-a636-eeee0a864133.OPERATION#flowable-async-job-executor-thread-28199#
[DetectDeployedMtaStep] Getting service instances by metadata label selector "mta_id=54228c1fbfd316678aa58a19b8f339c3,mta_namespace=b698114a0995e936895b9598a6c19a2c"...#
#2026 05 30 10:18:57.881#Z#DEBUG#f7aba7f1-5c10-11f1-a636-eeee0a864133.OPERATION#flowable-async-job-executor-thread-28199#
[DetectDeployedMtaStep] Deployed MTA service keys: [ ]#
#2026 05 30 10:18:57.881#Z#DEBUG#f7aba7f1-5c10-11f1-a636-eeee0a864133.OPERATION#flowable-async-job-executor-thread-28199#
Step "Detect Deployed MTA" finished#
#2026 05 30 10:18:57.909#Z#DEBUG#f7aba7f1-5c10-11f1-a636-eeee0a864133.OPERATION#flowable-async-job-executor-thread-28199#
[XS2CollectSystemParametersStep] Executing task "collectSystemParametersTask" of process "f7aba817-5c10-11f1-a636-eeee0a864133"...#
#2026 05 30 10:18:57.910#Z#DEBUG#f7aba7f1-5c10-11f1-a636-eeee0a864133.OPERATION#flowable-async-job-executor-thread-28199#
[XS2CollectSystemParametersStep] Collecting system parameters...#
#2026 05 30 10:18:57.910#Z#DEBUG#f7aba7f1-5c10-11f1-a636-eeee0a864133.OPERATION#flowable-async-job-executor-thread-28199#
[XS2CollectSystemParametersStep] Getting default domain...#
#2026 05 30 10:18:57.937#Z#DEBUG#f7aba7f1-5c10-11f1-a636-eeee0a864133.OPERATION#flowable-async-job-executor-thread-28199#
[XS2CollectSystemParametersStep] Default domain: cfapps.us10-001.hana.ondemand.com#
#2026 05 30 10:18:57.938#Z#DEBUG#f7aba7f1-5c10-11f1-a636-eeee0a864133.OPERATION#flowable-async-job-executor-thread-28199#
[XS2CollectSystemParametersStep] Checking for overwriting read-only parameters for mta with id: "Vendor_portal"#
#2026 05 30 10:18:57.938#Z#DEBUG#f7aba7f1-5c10-11f1-a636-eeee0a864133.OPERATION#flowable-async-job-executor-thread-28199#
[XS2CollectSystemParametersStep] No read-only parameters are overwritten#
#2026 05 30 10:18:57.951#Z#DEBUG#f7aba7f1-5c10-11f1-a636-eeee0a864133.OPERATION#flowable-async-job-executor-thread-28199#
[XS2CollectSystemParametersStep] Descriptor with system parameters: {
  "majorSchemaVersion" : 3,
  "schemaVersion" : "3.3.0",
  "id" : "Vendor_portal",
  "version" : "1.0.0",
  "modules" : [ {
    "majorSchemaVersion" : 3,
    "name" : "Vendor_portal-srv",
    "type" : "javascript.nodejs",
    "path" : "Vendor_portal-srv",
    "properties" : { },
    "parameters" : {
      "default-url" : "${protocol}://${default-uri}",
      "default-app-name" : "Vendor_portal-srv",
      "generated-password" : "********",
      "default-live-url" : "${protocol}://${default-live-uri}",
      "default-uri" : "${host}.${domain}",
      "default-instances" : 1,
      "default-live-host" : "a17ff4fftrial-dev-vendor-portal-srv",
      "instances" : 1,
      "buildpack" : "nodejs_buildpack",
      "default-host" : "a17ff4fftrial-dev-vendor-portal-srv",
      "app-name" : "${default-app-name}",
      "default-live-uri" : "a17ff4fftrial-dev-vendor-portal-srv.${domain}",
      "protocol" : "https",
      "default-live-app-name" : "Vendor_portal-srv",
      "default-live-domain" : "cfapps.us10-001.hana.ondemand.com",
      "domain" : "${default-domain}",
      "host" : "${default-host}",
      "generated-user" : "********"
    },
    "requiredDependencies" : [ {
      "majorSchemaVersion" : 3,
      "name" : "********",
      "properties" : { },
      "parameters" : { },
      "propertiesMetadata" : {
        "metadata" : { }
      },
      "parametersMetadata" : {
        "metadata" : { }
      }
    }, {
      "majorSchemaVersion" : 3,
      "name" : "Vendor_portal-db",
      "properties" : { },
      "parameters" : { },
      "propertiesMetadata" : {
        "metadata" : { }
      },
      "parametersMetadata" : {
        "metadata" : { }
      }
    }, {
      "majorSchemaVersion" : 3,
      "name" : "Vendor_portal-destination",
      "properties" : { },
      "parameters" : { },
      "propertiesMetadata" : {
        "metadata" : { }
      },
      "parametersMetadata" : {
        "metadata" : { }
      }
    } ],
    "providedDependencies" : [ {
      "majorSchemaVersion" : 3,
      "name" : "srv-api",
      "isPublic" : false,
      "properties" : {
        "srv-url" : "${default-url}"
      },
      "parameters" : { },
      "propertiesMetadata" : {
        "metadata" : { }
      },
      "parametersMetadata" : {
        "metadata" : { }
      }
    }, {
      "majorSchemaVersion" : 3,
      "name" : "Vendor_portal-srv",
      "isPublic" : false,
      "properties" : { },
      "parameters" : { },
      "propertiesMetadata" : {
        "metadata" : { }
      },
      "parametersMetadata" : {
        "metadata" : { }
      }
    } ],
    "propertiesMetadata" : {
      "metadata" : { }
    },
    "parametersMetadata" : {
      "metadata" : { }
    },
    "hooks" : [ ]
  }, {
    "majorSchemaVersion" : 3,
    "name" : "Vendor_portal-db-deployer",
    "type" : "com.sap.xs.hdi",
    "path" : "Vendor_portal-db-deployer",
    "properties" : {
      "EXIT" : 1
    },
    "parameters" : {
      "default-url" : "${protocol}://${default-uri}",
      "default-app-name" : "Vendor_portal-db-deployer",
      "generated-password" : "********",
      "default-live-url" : "${protocol}://${default-live-uri}",
      "default-uri" : "${host}.${domain}",
      "memory" : "256M",
      "default-instances" : 1,
      "no-route" : true,
      "default-live-host" : "a17ff4fftrial-dev-vendor-portal-db-deployer",
      "instances" : "${default-instances}",
      "buildpack" : "nodejs_buildpack",
      "default-host" : "a17ff4fftrial-dev-vendor-portal-db-deployer",
      "app-name" : "${default-app-name}",
      "default-live-uri" : "a17ff4fftrial-dev-vendor-portal-db-deployer.${domain}",
      "protocol" : "https",
      "default-live-app-name" : "Vendor_portal-db-deployer",
      "default-live-domain" : "cfapps.us10-001.hana.ondemand.com",
      "dependency-type" : "hard",
      "domain" : "${default-domain}",
      "host" : "${default-host}",
      "generated-user" : "********",
      "tasks" : [ {
        "name" : "deploy",
        "memory" : "256M",
        "command" : "npm start"
      } ],
      "no-start" : true
    },
    "requiredDependencies" : [ {
      "majorSchemaVersion" : 3,
      "name" : "Vendor_portal-db",
      "properties" : { },
      "parameters" : { },
      "propertiesMetadata" : {
        "metadata" : { }
      },
      "parametersMetadata" : {
        "metadata" : { }
      }
    } ],
    "providedDependencies" : [ {
      "majorSchemaVersion" : 3,
      "name" : "Vendor_portal-db-deployer",
      "isPublic" : false,
      "properties" : { },
      "parameters" : { },
      "propertiesMetadata" : {
        "metadata" : { }
      },
      "parametersMetadata" : {
        "metadata" : { }
      }
    } ],
    "propertiesMetadata" : {
      "metadata" : { }
    },
    "parametersMetadata" : {
      "metadata" : { }
    },
    "hooks" : [ ]
  }, {
    "majorSchemaVersion" : 3,
    "name" : "Vendor_portal-app-deployer",
    "type" : "com.sap.application.content",
    "path" : "Vendor_portal-app-deployer",
    "properties" : { },
    "parameters" : {
      "default-url" : "${protocol}://${default-uri}",
      "default-app-name" : "Vendor_portal-app-deployer",
      "generated-password" : "********",
      "default-live-url" : "${protocol}://${default-live-uri}",
      "default-uri" : "${host}.${domain}",
      "default-instances" : 1,
      "default-live-host" : "a17ff4fftrial-dev-vendor-portal-app-deployer",
      "instances" : "${default-instances}",
      "default-host" : "a17ff4fftrial-dev-vendor-portal-app-deployer",
      "app-name" : "${default-app-name}",
      "default-live-uri" : "a17ff4fftrial-dev-vendor-portal-app-deployer.${domain}",
      "protocol" : "https",
      "default-live-app-name" : "Vendor_portal-app-deployer",
      "default-live-domain" : "cfapps.us10-001.hana.ondemand.com",
      "domain" : "${default-domain}",
      "host" : "${default-host}",
      "generated-user" : "********",
      "config" : {
        "destinations" : [ {
          "Authentication" : "********",
          "HTML5.DynamicDestination" : true,
          "HTML5.ForwardAuthToken" : "********",
          "Name" : "srv-api",
          "ProxyType" : "Internet",
          "Type" : "HTTP",
          "URL" : "~{srv-api/srv-url}"
        } ]
      }
    },
    "requiredDependencies" : [ {
      "majorSchemaVersion" : 3,
      "name" : "********",
      "properties" : { },
      "parameters" : { },
      "propertiesMetadata" : {
        "metadata" : { }
      },
      "parametersMetadata" : {
        "metadata" : { }
      }
    }, {
      "majorSchemaVersion" : 3,
      "name" : "srv-api",
      "properties" : { },
      "parameters" : { },
      "propertiesMetadata" : {
        "metadata" : { }
      },
      "parametersMetadata" : {
        "metadata" : { }
      }
    }, {
      "majorSchemaVersion" : 3,
      "name" : "Vendor_portal-html5-repo-host",
      "properties" : { },
      "parameters" : {
        "config" : {
          "HTML5Runtime_enabled" : true
        },
        "content-target" : true
      },
      "propertiesMetadata" : {
        "metadata" : { }
      },
      "parametersMetadata" : {
        "metadata" : { }
      }
    } ],
    "providedDependencies" : [ {
      "majorSchemaVersion" : 3,
      "name" : "Vendor_portal-app-deployer",
      "isPublic" : false,
      "properties" : { },
      "parameters" : { },
      "propertiesMetadata" : {
        "metadata" : { }
      },
      "parametersMetadata" : {
        "metadata" : { }
      }
    } ],
    "propertiesMetadata" : {
      "metadata" : { }
    },
    "parametersMetadata" : {
      "metadata" : { }
    },
    "hooks" : [ ]
  }, {
    "majorSchemaVersion" : 3,
    "name" : "Vendor_portal",
    "type" : "javascript.nodejs",
    "path" : "Vendor_portal",
    "properties" : { },
    "parameters" : {
      "default-url" : "${protocol}://${default-uri}",
      "default-app-name" : "Vendor_portal",
      "generated-password" : "********",
      "default-live-url" : "${protocol}://${default-live-uri}",
      "default-uri" : "${host}.${domain}",
      "memory" : "256M",
      "default-instances" : 1,
      "default-live-host" : "a17ff4fftrial-dev-vendor-portal",
      "instances" : "${default-instances}",
      "default-host" : "a17ff4fftrial-dev-vendor-portal",
      "keep-existing-routes" : true,
      "app-name" : "${default-app-name}",
      "default-live-uri" : "a17ff4fftrial-dev-vendor-portal.${domain}",
      "protocol" : "https",
      "default-live-app-name" : "Vendor_portal",
      "default-live-domain" : "cfapps.us10-001.hana.ondemand.com",
      "disk-quota" : "256M",
      "domain" : "${default-domain}",
      "host" : "${default-host}",
      "generated-user" : "********"
    },
    "requiredDependencies" : [ {
      "majorSchemaVersion" : 3,
      "name" : "srv-api",
      "group" : "destinations",
      "properties" : {
        "name" : "srv-api",
        "forwardAuthToken" : "********",
        "url" : "~{srv-url}"
      },
      "parameters" : { },
      "propertiesMetadata" : {
        "metadata" : { }
      },
      "parametersMetadata" : {
        "metadata" : { }
      }
    }, {
      "majorSchemaVersion" : 3,
      "name" : "********",
      "properties" : { },
      "parameters" : { },
      "propertiesMetadata" : {
        "metadata" : { }
      },
      "parametersMetadata" : {
        "metadata" : { }
      }
    }, {
      "majorSchemaVersion" : 3,
      "name" : "Vendor_portal-destination",
      "properties" : { },
      "parameters" : { },
      "propertiesMetadata" : {
        "metadata" : { }
      },
      "parametersMetadata" : {
        "metadata" : { }
      }
    }, {
      "majorSchemaVersion" : 3,
      "name" : "Vendor_portal-html5-runtime",
      "properties" : { },
      "parameters" : { },
      "propertiesMetadata" : {
        "metadata" : { }
      },
      "parametersMetadata" : {
        "metadata" : { }
      }
    } ],
    "providedDependencies" : [ {
      "majorSchemaVersion" : 3,
      "name" : "app-api",
      "isPublic" : false,
      "properties" : {
        "app-protocol" : "${protocol}",
        "app-uri" : "${default-uri}"
      },
      "parameters" : { },
      "propertiesMetadata" : {
        "metadata" : { }
      },
      "parametersMetadata" : {
        "metadata" : { }
      }
    }, {
      "majorSchemaVersion" : 3,
      "name" : "Vendor_portal",
      "isPublic" : false,
      "properties" : { },
      "parameters" : { },
      "propertiesMetadata" : {
        "metadata" : { }
      },
      "parametersMetadata" : {
        "metadata" : { }
      }
    } ],
    "propertiesMetadata" : {
      "metadata" : { }
    },
    "parametersMetadata" : {
      "metadata" : { }
    },
    "hooks" : [ ]
  }, {
    "majorSchemaVersion" : 3,
    "name" : "Vendor_portal-destinations",
    "type" : "com.sap.application.content",
    "properties" : { },
    "parameters" : {
      "default-url" : "${protocol}://${default-uri}",
      "default-app-name" : "Vendor_portal-destinations",
      "generated-password" : "********",
      "default-live-url" : "${protocol}://${default-live-uri}",
      "default-uri" : "${host}.${domain}",
      "default-instances" : 1,
      "default-live-host" : "a17ff4fftrial-dev-vendor-portal-destinations",
      "instances" : "${default-instances}",
      "default-host" : "a17ff4fftrial-dev-vendor-portal-destinations",
      "content" : {
        "instance" : {
          "destinations" : [ {
            "Name" : "Vendor_portal-html5-repository",
            "ServiceInstanceName" : "Vendor_portal-html5-repo-host",
            "ServiceKeyName" : "********",
            "sap.cloud.service" : "Vendor_portal.service"
          }, {
            "Authentication" : "********",
            "Name" : "********",
            "ServiceInstanceName" : "********",
            "ServiceKeyName" : "********",
            "sap.cloud.service" : "Vendor_portal.service"
          } ],
          "existing_destinations_policy" : "update"
        }
      },
      "app-name" : "${default-app-name}",
      "default-live-uri" : "a17ff4fftrial-dev-vendor-portal-destinations.${domain}",
      "protocol" : "https",
      "default-live-app-name" : "Vendor_portal-destinations",
      "default-live-domain" : "cfapps.us10-001.hana.ondemand.com",
      "domain" : "${default-domain}",
      "host" : "${default-host}",
      "generated-user" : "********"
    },
    "requiredDependencies" : [ {
      "majorSchemaVersion" : 3,
      "name" : "********",
      "properties" : { },
      "parameters" : {
        "service-key" : "********"
      },
      "propertiesMetadata" : {
        "metadata" : { }
      },
      "parametersMetadata" : {
        "metadata" : { }
      }
    }, {
      "majorSchemaVersion" : 3,
      "name" : "Vendor_portal-html5-repo-host",
      "properties" : { },
      "parameters" : {
        "service-key" : "********"
      },
      "propertiesMetadata" : {
        "metadata" : { }
      },
      "parametersMetadata" : {
        "metadata" : { }
      }
    }, {
      "majorSchemaVersion" : 3,
      "name" : "srv-api",
      "properties" : { },
      "parameters" : { },
      "propertiesMetadata" : {
        "metadata" : { }
      },
      "parametersMetadata" : {
        "metadata" : { }
      }
    }, {
      "majorSchemaVersion" : 3,
      "name" : "Vendor_portal-destination",
      "properties" : { },
      "parameters" : {
        "content-target" : true
      },
      "propertiesMetadata" : {
        "metadata" : { }
      },
      "parametersMetadata" : {
        "metadata" : { }
      }
    } ],
    "providedDependencies" : [ {
      "majorSchemaVersion" : 3,
      "name" : "Vendor_portal-destinations",
      "isPublic" : false,
      "properties" : { },
      "parameters" : { },
      "propertiesMetadata" : {
        "metadata" : { }
      },
      "parametersMetadata" : {
        "metadata" : { }
      }
    } ],
    "propertiesMetadata" : {
      "metadata" : { }
    },
    "parametersMetadata" : {
      "metadata" : { }
    },
    "hooks" : [ ]
  } ],
  "resources" : [ {
    "majorSchemaVersion" : 3,
    "name" : "********",
    "type" : "org.cloudfoundry.managed-service",
    "properties" : { },
    "parameters" : {
      "generated-password" : "********",
      "path" : "./xs-security.json",
      "service-name" : "${default-service-name}",
      "service-plan" : "application",
      "service" : "xsuaa",
      "generated-user" : "********",
      "default-xsappname" : "********",
      "type" : "managed-service",
      "config" : {
        "oauth2-configuration" : "********",
        "tenant-mode" : "dedicated",
        "xsappname" : "Vendor_portal-${org}-${space}"
      },
      "default-service-name" : "********",
      "default-container-name" : "********"
    },
    "isActive" : true,
    "isOptional" : false,
    "propertiesMetadata" : {
      "metadata" : { }
    },
    "parametersMetadata" : {
      "metadata" : { }
    },
    "requiredDependencies" : [ {
      "majorSchemaVersion" : 3,
      "name" : "app-api",
      "properties" : { },
      "parameters" : { },
      "propertiesMetadata" : {
        "metadata" : { }
      },
      "parametersMetadata" : {
        "metadata" : { }
      }
    } ],
    "processedAfter" : [ ]
  }, {
    "majorSchemaVersion" : 3,
    "name" : "Vendor_portal-db",
    "type" : "com.sap.xs.hdi-container",
    "properties" : { },
    "parameters" : {
      "generated-password" : "********",
      "service-name" : "${default-service-name}",
      "service-plan" : "hdi-shared",
      "service" : "hana",
      "generated-user" : "********",
      "default-xsappname" : "Vendor_portal-db",
      "type" : "managed-service",
      "default-service-name" : "Vendor_portal-db",
      "default-container-name" : "A17FF4FFTRIAL_DEV_VENDOR_PORTAL_DB"
    },
    "isActive" : true,
    "isOptional" : false,
    "propertiesMetadata" : {
      "metadata" : { }
    },
    "parametersMetadata" : {
      "metadata" : { }
    },
    "requiredDependencies" : [ ],
    "processedAfter" : [ ]
  }, {
    "majorSchemaVersion" : 3,
    "name" : "Vendor_portal-destination",
    "type" : "org.cloudfoundry.managed-service",
    "properties" : { },
    "parameters" : {
      "generated-password" : "********",
      "service-name" : "${default-service-name}",
      "service-plan" : "lite",
      "service" : "destination",
      "generated-user" : "********",
      "default-xsappname" : "Vendor_portal-destination",
      "type" : "managed-service",
      "default-service-name" : "Vendor_portal-destination",
      "default-container-name" : "A17FF4FFTRIAL_DEV_VENDOR_PORTAL_DESTINATION"
    },
    "isActive" : true,
    "isOptional" : false,
    "propertiesMetadata" : {
      "metadata" : { }
    },
    "parametersMetadata" : {
      "metadata" : { }
    },
    "requiredDependencies" : [ {
      "majorSchemaVersion" : 3,
      "name" : "srv-api",
      "properties" : { },
      "parameters" : { },
      "propertiesMetadata" : {
        "metadata" : { }
      },
      "parametersMetadata" : {
        "metadata" : { }
      }
    } ],
    "processedAfter" : [ ]
  }, {
    "majorSchemaVersion" : 3,
    "name" : "Vendor_portal-html5-repo-host",
    "type" : "org.cloudfoundry.managed-service",
    "properties" : { },
    "parameters" : {
      "generated-password" : "********",
      "service-name" : "${default-service-name}",
      "service-plan" : "app-host",
      "service" : "html5-apps-repo",
      "generated-user" : "********",
      "default-xsappname" : "Vendor_portal-html5-repo-host",
      "type" : "managed-service",
      "default-service-name" : "Vendor_portal-html5-repo-host",
      "default-container-name" : "A17FF4FFTRIAL_DEV_VENDOR_PORTAL_HTML5_REPO_HOST"
    },
    "isActive" : true,
    "isOptional" : false,
    "propertiesMetadata" : {
      "metadata" : { }
    },
    "parametersMetadata" : {
      "metadata" : { }
    },
    "requiredDependencies" : [ ],
    "processedAfter" : [ ]
  }, {
    "majorSchemaVersion" : 3,
    "name" : "Vendor_portal-html5-runtime",
    "type" : "org.cloudfoundry.managed-service",
    "properties" : { },
    "parameters" : {
      "generated-password" : "********",
      "service-name" : "${default-service-name}",
      "service-plan" : "app-runtime",
      "service" : "html5-apps-repo",
      "generated-user" : "********",
      "default-xsappname" : "Vendor_portal-html5-runtime",
      "type" : "managed-service",
      "default-service-name" : "Vendor_portal-html5-runtime",
      "default-container-name" : "A17FF4FFTRIAL_DEV_VENDOR_PORTAL_HTML5_RUNTIME"
    },
    "isActive" : true,
    "isOptional" : false,
    "propertiesMetadata" : {
      "metadata" : { }
    },
    "parametersMetadata" : {
      "metadata" : { }
    },
    "requiredDependencies" : [ ],
    "processedAfter" : [ ]
  } ],
  "parameters" : {
    "deploy_mode" : "html5-repo",
    "mta-id" : "Vendor_portal",
    "authorization-url" : "********",
    "org-guid" : "87b32d9e-9c3e-4c0f-a9e8-c141fcaf6941",
    "org" : "a17ff4fftrial",
    "deploy-target" : "a17ff4fftrial dev",
    "enable-parallel-deployments" : true,
    "space" : "dev",
    "xs-api-url" : "https://api.cf.us10-001.hana.ondemand.com",
    "deploy-url" : "deploy-service.cfapps.us10-001.hana.ondemand.com",
    "xs-type" : "CF",
    "default-domain" : "cfapps.us10-001.hana.ondemand.com",
    "mta-version" : "1.0.0",
    "xs-auth-url" : "********",
    "space-guid" : "25c4b79f-ec1f-4f41-8212-286dd3a0616c",
    "user" : "********",
    "controller-url" : "https://api.cf.us10-001.hana.ondemand.com",
    "timestamp" : "20260530101856"
  },
  "parametersMetadata" : {
    "metadata" : { }
  }
}#
#2026 05 30 10:18:57.952#Z#DEBUG#f7aba7f1-5c10-11f1-a636-eeee0a864133.OPERATION#flowable-async-job-executor-thread-28199#
[XS2CollectSystemParametersStep] Version rule: SAME_HIGHER#
#2026 05 30 10:18:57.952#Z#INFO#f7aba7f1-5c10-11f1-a636-eeee0a864133.OPERATION#flowable-async-job-executor-thread-28199#
[XS2CollectSystemParametersStep] Detected new MTA version: "1.0.0"#
#2026 05 30 10:18:57.956#Z#INFO#f7aba7f1-5c10-11f1-a636-eeee0a864133.OPERATION#flowable-async-job-executor-thread-28199#
[XS2CollectSystemParametersStep] Deployed MTA version: "1.0.0"#
#2026 05 30 10:18:57.960#Z#DEBUG#f7aba7f1-5c10-11f1-a636-eeee0a864133.OPERATION#flowable-async-job-executor-thread-28199#
[XS2CollectSystemParametersStep] MTA accepted for deployment#
#2026 05 30 10:18:57.960#Z#DEBUG#f7aba7f1-5c10-11f1-a636-eeee0a864133.OPERATION#flowable-async-job-executor-thread-28199#
[XS2CollectSystemParametersStep] System parameters collected#
#2026 05 30 10:18:57.961#Z#DEBUG#f7aba7f1-5c10-11f1-a636-eeee0a864133.OPERATION#flowable-async-job-executor-thread-28199#
Step "Collect System Parameters" finished#
#2026 05 30 10:18:57.985#Z#DEBUG#f7aba7f1-5c10-11f1-a636-eeee0a864133.OPERATION#flowable-async-job-executor-thread-28199#
[ProcessDescriptorStep] Executing task "processDescriptorTask" of process "f7aba817-5c10-11f1-a636-eeee0a864133"...#
#2026 05 30 10:18:57.986#Z#DEBUG#f7aba7f1-5c10-11f1-a636-eeee0a864133.OPERATION#flowable-async-job-executor-thread-28199#
[ProcessDescriptorStep] Resolving properties and parameters in merged descriptor...#
#2026 05 30 10:18:57.989#Z#DEBUG#f7aba7f1-5c10-11f1-a636-eeee0a864133.OPERATION#flowable-async-job-executor-thread-28199#
[ProcessDescriptorStep] Subscriptions: [ ]#
#2026 05 30 10:18:57.989#Z#DEBUG#f7aba7f1-5c10-11f1-a636-eeee0a864133.OPERATION#flowable-async-job-executor-thread-28199#
[ProcessDescriptorStep] MTA modules: [Vendor_portal, Vendor_portal-destinations, Vendor_portal-app-deployer, Vendor_portal-srv, Vendor_portal-db-deployer]#
#2026 05 30 10:18:57.991#Z#DEBUG#f7aba7f1-5c10-11f1-a636-eeee0a864133.OPERATION#flowable-async-job-executor-thread-28199#
[ProcessDescriptorStep] Resolved deployment descriptor: {
  "majorSchemaVersion" : 3,
  "schemaVersion" : "3.3.0",
  "id" : "Vendor_portal",
  "version" : "1.0.0",
  "modules" : [ {
    "majorSchemaVersion" : 3,
    "name" : "Vendor_portal-srv",
    "type" : "javascript.nodejs",
    "path" : "Vendor_portal-srv",
    "properties" : { },
    "parameters" : {
      "default-url" : "https://a17ff4fftrial-dev-vendor-portal-srv.cfapps.us10-001.hana.ondemand.com",
      "default-app-name" : "Vendor_portal-srv",
      "generated-password" : "********",
      "default-live-url" : "https://a17ff4fftrial-dev-vendor-portal-srv.cfapps.us10-001.hana.ondemand.com",
      "default-uri" : "a17ff4fftrial-dev-vendor-portal-srv.cfapps.us10-001.hana.ondemand.com",
      "default-instances" : 1,
      "default-live-host" : "a17ff4fftrial-dev-vendor-portal-srv",
      "instances" : 1,
      "buildpack" : "nodejs_buildpack",
      "default-host" : "a17ff4fftrial-dev-vendor-portal-srv",
      "app-name" : "Vendor_portal-srv",
      "default-live-uri" : "a17ff4fftrial-dev-vendor-portal-srv.cfapps.us10-001.hana.ondemand.com",
      "protocol" : "https",
      "default-live-app-name" : "Vendor_portal-srv",
      "default-live-domain" : "cfapps.us10-001.hana.ondemand.com",
      "domain" : "cfapps.us10-001.hana.ondemand.com",
      "host" : "a17ff4fftrial-dev-vendor-portal-srv",
      "generated-user" : "********"
    },
    "requiredDependencies" : [ {
      "majorSchemaVersion" : 3,
      "name" : "********",
      "properties" : { },
      "parameters" : { },
      "propertiesMetadata" : {
        "metadata" : { }
      },
      "parametersMetadata" : {
        "metadata" : { }
      }
    }, {
      "majorSchemaVersion" : 3,
      "name" : "Vendor_portal-db",
      "properties" : { },
      "parameters" : { },
      "propertiesMetadata" : {
        "metadata" : { }
      },
      "parametersMetadata" : {
        "metadata" : { }
      }
    }, {
      "majorSchemaVersion" : 3,
      "name" : "Vendor_portal-destination",
      "properties" : { },
      "parameters" : { },
      "propertiesMetadata" : {
        "metadata" : { }
      },
      "parametersMetadata" : {
        "metadata" : { }
      }
    } ],
    "providedDependencies" : [ {
      "majorSchemaVersion" : 3,
      "name" : "srv-api",
      "isPublic" : false,
      "properties" : {
        "srv-url" : "https://a17ff4fftrial-dev-vendor-portal-srv.cfapps.us10-001.hana.ondemand.com"
      },
      "parameters" : { },
      "propertiesMetadata" : {
        "metadata" : { }
      },
      "parametersMetadata" : {
        "metadata" : { }
      }
    }, {
      "majorSchemaVersion" : 3,
      "name" : "Vendor_portal-srv",
      "isPublic" : false,
      "properties" : { },
      "parameters" : { },
      "propertiesMetadata" : {
        "metadata" : { }
      },
      "parametersMetadata" : {
        "metadata" : { }
      }
    } ],
    "propertiesMetadata" : {
      "metadata" : { }
    },
    "parametersMetadata" : {
      "metadata" : { }
    },
    "hooks" : [ ]
  }, {
    "majorSchemaVersion" : 3,
    "name" : "Vendor_portal-db-deployer",
    "type" : "com.sap.xs.hdi",
    "path" : "Vendor_portal-db-deployer",
    "properties" : {
      "EXIT" : 1
    },
    "parameters" : {
      "default-url" : "https://a17ff4fftrial-dev-vendor-portal-db-deployer.cfapps.us10-001.hana.ondemand.com",
      "default-app-name" : "Vendor_portal-db-deployer",
      "generated-password" : "********",
      "default-live-url" : "https://a17ff4fftrial-dev-vendor-portal-db-deployer.cfapps.us10-001.hana.ondemand.com",
      "default-uri" : "a17ff4fftrial-dev-vendor-portal-db-deployer.cfapps.us10-001.hana.ondemand.com",
      "memory" : "256M",
      "default-instances" : 1,
      "no-route" : true,
      "default-live-host" : "a17ff4fftrial-dev-vendor-portal-db-deployer",
      "instances" : 1,
      "buildpack" : "nodejs_buildpack",
      "default-host" : "a17ff4fftrial-dev-vendor-portal-db-deployer",
      "app-name" : "Vendor_portal-db-deployer",
      "default-live-uri" : "a17ff4fftrial-dev-vendor-portal-db-deployer.cfapps.us10-001.hana.ondemand.com",
      "protocol" : "https",
      "default-live-app-name" : "Vendor_portal-db-deployer",
      "default-live-domain" : "cfapps.us10-001.hana.ondemand.com",
      "dependency-type" : "hard",
      "domain" : "cfapps.us10-001.hana.ondemand.com",
      "host" : "a17ff4fftrial-dev-vendor-portal-db-deployer",
      "generated-user" : "********",
      "tasks" : [ {
        "command" : "npm start",
        "memory" : "256M",
        "name" : "deploy"
      } ],
      "no-start" : true
    },
    "requiredDependencies" : [ {
      "majorSchemaVersion" : 3,
      "name" : "Vendor_portal-db",
      "properties" : { },
      "parameters" : { },
      "propertiesMetadata" : {
        "metadata" : { }
      },
      "parametersMetadata" : {
        "metadata" : { }
      }
    } ],
    "providedDependencies" : [ {
      "majorSchemaVersion" : 3,
      "name" : "Vendor_portal-db-deployer",
      "isPublic" : false,
      "properties" : { },
      "parameters" : { },
      "propertiesMetadata" : {
        "metadata" : { }
      },
      "parametersMetadata" : {
        "metadata" : { }
      }
    } ],
    "propertiesMetadata" : {
      "metadata" : { }
    },
    "parametersMetadata" : {
      "metadata" : { }
    },
    "hooks" : [ ]
  }, {
    "majorSchemaVersion" : 3,
    "name" : "Vendor_portal-app-deployer",
    "type" : "com.sap.application.content",
    "path" : "Vendor_portal-app-deployer",
    "properties" : { },
    "parameters" : {
      "default-url" : "https://a17ff4fftrial-dev-vendor-portal-app-deployer.cfapps.us10-001.hana.ondemand.com",
      "default-app-name" : "Vendor_portal-app-deployer",
      "generated-password" : "********",
      "default-live-url" : "https://a17ff4fftrial-dev-vendor-portal-app-deployer.cfapps.us10-001.hana.ondemand.com",
      "default-uri" : "a17ff4fftrial-dev-vendor-portal-app-deployer.cfapps.us10-001.hana.ondemand.com",
      "default-instances" : 1,
      "default-live-host" : "a17ff4fftrial-dev-vendor-portal-app-deployer",
      "instances" : 1,
      "default-host" : "a17ff4fftrial-dev-vendor-portal-app-deployer",
      "app-name" : "Vendor_portal-app-deployer",
      "default-live-uri" : "a17ff4fftrial-dev-vendor-portal-app-deployer.cfapps.us10-001.hana.ondemand.com",
      "protocol" : "https",
      "default-live-app-name" : "Vendor_portal-app-deployer",
      "default-live-domain" : "cfapps.us10-001.hana.ondemand.com",
      "domain" : "cfapps.us10-001.hana.ondemand.com",
      "host" : "a17ff4fftrial-dev-vendor-portal-app-deployer",
      "generated-user" : "********",
      "config" : {
        "destinations" : [ {
          "Authentication" : "********",
          "HTML5.DynamicDestination" : true,
          "HTML5.ForwardAuthToken" : "********",
          "Name" : "srv-api",
          "ProxyType" : "Internet",
          "Type" : "HTTP",
          "URL" : "https://a17ff4fftrial-dev-vendor-portal-srv.cfapps.us10-001.hana.ondemand.com"
        } ]
      }
    },
    "requiredDependencies" : [ {
      "majorSchemaVersion" : 3,
      "name" : "********",
      "properties" : { },
      "parameters" : { },
      "propertiesMetadata" : {
        "metadata" : { }
      },
      "parametersMetadata" : {
        "metadata" : { }
      }
    }, {
      "majorSchemaVersion" : 3,
      "name" : "srv-api",
      "properties" : { },
      "parameters" : { },
      "propertiesMetadata" : {
        "metadata" : { }
      },
      "parametersMetadata" : {
        "metadata" : { }
      }
    }, {
      "majorSchemaVersion" : 3,
      "name" : "Vendor_portal-html5-repo-host",
      "properties" : { },
      "parameters" : {
        "config" : {
          "HTML5Runtime_enabled" : true
        },
        "content-target" : true
      },
      "propertiesMetadata" : {
        "metadata" : { }
      },
      "parametersMetadata" : {
        "metadata" : { }
      }
    } ],
    "providedDependencies" : [ {
      "majorSchemaVersion" : 3,
      "name" : "Vendor_portal-app-deployer",
      "isPublic" : false,
      "properties" : { },
      "parameters" : { },
      "propertiesMetadata" : {
        "metadata" : { }
      },
      "parametersMetadata" : {
        "metadata" : { }
      }
    } ],
    "propertiesMetadata" : {
      "metadata" : { }
    },
    "parametersMetadata" : {
      "metadata" : { }
    },
    "hooks" : [ ]
  }, {
    "majorSchemaVersion" : 3,
    "name" : "Vendor_portal",
    "type" : "javascript.nodejs",
    "path" : "Vendor_portal",
    "properties" : { },
    "parameters" : {
      "default-url" : "https://a17ff4fftrial-dev-vendor-portal.cfapps.us10-001.hana.ondemand.com",
      "default-app-name" : "Vendor_portal",
      "generated-password" : "********",
      "default-live-url" : "https://a17ff4fftrial-dev-vendor-portal.cfapps.us10-001.hana.ondemand.com",
      "default-uri" : "a17ff4fftrial-dev-vendor-portal.cfapps.us10-001.hana.ondemand.com",
      "memory" : "256M",
      "default-instances" : 1,
      "default-live-host" : "a17ff4fftrial-dev-vendor-portal",
      "instances" : 1,
      "default-host" : "a17ff4fftrial-dev-vendor-portal",
      "keep-existing-routes" : true,
      "app-name" : "Vendor_portal",
      "default-live-uri" : "a17ff4fftrial-dev-vendor-portal.cfapps.us10-001.hana.ondemand.com",
      "protocol" : "https",
      "default-live-app-name" : "Vendor_portal",
      "default-live-domain" : "cfapps.us10-001.hana.ondemand.com",
      "disk-quota" : "256M",
      "domain" : "cfapps.us10-001.hana.ondemand.com",
      "host" : "a17ff4fftrial-dev-vendor-portal",
      "generated-user" : "********"
    },
    "requiredDependencies" : [ {
      "majorSchemaVersion" : 3,
      "name" : "srv-api",
      "group" : "destinations",
      "properties" : {
        "name" : "srv-api",
        "forwardAuthToken" : "********",
        "url" : "https://a17ff4fftrial-dev-vendor-portal-srv.cfapps.us10-001.hana.ondemand.com"
      },
      "parameters" : { },
      "propertiesMetadata" : {
        "metadata" : { }
      },
      "parametersMetadata" : {
        "metadata" : { }
      }
    }, {
      "majorSchemaVersion" : 3,
      "name" : "********",
      "properties" : { },
      "parameters" : { },
      "propertiesMetadata" : {
        "metadata" : { }
      },
      "parametersMetadata" : {
        "metadata" : { }
      }
    }, {
      "majorSchemaVersion" : 3,
      "name" : "Vendor_portal-destination",
      "properties" : { },
      "parameters" : { },
      "propertiesMetadata" : {
        "metadata" : { }
      },
      "parametersMetadata" : {
        "metadata" : { }
      }
    }, {
      "majorSchemaVersion" : 3,
      "name" : "Vendor_portal-html5-runtime",
      "properties" : { },
      "parameters" : { },
      "propertiesMetadata" : {
        "metadata" : { }
      },
      "parametersMetadata" : {
        "metadata" : { }
      }
    } ],
    "providedDependencies" : [ {
      "majorSchemaVersion" : 3,
      "name" : "app-api",
      "isPublic" : false,
      "properties" : {
        "app-protocol" : "https",
        "app-uri" : "a17ff4fftrial-dev-vendor-portal.cfapps.us10-001.hana.ondemand.com"
      },
      "parameters" : { },
      "propertiesMetadata" : {
        "metadata" : { }
      },
      "parametersMetadata" : {
        "metadata" : { }
      }
    }, {
      "majorSchemaVersion" : 3,
      "name" : "Vendor_portal",
      "isPublic" : false,
      "properties" : { },
      "parameters" : { },
      "propertiesMetadata" : {
        "metadata" : { }
      },
      "parametersMetadata" : {
        "metadata" : { }
      }
    } ],
    "propertiesMetadata" : {
      "metadata" : { }
    },
    "parametersMetadata" : {
      "metadata" : { }
    },
    "hooks" : [ ]
  }, {
    "majorSchemaVersion" : 3,
    "name" : "Vendor_portal-destinations",
    "type" : "com.sap.application.content",
    "properties" : { },
    "parameters" : {
      "default-url" : "https://a17ff4fftrial-dev-vendor-portal-destinations.cfapps.us10-001.hana.ondemand.com",
      "default-app-name" : "Vendor_portal-destinations",
      "generated-password" : "********",
      "default-live-url" : "https://a17ff4fftrial-dev-vendor-portal-destinations.cfapps.us10-001.hana.ondemand.com",
      "default-uri" : "a17ff4fftrial-dev-vendor-portal-destinations.cfapps.us10-001.hana.ondemand.com",
      "default-instances" : 1,
      "default-live-host" : "a17ff4fftrial-dev-vendor-portal-destinations",
      "instances" : 1,
      "default-host" : "a17ff4fftrial-dev-vendor-portal-destinations",
      "content" : {
        "instance" : {
          "destinations" : [ {
            "Name" : "Vendor_portal-html5-repository",
            "ServiceInstanceName" : "Vendor_portal-html5-repo-host",
            "ServiceKeyName" : "********",
            "sap.cloud.service" : "Vendor_portal.service"
          }, {
            "Authentication" : "********",
            "Name" : "********",
            "ServiceInstanceName" : "********",
            "ServiceKeyName" : "********",
            "sap.cloud.service" : "Vendor_portal.service"
          } ],
          "existing_destinations_policy" : "update"
        }
      },
      "app-name" : "Vendor_portal-destinations",
      "default-live-uri" : "a17ff4fftrial-dev-vendor-portal-destinations.cfapps.us10-001.hana.ondemand.com",
      "protocol" : "https",
      "default-live-app-name" : "Vendor_portal-destinations",
      "default-live-domain" : "cfapps.us10-001.hana.ondemand.com",
      "domain" : "cfapps.us10-001.hana.ondemand.com",
      "host" : "a17ff4fftrial-dev-vendor-portal-destinations",
      "generated-user" : "********"
    },
    "requiredDependencies" : [ {
      "majorSchemaVersion" : 3,
      "name" : "********",
      "properties" : { },
      "parameters" : {
        "service-key" : "********"
      },
      "propertiesMetadata" : {
        "metadata" : { }
      },
      "parametersMetadata" : {
        "metadata" : { }
      }
    }, {
      "majorSchemaVersion" : 3,
      "name" : "Vendor_portal-html5-repo-host",
      "properties" : { },
      "parameters" : {
        "service-key" : "********"
      },
      "propertiesMetadata" : {
        "metadata" : { }
      },
      "parametersMetadata" : {
        "metadata" : { }
      }
    }, {
      "majorSchemaVersion" : 3,
      "name" : "srv-api",
      "properties" : { },
      "parameters" : { },
      "propertiesMetadata" : {
        "metadata" : { }
      },
      "parametersMetadata" : {
        "metadata" : { }
      }
    }, {
      "majorSchemaVersion" : 3,
      "name" : "Vendor_portal-destination",
      "properties" : { },
      "parameters" : {
        "content-target" : true
      },
      "propertiesMetadata" : {
        "metadata" : { }
      },
      "parametersMetadata" : {
        "metadata" : { }
      }
    } ],
    "providedDependencies" : [ {
      "majorSchemaVersion" : 3,
      "name" : "Vendor_portal-destinations",
      "isPublic" : false,
      "properties" : { },
      "parameters" : { },
      "propertiesMetadata" : {
        "metadata" : { }
      },
      "parametersMetadata" : {
        "metadata" : { }
      }
    } ],
    "propertiesMetadata" : {
      "metadata" : { }
    },
    "parametersMetadata" : {
      "metadata" : { }
    },
    "hooks" : [ ]
  } ],
  "resources" : [ {
    "majorSchemaVersion" : 3,
    "name" : "********",
    "type" : "org.cloudfoundry.managed-service",
    "properties" : { },
    "parameters" : {
      "generated-password" : "********",
      "path" : "./xs-security.json",
      "service-name" : "********",
      "service-plan" : "application",
      "service" : "xsuaa",
      "generated-user" : "********",
      "default-xsappname" : "********",
      "type" : "managed-service",
      "config" : {
        "oauth2-configuration" : "********",
        "tenant-mode" : "dedicated",
        "xsappname" : "Vendor_portal-a17ff4fftrial-dev"
      },
      "default-service-name" : "********",
      "default-container-name" : "********"
    },
    "isActive" : true,
    "isOptional" : false,
    "propertiesMetadata" : {
      "metadata" : { }
    },
    "parametersMetadata" : {
      "metadata" : { }
    },
    "requiredDependencies" : [ {
      "majorSchemaVersion" : 3,
      "name" : "app-api",
      "properties" : { },
      "parameters" : { },
      "propertiesMetadata" : {
        "metadata" : { }
      },
      "parametersMetadata" : {
        "metadata" : { }
      }
    } ],
    "processedAfter" : [ ]
  }, {
    "majorSchemaVersion" : 3,
    "name" : "Vendor_portal-db",
    "type" : "com.sap.xs.hdi-container",
    "properties" : { },
    "parameters" : {
      "generated-password" : "********",
      "service-name" : "Vendor_portal-db",
      "service-plan" : "hdi-shared",
      "service" : "hana",
      "generated-user" : "********",
      "default-xsappname" : "Vendor_portal-db",
      "type" : "managed-service",
      "default-service-name" : "Vendor_portal-db",
      "default-container-name" : "A17FF4FFTRIAL_DEV_VENDOR_PORTAL_DB"
    },
    "isActive" : true,
    "isOptional" : false,
    "propertiesMetadata" : {
      "metadata" : { }
    },
    "parametersMetadata" : {
      "metadata" : { }
    },
    "requiredDependencies" : [ ],
    "processedAfter" : [ ]
  }, {
    "majorSchemaVersion" : 3,
    "name" : "Vendor_portal-destination",
    "type" : "org.cloudfoundry.managed-service",
    "properties" : { },
    "parameters" : {
      "generated-password" : "********",
      "service-name" : "Vendor_portal-destination",
      "service-plan" : "lite",
      "service" : "destination",
      "generated-user" : "********",
      "default-xsappname" : "Vendor_portal-destination",
      "type" : "managed-service",
      "default-service-name" : "Vendor_portal-destination",
      "default-container-name" : "A17FF4FFTRIAL_DEV_VENDOR_PORTAL_DESTINATION"
    },
    "isActive" : true,
    "isOptional" : false,
    "propertiesMetadata" : {
      "metadata" : { }
    },
    "parametersMetadata" : {
      "metadata" : { }
    },
    "requiredDependencies" : [ {
      "majorSchemaVersion" : 3,
      "name" : "srv-api",
      "properties" : { },
      "parameters" : { },
      "propertiesMetadata" : {
        "metadata" : { }
      },
      "parametersMetadata" : {
        "metadata" : { }
      }
    } ],
    "processedAfter" : [ ]
  }, {
    "majorSchemaVersion" : 3,
    "name" : "Vendor_portal-html5-repo-host",
    "type" : "org.cloudfoundry.managed-service",
    "properties" : { },
    "parameters" : {
      "generated-password" : "********",
      "service-name" : "Vendor_portal-html5-repo-host",
      "service-plan" : "app-host",
      "service" : "html5-apps-repo",
      "generated-user" : "********",
      "default-xsappname" : "Vendor_portal-html5-repo-host",
      "type" : "managed-service",
      "default-service-name" : "Vendor_portal-html5-repo-host",
      "default-container-name" : "A17FF4FFTRIAL_DEV_VENDOR_PORTAL_HTML5_REPO_HOST"
    },
    "isActive" : true,
    "isOptional" : false,
    "propertiesMetadata" : {
      "metadata" : { }
    },
    "parametersMetadata" : {
      "metadata" : { }
    },
    "requiredDependencies" : [ ],
    "processedAfter" : [ ]
  }, {
    "majorSchemaVersion" : 3,
    "name" : "Vendor_portal-html5-runtime",
    "type" : "org.cloudfoundry.managed-service",
    "properties" : { },
    "parameters" : {
      "generated-password" : "********",
      "service-name" : "Vendor_portal-html5-runtime",
      "service-plan" : "app-runtime",
      "service" : "html5-apps-repo",
      "generated-user" : "********",
      "default-xsappname" : "Vendor_portal-html5-runtime",
      "type" : "managed-service",
      "default-service-name" : "Vendor_portal-html5-runtime",
      "default-container-name" : "A17FF4FFTRIAL_DEV_VENDOR_PORTAL_HTML5_RUNTIME"
    },
    "isActive" : true,
    "isOptional" : false,
    "propertiesMetadata" : {
      "metadata" : { }
    },
    "parametersMetadata" : {
      "metadata" : { }
    },
    "requiredDependencies" : [ ],
    "processedAfter" : [ ]
  } ],
  "parameters" : {
    "deploy_mode" : "html5-repo",
    "mta-id" : "Vendor_portal",
    "authorization-url" : "********",
    "org-guid" : "87b32d9e-9c3e-4c0f-a9e8-c141fcaf6941",
    "org" : "a17ff4fftrial",
    "deploy-target" : "a17ff4fftrial dev",
    "enable-parallel-deployments" : true,
    "region-primary-domain" : "us10.hana.ondemand.com",
    "space" : "dev",
    "region-domain" : "us10-001.hana.ondemand.com",
    "xs-api-url" : "https://api.cf.us10-001.hana.ondemand.com",
    "deploy-url" : "deploy-service.cfapps.us10-001.hana.ondemand.com",
    "xs-type" : "CF",
    "default-domain" : "cfapps.us10-001.hana.ondemand.com",
    "mta-version" : "1.0.0",
    "xs-auth-url" : "********",
    "space-guid" : "25c4b79f-ec1f-4f41-8212-286dd3a0616c",
    "user" : "********",
    "controller-url" : "https://api.cf.us10-001.hana.ondemand.com",
    "timestamp" : "20260530101856"
  },
  "parametersMetadata" : {
    "metadata" : { }
  }
}#
#2026 05 30 10:18:57.991#Z#DEBUG#f7aba7f1-5c10-11f1-a636-eeee0a864133.OPERATION#flowable-async-job-executor-thread-28199#
[ProcessDescriptorStep] Merged descriptor properties and parameters resolved#
#2026 05 30 10:18:57.991#Z#DEBUG#f7aba7f1-5c10-11f1-a636-eeee0a864133.OPERATION#flowable-async-job-executor-thread-28199#
Step "Process Descriptor Step" finished#
#2026 05 30 10:18:58.017#Z#DEBUG#f7aba7f1-5c10-11f1-a636-eeee0a864133.OPERATION#flowable-async-job-executor-thread-28202#
[XS2BuildCloudDeployModelStep] Executing task "buildDeployModelTask" of process "f7aba817-5c10-11f1-a636-eeee0a864133"...#
#2026 05 30 10:18:58.019#Z#DEBUG#f7aba7f1-5c10-11f1-a636-eeee0a864133.OPERATION#flowable-async-job-executor-thread-28202#
[XS2BuildCloudDeployModelStep] Service keys defined for content deployment grouped by service name: {
  "Vendor_portal-auth" : "********",
  "Vendor_portal-html5-repo-host" : [ {
    "name" : "********",
    "v3Metadata" : {
      "annotations" : {
        "mta_id" : "Vendor_portal",
        "mta_version" : "1.0.0"
      },
      "labels" : {
        "mta_id" : "54228c1fbfd316678aa58a19b8f339c3",
        "space_guid" : "25c4b79f-ec1f-4f41-8212-286dd3a0616c"
      }
    },
    "credentials" : "********",
    "moduleName" : "Vendor_portal-app-deployer",
    "resourceName" : "Vendor_portal-html5-repo-host",
    "serviceInstance" : {
      "isOptional" : false,
      "isManaged" : false,
      "name" : "Vendor_portal-html5-repo-host",
      "credentials" : "********",
      "tags" : [ ],
      "shouldSkipParametersUpdate" : false,
      "shouldSkipPlanUpdate" : false,
      "shouldSkipTagsUpdate" : false,
      "shouldSkipSyslogUrlUpdate" : false
    },
    "shouldDeleteServiceKeyAfterDeploy" : "********",
    "resourceType" : "org.cloudfoundry.managed-service"
  }, {
    "name" : "********",
    "v3Metadata" : {
      "annotations" : {
        "mta_id" : "Vendor_portal",
        "mta_version" : "1.0.0"
      },
      "labels" : {
        "mta_id" : "54228c1fbfd316678aa58a19b8f339c3",
        "space_guid" : "25c4b79f-ec1f-4f41-8212-286dd3a0616c"
      }
    },
    "credentials" : "********",
    "moduleName" : "Vendor_portal-destinations",
    "resourceName" : "Vendor_portal-html5-repo-host",
    "serviceInstance" : {
      "isOptional" : false,
      "isManaged" : false,
      "name" : "Vendor_portal-html5-repo-host",
      "credentials" : "********",
      "tags" : [ ],
      "shouldSkipParametersUpdate" : false,
      "shouldSkipPlanUpdate" : false,
      "shouldSkipTagsUpdate" : false,
      "shouldSkipSyslogUrlUpdate" : false
    },
    "shouldDeleteServiceKeyAfterDeploy" : "********",
    "resourceType" : "org.cloudfoundry.managed-service"
  } ],
  "Vendor_portal-destination" : [ {
    "name" : "********",
    "v3Metadata" : {
      "annotations" : {
        "mta_id" : "Vendor_portal",
        "mta_version" : "1.0.0"
      },
      "labels" : {
        "mta_id" : "54228c1fbfd316678aa58a19b8f339c3",
        "space_guid" : "25c4b79f-ec1f-4f41-8212-286dd3a0616c"
      }
    },
    "credentials" : "********",
    "moduleName" : "Vendor_portal-destinations",
    "resourceName" : "Vendor_portal-destination",
    "serviceInstance" : {
      "isOptional" : false,
      "isManaged" : false,
      "name" : "Vendor_portal-destination",
      "credentials" : "********",
      "tags" : [ ],
      "shouldSkipParametersUpdate" : false,
      "shouldSkipPlanUpdate" : false,
      "shouldSkipTagsUpdate" : false,
      "shouldSkipSyslogUrlUpdate" : false
    },
    "shouldDeleteServiceKeyAfterDeploy" : "********",
    "resourceType" : "org.cloudfoundry.managed-service"
  } ]
}#
#2026 05 30 10:18:58.019#Z#DEBUG#f7aba7f1-5c10-11f1-a636-eeee0a864133.OPERATION#flowable-async-job-executor-thread-28202#
[XS2BuildCloudDeployModelStep] Building cloud deployment model...#
#2026 05 30 10:18:58.021#Z#DEBUG#f7aba7f1-5c10-11f1-a636-eeee0a864133.OPERATION#flowable-async-job-executor-thread-28202#
[XS2BuildCloudDeployModelStep] MTA archive modules: [Vendor_portal, Vendor_portal-app-deployer, Vendor_portal-srv, Vendor_portal-db-deployer]#
#2026 05 30 10:18:58.021#Z#DEBUG#f7aba7f1-5c10-11f1-a636-eeee0a864133.OPERATION#flowable-async-job-executor-thread-28202#
[XS2BuildCloudDeployModelStep] Deployed modules: [Vendor_portal-db-deployer, Vendor_portal-srv]#
#2026 05 30 10:18:58.021#Z#DEBUG#f7aba7f1-5c10-11f1-a636-eeee0a864133.OPERATION#flowable-async-job-executor-thread-28202#
[XS2BuildCloudDeployModelStep] MTA modules: [Vendor_portal, Vendor_portal-destinations, Vendor_portal-app-deployer, Vendor_portal-srv, Vendor_portal-db-deployer]#
#2026 05 30 10:18:58.021#Z#DEBUG#f7aba7f1-5c10-11f1-a636-eeee0a864133.OPERATION#flowable-async-job-executor-thread-28202#
[XS2BuildCloudDeployModelStep] Service keys to create: {
  "Vendor_portal-auth" : "********",
  "Vendor_portal-html5-runtime" : [ ],
  "Vendor_portal-html5-repo-host" : [ ],
  "Vendor_portal-db" : [ ],
  "Vendor_portal-destination" : [ ]
}#
#2026 05 30 10:18:58.022#Z#DEBUG#f7aba7f1-5c10-11f1-a636-eeee0a864133.OPERATION#flowable-async-job-executor-thread-28202#
[XS2BuildCloudDeployModelStep] Modules to deploy: [{
  "majorSchemaVersion" : 3,
  "name" : "Vendor_portal-srv",
  "type" : "javascript.nodejs",
  "path" : "Vendor_portal-srv",
  "properties" : { },
  "parameters" : {
    "default-url" : "https://a17ff4fftrial-dev-vendor-portal-srv.cfapps.us10-001.hana.ondemand.com",
    "default-app-name" : "Vendor_portal-srv",
    "generated-password" : "********",
    "default-live-url" : "https://a17ff4fftrial-dev-vendor-portal-srv.cfapps.us10-001.hana.ondemand.com",
    "default-uri" : "a17ff4fftrial-dev-vendor-portal-srv.cfapps.us10-001.hana.ondemand.com",
    "default-instances" : 1,
    "default-live-host" : "a17ff4fftrial-dev-vendor-portal-srv",
    "instances" : 1,
    "buildpack" : "nodejs_buildpack",
    "default-host" : "a17ff4fftrial-dev-vendor-portal-srv",
    "app-name" : "Vendor_portal-srv",
    "default-live-uri" : "a17ff4fftrial-dev-vendor-portal-srv.cfapps.us10-001.hana.ondemand.com",
    "protocol" : "https",
    "default-live-app-name" : "Vendor_portal-srv",
    "default-live-domain" : "cfapps.us10-001.hana.ondemand.com",
    "dependency-type" : "soft",
    "domain" : "cfapps.us10-001.hana.ondemand.com",
    "host" : "a17ff4fftrial-dev-vendor-portal-srv",
    "generated-user" : "********"
  },
  "requiredDependencies" : [ {
    "majorSchemaVersion" : 3,
    "name" : "********",
    "properties" : { },
    "parameters" : { },
    "propertiesMetadata" : {
      "metadata" : { }
    },
    "parametersMetadata" : {
      "metadata" : { }
    }
  }, {
    "majorSchemaVersion" : 3,
    "name" : "Vendor_portal-db",
    "properties" : { },
    "parameters" : { },
    "propertiesMetadata" : {
      "metadata" : { }
    },
    "parametersMetadata" : {
      "metadata" : { }
    }
  }, {
    "majorSchemaVersion" : 3,
    "name" : "Vendor_portal-destination",
    "properties" : { },
    "parameters" : { },
    "propertiesMetadata" : {
      "metadata" : { }
    },
    "parametersMetadata" : {
      "metadata" : { }
    }
  } ],
  "providedDependencies" : [ {
    "majorSchemaVersion" : 3,
    "name" : "srv-api",
    "isPublic" : false,
    "properties" : {
      "srv-url" : "https://a17ff4fftrial-dev-vendor-portal-srv.cfapps.us10-001.hana.ondemand.com"
    },
    "parameters" : { },
    "propertiesMetadata" : {
      "metadata" : { }
    },
    "parametersMetadata" : {
      "metadata" : { }
    }
  }, {
    "majorSchemaVersion" : 3,
    "name" : "Vendor_portal-srv",
    "isPublic" : false,
    "properties" : { },
    "parameters" : { },
    "propertiesMetadata" : {
      "metadata" : { }
    },
    "parametersMetadata" : {
      "metadata" : { }
    }
  } ],
  "propertiesMetadata" : {
    "metadata" : { }
  },
  "parametersMetadata" : {
    "metadata" : { }
  },
  "deployedAfter" : [ ],
  "hooks" : [ ]
}, {
  "majorSchemaVersion" : 3,
  "name" : "Vendor_portal-db-deployer",
  "type" : "com.sap.xs.hdi",
  "path" : "Vendor_portal-db-deployer",
  "properties" : {
    "EXIT" : 1
  },
  "parameters" : {
    "default-url" : "https://a17ff4fftrial-dev-vendor-portal-db-deployer.cfapps.us10-001.hana.ondemand.com",
    "default-app-name" : "Vendor_portal-db-deployer",
    "generated-password" : "********",
    "default-live-url" : "https://a17ff4fftrial-dev-vendor-portal-db-deployer.cfapps.us10-001.hana.ondemand.com",
    "default-uri" : "a17ff4fftrial-dev-vendor-portal-db-deployer.cfapps.us10-001.hana.ondemand.com",
    "memory" : "256M",
    "default-instances" : 1,
    "no-route" : true,
    "default-live-host" : "a17ff4fftrial-dev-vendor-portal-db-deployer",
    "instances" : 1,
    "buildpack" : "nodejs_buildpack",
    "default-host" : "a17ff4fftrial-dev-vendor-portal-db-deployer",
    "app-name" : "Vendor_portal-db-deployer",
    "default-live-uri" : "a17ff4fftrial-dev-vendor-portal-db-deployer.cfapps.us10-001.hana.ondemand.com",
    "protocol" : "https",
    "default-live-app-name" : "Vendor_portal-db-deployer",
    "default-live-domain" : "cfapps.us10-001.hana.ondemand.com",
    "dependency-type" : "hard",
    "domain" : "cfapps.us10-001.hana.ondemand.com",
    "host" : "a17ff4fftrial-dev-vendor-portal-db-deployer",
    "generated-user" : "********",
    "tasks" : [ {
      "command" : "npm start",
      "memory" : "256M",
      "name" : "deploy"
    } ],
    "no-start" : true
  },
  "requiredDependencies" : [ {
    "majorSchemaVersion" : 3,
    "name" : "Vendor_portal-db",
    "properties" : { },
    "parameters" : { },
    "propertiesMetadata" : {
      "metadata" : { }
    },
    "parametersMetadata" : {
      "metadata" : { }
    }
  } ],
  "providedDependencies" : [ {
    "majorSchemaVersion" : 3,
    "name" : "Vendor_portal-db-deployer",
    "isPublic" : false,
    "properties" : { },
    "parameters" : { },
    "propertiesMetadata" : {
      "metadata" : { }
    },
    "parametersMetadata" : {
      "metadata" : { }
    }
  } ],
  "propertiesMetadata" : {
    "metadata" : { }
  },
  "parametersMetadata" : {
    "metadata" : { }
  },
  "deployedAfter" : [ ],
  "hooks" : [ ]
}, {
  "majorSchemaVersion" : 3,
  "name" : "Vendor_portal-app-deployer",
  "type" : "com.sap.application.content",
  "path" : "Vendor_portal-app-deployer",
  "properties" : { },
  "parameters" : {
    "default-url" : "https://a17ff4fftrial-dev-vendor-portal-app-deployer.cfapps.us10-001.hana.ondemand.com",
    "default-app-name" : "Vendor_portal-app-deployer",
    "generated-password" : "********",
    "default-live-url" : "https://a17ff4fftrial-dev-vendor-portal-app-deployer.cfapps.us10-001.hana.ondemand.com",
    "default-uri" : "a17ff4fftrial-dev-vendor-portal-app-deployer.cfapps.us10-001.hana.ondemand.com",
    "default-instances" : 1,
    "default-live-host" : "a17ff4fftrial-dev-vendor-portal-app-deployer",
    "instances" : 1,
    "default-host" : "a17ff4fftrial-dev-vendor-portal-app-deployer",
    "app-name" : "Vendor_portal-app-deployer",
    "default-live-uri" : "a17ff4fftrial-dev-vendor-portal-app-deployer.cfapps.us10-001.hana.ondemand.com",
    "protocol" : "https",
    "default-live-app-name" : "Vendor_portal-app-deployer",
    "default-live-domain" : "cfapps.us10-001.hana.ondemand.com",
    "dependency-type" : "soft",
    "domain" : "cfapps.us10-001.hana.ondemand.com",
    "host" : "a17ff4fftrial-dev-vendor-portal-app-deployer",
    "generated-user" : "********",
    "config" : {
      "destinations" : [ {
        "Authentication" : "********",
        "HTML5.DynamicDestination" : true,
        "HTML5.ForwardAuthToken" : "********",
        "Name" : "srv-api",
        "ProxyType" : "Internet",
        "Type" : "HTTP",
        "URL" : "https://a17ff4fftrial-dev-vendor-portal-srv.cfapps.us10-001.hana.ondemand.com"
      } ]
    }
  },
  "requiredDependencies" : [ {
    "majorSchemaVersion" : 3,
    "name" : "********",
    "properties" : { },
    "parameters" : { },
    "propertiesMetadata" : {
      "metadata" : { }
    },
    "parametersMetadata" : {
      "metadata" : { }
    }
  }, {
    "majorSchemaVersion" : 3,
    "name" : "srv-api",
    "properties" : { },
    "parameters" : { },
    "propertiesMetadata" : {
      "metadata" : { }
    },
    "parametersMetadata" : {
      "metadata" : { }
    }
  }, {
    "majorSchemaVersion" : 3,
    "name" : "Vendor_portal-html5-repo-host",
    "properties" : { },
    "parameters" : {
      "config" : {
        "HTML5Runtime_enabled" : true
      },
      "content-target" : true
    },
    "propertiesMetadata" : {
      "metadata" : { }
    },
    "parametersMetadata" : {
      "metadata" : { }
    }
  } ],
  "providedDependencies" : [ {
    "majorSchemaVersion" : 3,
    "name" : "Vendor_portal-app-deployer",
    "isPublic" : false,
    "properties" : { },
    "parameters" : { },
    "propertiesMetadata" : {
      "metadata" : { }
    },
    "parametersMetadata" : {
      "metadata" : { }
    }
  } ],
  "propertiesMetadata" : {
    "metadata" : { }
  },
  "parametersMetadata" : {
    "metadata" : { }
  },
  "deployedAfter" : [ ],
  "hooks" : [ ]
}, {
  "majorSchemaVersion" : 3,
  "name" : "Vendor_portal",
  "type" : "javascript.nodejs",
  "path" : "Vendor_portal",
  "properties" : { },
  "parameters" : {
    "default-url" : "https://a17ff4fftrial-dev-vendor-portal.cfapps.us10-001.hana.ondemand.com",
    "default-app-name" : "Vendor_portal",
    "generated-password" : "********",
    "default-live-url" : "https://a17ff4fftrial-dev-vendor-portal.cfapps.us10-001.hana.ondemand.com",
    "default-uri" : "a17ff4fftrial-dev-vendor-portal.cfapps.us10-001.hana.ondemand.com",
    "memory" : "256M",
    "default-instances" : 1,
    "default-live-host" : "a17ff4fftrial-dev-vendor-portal",
    "instances" : 1,
    "default-host" : "a17ff4fftrial-dev-vendor-portal",
    "keep-existing-routes" : true,
    "app-name" : "Vendor_portal",
    "default-live-uri" : "a17ff4fftrial-dev-vendor-portal.cfapps.us10-001.hana.ondemand.com",
    "protocol" : "https",
    "default-live-app-name" : "Vendor_portal",
    "default-live-domain" : "cfapps.us10-001.hana.ondemand.com",
    "disk-quota" : "256M",
    "dependency-type" : "soft",
    "domain" : "cfapps.us10-001.hana.ondemand.com",
    "host" : "a17ff4fftrial-dev-vendor-portal",
    "generated-user" : "********"
  },
  "requiredDependencies" : [ {
    "majorSchemaVersion" : 3,
    "name" : "srv-api",
    "group" : "destinations",
    "properties" : {
      "name" : "srv-api",
      "forwardAuthToken" : "********",
      "url" : "https://a17ff4fftrial-dev-vendor-portal-srv.cfapps.us10-001.hana.ondemand.com"
    },
    "parameters" : { },
    "propertiesMetadata" : {
      "metadata" : { }
    },
    "parametersMetadata" : {
      "metadata" : { }
    }
  }, {
    "majorSchemaVersion" : 3,
    "name" : "********",
    "properties" : { },
    "parameters" : { },
    "propertiesMetadata" : {
      "metadata" : { }
    },
    "parametersMetadata" : {
      "metadata" : { }
    }
  }, {
    "majorSchemaVersion" : 3,
    "name" : "Vendor_portal-destination",
    "properties" : { },
    "parameters" : { },
    "propertiesMetadata" : {
      "metadata" : { }
    },
    "parametersMetadata" : {
      "metadata" : { }
    }
  }, {
    "majorSchemaVersion" : 3,
    "name" : "Vendor_portal-html5-runtime",
    "properties" : { },
    "parameters" : { },
    "propertiesMetadata" : {
      "metadata" : { }
    },
    "parametersMetadata" : {
      "metadata" : { }
    }
  } ],
  "providedDependencies" : [ {
    "majorSchemaVersion" : 3,
    "name" : "app-api",
    "isPublic" : false,
    "properties" : {
      "app-protocol" : "https",
      "app-uri" : "a17ff4fftrial-dev-vendor-portal.cfapps.us10-001.hana.ondemand.com"
    },
    "parameters" : { },
    "propertiesMetadata" : {
      "metadata" : { }
    },
    "parametersMetadata" : {
      "metadata" : { }
    }
  }, {
    "majorSchemaVersion" : 3,
    "name" : "Vendor_portal",
    "isPublic" : false,
    "properties" : { },
    "parameters" : { },
    "propertiesMetadata" : {
      "metadata" : { }
    },
    "parametersMetadata" : {
      "metadata" : { }
    }
  } ],
  "propertiesMetadata" : {
    "metadata" : { }
  },
  "parametersMetadata" : {
    "metadata" : { }
  },
  "deployedAfter" : [ ],
  "hooks" : [ ]
}, {
  "majorSchemaVersion" : 3,
  "name" : "Vendor_portal-destinations",
  "type" : "com.sap.application.content",
  "properties" : { },
  "parameters" : {
    "default-url" : "https://a17ff4fftrial-dev-vendor-portal-destinations.cfapps.us10-001.hana.ondemand.com",
    "default-app-name" : "Vendor_portal-destinations",
    "generated-password" : "********",
    "default-live-url" : "https://a17ff4fftrial-dev-vendor-portal-destinations.cfapps.us10-001.hana.ondemand.com",
    "default-uri" : "a17ff4fftrial-dev-vendor-portal-destinations.cfapps.us10-001.hana.ondemand.com",
    "default-instances" : 1,
    "default-live-host" : "a17ff4fftrial-dev-vendor-portal-destinations",
    "instances" : 1,
    "default-host" : "a17ff4fftrial-dev-vendor-portal-destinations",
    "content" : {
      "instance" : {
        "destinations" : [ {
          "Name" : "Vendor_portal-html5-repository",
          "ServiceInstanceName" : "Vendor_portal-html5-repo-host",
          "ServiceKeyName" : "********",
          "sap.cloud.service" : "Vendor_portal.service"
        }, {
          "Authentication" : "********",
          "Name" : "********",
          "ServiceInstanceName" : "********",
          "ServiceKeyName" : "********",
          "sap.cloud.service" : "Vendor_portal.service"
        } ],
        "existing_destinations_policy" : "update"
      }
    },
    "app-name" : "Vendor_portal-destinations",
    "default-live-uri" : "a17ff4fftrial-dev-vendor-portal-destinations.cfapps.us10-001.hana.ondemand.com",
    "protocol" : "https",
    "default-live-app-name" : "Vendor_portal-destinations",
    "default-live-domain" : "cfapps.us10-001.hana.ondemand.com",
    "dependency-type" : "soft",
    "domain" : "cfapps.us10-001.hana.ondemand.com",
    "host" : "a17ff4fftrial-dev-vendor-portal-destinations",
    "generated-user" : "********"
  },
  "requiredDependencies" : [ {
    "majorSchemaVersion" : 3,
    "name" : "********",
    "properties" : { },
    "parameters" : {
      "service-key" : "********"
    },
    "propertiesMetadata" : {
      "metadata" : { }
    },
    "parametersMetadata" : {
      "metadata" : { }
    }
  }, {
    "majorSchemaVersion" : 3,
    "name" : "Vendor_portal-html5-repo-host",
    "properties" : { },
    "parameters" : {
      "service-key" : "********"
    },
    "propertiesMetadata" : {
      "metadata" : { }
    },
    "parametersMetadata" : {
      "metadata" : { }
    }
  }, {
    "majorSchemaVersion" : 3,
    "name" : "srv-api",
    "properties" : { },
    "parameters" : { },
    "propertiesMetadata" : {
      "metadata" : { }
    },
    "parametersMetadata" : {
      "metadata" : { }
    }
  }, {
    "majorSchemaVersion" : 3,
    "name" : "Vendor_portal-destination",
    "properties" : { },
    "parameters" : {
      "content-target" : true
    },
    "propertiesMetadata" : {
      "metadata" : { }
    },
    "parametersMetadata" : {
      "metadata" : { }
    }
  } ],
  "providedDependencies" : [ {
    "majorSchemaVersion" : 3,
    "name" : "Vendor_portal-destinations",
    "isPublic" : false,
    "properties" : { },
    "parameters" : { },
    "propertiesMetadata" : {
      "metadata" : { }
    },
    "parametersMetadata" : {
      "metadata" : { }
    }
  } ],
  "propertiesMetadata" : {
    "metadata" : { }
  },
  "parametersMetadata" : {
    "metadata" : { }
  },
  "deployedAfter" : [ ],
  "hooks" : [ ]
}]#
#2026 05 30 10:18:58.023#Z#DEBUG#f7aba7f1-5c10-11f1-a636-eeee0a864133.OPERATION#flowable-async-job-executor-thread-28202#
[XS2BuildCloudDeployModelStep] Custom domains: []#
#2026 05 30 10:18:58.025#Z#DEBUG#f7aba7f1-5c10-11f1-a636-eeee0a864133.OPERATION#flowable-async-job-executor-thread-28202#
[XS2BuildCloudDeployModelStep] Calculating resource batches...#
#2026 05 30 10:18:58.025#Z#DEBUG#f7aba7f1-5c10-11f1-a636-eeee0a864133.OPERATION#flowable-async-job-executor-thread-28202#
[XS2BuildCloudDeployModelStep] Calculating resource batches completed.#
#2026 05 30 10:18:58.025#Z#DEBUG#f7aba7f1-5c10-11f1-a636-eeee0a864133.OPERATION#flowable-async-job-executor-thread-28202#
[XS2BuildCloudDeployModelStep] Cloud deployment model built#
#2026 05 30 10:18:58.025#Z#DEBUG#f7aba7f1-5c10-11f1-a636-eeee0a864133.OPERATION#flowable-async-job-executor-thread-28202#
Step "Build Deploy Model" finished#
#2026 05 30 10:18:58.056#Z#DEBUG#f7aba7f1-5c10-11f1-a636-eeee0a864133.OPERATION#flowable-async-job-executor-thread-28202#
[BuildCloudUndeployModelStep] Executing task "buildUndeployModelTask" of process "f7aba817-5c10-11f1-a636-eeee0a864133"...#
#2026 05 30 10:18:58.057#Z#DEBUG#f7aba7f1-5c10-11f1-a636-eeee0a864133.OPERATION#flowable-async-job-executor-thread-28202#
[BuildCloudUndeployModelStep] Building cloud undeployment model...#
#2026 05 30 10:18:58.058#Z#DEBUG#f7aba7f1-5c10-11f1-a636-eeee0a864133.OPERATION#flowable-async-job-executor-thread-28202#
[BuildCloudUndeployModelStep] Detecting service keys to delete.#
#2026 05 30 10:18:58.059#Z#DEBUG#f7aba7f1-5c10-11f1-a636-eeee0a864133.OPERATION#flowable-async-job-executor-thread-28202#
[BuildCloudUndeployModelStep] No deployed service keys detected!#
#2026 05 30 10:18:58.059#Z#DEBUG#f7aba7f1-5c10-11f1-a636-eeee0a864133.OPERATION#flowable-async-job-executor-thread-28202#
[BuildCloudUndeployModelStep] Detected service keys to delete "[]"#
#2026 05 30 10:18:58.062#Z#DEBUG#f7aba7f1-5c10-11f1-a636-eeee0a864133.OPERATION#flowable-async-job-executor-thread-28202#
[BuildCloudUndeployModelStep] MTA modules: [Vendor_portal, Vendor_portal-destinations, Vendor_portal-app-deployer, Vendor_portal-srv, Vendor_portal-db-deployer]#
#2026 05 30 10:18:58.062#Z#DEBUG#f7aba7f1-5c10-11f1-a636-eeee0a864133.OPERATION#flowable-async-job-executor-thread-28202#
[BuildCloudUndeployModelStep] Modules to undeploy: [ ]#
#2026 05 30 10:18:58.062#Z#DEBUG#f7aba7f1-5c10-11f1-a636-eeee0a864133.OPERATION#flowable-async-job-executor-thread-28202#
[BuildCloudUndeployModelStep] Modules that won't be changed: [ ]#
#2026 05 30 10:18:58.063#Z#DEBUG#f7aba7f1-5c10-11f1-a636-eeee0a864133.OPERATION#flowable-async-job-executor-thread-28202#
[BuildCloudUndeployModelStep] Subscriptions to delete: [ ]#
#2026 05 30 10:18:58.065#Z#DEBUG#f7aba7f1-5c10-11f1-a636-eeee0a864133.OPERATION#flowable-async-job-executor-thread-28202#
[BuildCloudUndeployModelStep] Cloud services to delete: []#
#2026 05 30 10:18:58.065#Z#DEBUG#f7aba7f1-5c10-11f1-a636-eeee0a864133.OPERATION#flowable-async-job-executor-thread-28202#
[BuildCloudUndeployModelStep] Cloud applications to undeploy: [ ]#
#2026 05 30 10:18:58.066#Z#DEBUG#f7aba7f1-5c10-11f1-a636-eeee0a864133.OPERATION#flowable-async-job-executor-thread-28202#
[BuildCloudUndeployModelStep] Cloud undeployment model built#
#2026 05 30 10:18:58.066#Z#DEBUG#f7aba7f1-5c10-11f1-a636-eeee0a864133.OPERATION#flowable-async-job-executor-thread-28202#
Step "Build Undeploy Model" finished#
#2026 05 30 10:18:58.092#Z#DEBUG#f7aba7f1-5c10-11f1-a636-eeee0a864133.OPERATION#flowable-async-job-executor-thread-28202#
[AddDomainsStep] Executing task "addDomainsTask" of process "f7aba817-5c10-11f1-a636-eeee0a864133"...#
#2026 05 30 10:18:58.093#Z#DEBUG#f7aba7f1-5c10-11f1-a636-eeee0a864133.OPERATION#flowable-async-job-executor-thread-28202#
[AddDomainsStep] Custom domains: []#
#2026 05 30 10:18:58.093#Z#DEBUG#f7aba7f1-5c10-11f1-a636-eeee0a864133.OPERATION#flowable-async-job-executor-thread-28202#
Step "Add Domains" finished#
#2026 05 30 10:18:58.196#Z#DEBUG#f7aba7f1-5c10-11f1-a636-eeee0a864133.OPERATION#flowable-async-job-executor-thread-28204#
[ExtractBatchedServicesWithResolvedDynamicParametersStep] Executing task "prepareModulesDeploymentTask" of process "f85f19a7-5c10-11f1-a636-eeee0a864133"...#
#2026 05 30 10:18:58.196#Z#DEBUG#f7aba7f1-5c10-11f1-a636-eeee0a864133.OPERATION#flowable-async-job-executor-thread-28204#
[ExtractBatchedServicesWithResolvedDynamicParametersStep] Extracting services and resolving dynamic parameters from batch#
#2026 05 30 10:18:58.197#Z#DEBUG#f7aba7f1-5c10-11f1-a636-eeee0a864133.OPERATION#flowable-async-job-executor-thread-28204#
[ExtractBatchedServicesWithResolvedDynamicParametersStep] Services to create: [ {
  "isOptional" : false,
  "isManaged" : true,
  "name" : "********",
  "v3Metadata" : {
    "annotations" : {
      "mta_id" : "Vendor_portal",
      "mta_version" : "1.0.0",
      "mta_resource" : "********"
    },
    "labels" : {
      "mta_id" : "54228c1fbfd316678aa58a19b8f339c3"
    }
  },
  "label" : "xsuaa",
  "plan" : "application",
  "credentials" : "********",
  "tags" : [ ],
  "type" : "managed",
  "resourceName" : "********",
  "shouldSkipParametersUpdate" : false,
  "shouldSkipPlanUpdate" : false,
  "shouldSkipTagsUpdate" : false,
  "shouldSkipSyslogUrlUpdate" : false
}, {
  "isOptional" : false,
  "isManaged" : true,
  "name" : "Vendor_portal-db",
  "v3Metadata" : {
    "annotations" : {
      "mta_id" : "Vendor_portal",
      "mta_version" : "1.0.0",
      "mta_resource" : "{\"name\":\"Vendor_portal-db\"}"
    },
    "labels" : {
      "mta_id" : "54228c1fbfd316678aa58a19b8f339c3"
    }
  },
  "label" : "hana",
  "plan" : "hdi-shared",
  "credentials" : "********",
  "tags" : [ ],
  "type" : "managed",
  "resourceName" : "Vendor_portal-db",
  "shouldSkipParametersUpdate" : false,
  "shouldSkipPlanUpdate" : false,
  "shouldSkipTagsUpdate" : false,
  "shouldSkipSyslogUrlUpdate" : false
}, {
  "isOptional" : false,
  "isManaged" : true,
  "name" : "Vendor_portal-destination",
  "v3Metadata" : {
    "annotations" : {
      "mta_id" : "Vendor_portal",
      "mta_version" : "1.0.0",
      "mta_resource" : "{\"name\":\"Vendor_portal-destination\"}"
    },
    "labels" : {
      "mta_id" : "54228c1fbfd316678aa58a19b8f339c3"
    }
  },
  "label" : "destination",
  "plan" : "lite",
  "credentials" : "********",
  "tags" : [ ],
  "type" : "managed",
  "resourceName" : "Vendor_portal-destination",
  "shouldSkipParametersUpdate" : false,
  "shouldSkipPlanUpdate" : false,
  "shouldSkipTagsUpdate" : false,
  "shouldSkipSyslogUrlUpdate" : false
}, {
  "isOptional" : false,
  "isManaged" : true,
  "name" : "Vendor_portal-html5-repo-host",
  "v3Metadata" : {
    "annotations" : {
      "mta_id" : "Vendor_portal",
      "mta_version" : "1.0.0",
      "mta_resource" : "{\"name\":\"Vendor_portal-html5-repo-host\"}"
    },
    "labels" : {
      "mta_id" : "54228c1fbfd316678aa58a19b8f339c3"
    }
  },
  "label" : "html5-apps-repo",
  "plan" : "app-host",
  "credentials" : "********",
  "tags" : [ ],
  "type" : "managed",
  "resourceName" : "Vendor_portal-html5-repo-host",
  "shouldSkipParametersUpdate" : false,
  "shouldSkipPlanUpdate" : false,
  "shouldSkipTagsUpdate" : false,
  "shouldSkipSyslogUrlUpdate" : false
}, {
  "isOptional" : false,
  "isManaged" : true,
  "name" : "Vendor_portal-html5-runtime",
  "v3Metadata" : {
    "annotations" : {
      "mta_id" : "Vendor_portal",
      "mta_version" : "1.0.0",
      "mta_resource" : "{\"name\":\"Vendor_portal-html5-runtime\"}"
    },
    "labels" : {
      "mta_id" : "54228c1fbfd316678aa58a19b8f339c3"
    }
  },
  "label" : "html5-apps-repo",
  "plan" : "app-runtime",
  "credentials" : "********",
  "tags" : [ ],
  "type" : "managed",
  "resourceName" : "Vendor_portal-html5-runtime",
  "shouldSkipParametersUpdate" : false,
  "shouldSkipPlanUpdate" : false,
  "shouldSkipTagsUpdate" : false,
  "shouldSkipSyslogUrlUpdate" : false
} ]#
#2026 05 30 10:18:58.198#Z#DEBUG#f7aba7f1-5c10-11f1-a636-eeee0a864133.OPERATION#flowable-async-job-executor-thread-28204#
Step "Extract Services with Resolved Dynamic parameters from batch" finished#
#2026 05 30 10:18:58.273#Z#DEBUG#f7aba7f1-5c10-11f1-a636-eeee0a864133.OPERATION#flowable-async-job-executor-thread-28204#
[CheckServiceOperationStateStep] Executing task "CheckServiceOperationStateTask" of process "f86e3424-5c10-11f1-a636-eeee0a864133"...#
#2026 05 30 10:18:58.274#Z#DEBUG#f7aba7f1-5c10-11f1-a636-eeee0a864133.OPERATION#flowable-async-job-executor-thread-28204#
[CheckServiceOperationStateStep] Getting service instance "Vendor_portal-auth"...#
#2026 05 30 10:18:58.395#Z#DEBUG#f7aba7f1-5c10-11f1-a636-eeee0a864133.OPERATION#flowable-async-job-executor-thread-28204#
Step "Check for service operations in Progress" finished#
#2026 05 30 10:18:58.417#Z#DEBUG#f7aba7f1-5c10-11f1-a636-eeee0a864133.OPERATION#flowable-async-job-executor-thread-28204#
[DetermineServiceCreateUpdateServiceActionsStep] Executing task "DetermineServiceCreateUpdateActionsTask" of process "f86e3424-5c10-11f1-a636-eeee0a864133"...#
#2026 05 30 10:18:58.418#Z#INFO#f7aba7f1-5c10-11f1-a636-eeee0a864133.OPERATION#flowable-async-job-executor-thread-28204#
[DetermineServiceCreateUpdateServiceActionsStep] Processing service "Vendor_portal-auth"...#
#2026 05 30 10:18:58.422#Z#DEBUG#f7aba7f1-5c10-11f1-a636-eeee0a864133.OPERATION#flowable-async-job-executor-thread-28204#
[DetermineServiceCreateUpdateServiceActionsStep] Getting service instance "Vendor_portal-auth"...#
#2026 05 30 10:18:58.567#Z#INFO#f7aba7f1-5c10-11f1-a636-eeee0a864133.OPERATION#flowable-async-job-executor-thread-28204#
[DetermineServiceCreateUpdateServiceActionsStep] Setting service "Vendor_portal-auth" parameters from "xs-security.json"#
#2026 05 30 10:18:58.606#Z#DEBUG#f7aba7f1-5c10-11f1-a636-eeee0a864133.OPERATION#flowable-async-job-executor-thread-28204#
[DetermineServiceCreateUpdateServiceActionsStep] Existing service: {
  "name" : "********",
  "metadata" : {
    "guid" : "872c8647-a392-4436-bbf4-3eeead01a604",
    "createdAt" : [ 2026, 5, 29, 15, 1, 24 ],
    "updatedAt" : [ 2026, 5, 29, 15, 1, 24 ]
  },
  "v3Metadata" : {
    "annotations" : {
      "mta_id" : "Vendor_portal",
      "mta_version" : "1.0.0",
      "mta_resource" : "********"
    },
    "labels" : {
      "mta_id" : "54228c1fbfd316678aa58a19b8f339c3"
    }
  },
  "label" : "xsuaa",
  "plan" : "application",
  "credentials" : "********",
  "tags" : [ ],
  "type" : "managed",
  "lastOperation" : {
    "type" : "UPDATE",
    "description" : "",
    "state" : "SUCCEEDED"
  }
}#
#2026 05 30 10:18:58.606#Z#DEBUG#f7aba7f1-5c10-11f1-a636-eeee0a864133.OPERATION#flowable-async-job-executor-thread-28204#
[DetermineServiceCreateUpdateServiceActionsStep] Service parameters will be updated#
#2026 05 30 10:18:58.606#Z#DEBUG#f7aba7f1-5c10-11f1-a636-eeee0a864133.OPERATION#flowable-async-job-executor-thread-28204#
[DetermineServiceCreateUpdateServiceActionsStep] New parameters: {
  "attributes" : [ ],
  "authorities-inheritance" : "********",
  "oauth2-configuration" : "********",
  "role-templates" : [ ],
  "scopes" : [ ],
  "tenant-mode" : "dedicated",
  "xsappname" : "Vendor_portal-a17ff4fftrial-dev"
}#
#2026 05 30 10:18:58.606#Z#DEBUG#f7aba7f1-5c10-11f1-a636-eeee0a864133.OPERATION#flowable-async-job-executor-thread-28204#
Step "Determine update actions" finished#
#2026 05 30 10:18:58.639#Z#DEBUG#f7aba7f1-5c10-11f1-a636-eeee0a864133.OPERATION#flowable-async-job-executor-thread-28197#
[CheckForServiceBindingOrKeyOperationStep] Executing task "CheckForServiceBindingOrKeyCreation" of process "f86e3424-5c10-11f1-a636-eeee0a864133"...#
#2026 05 30 10:18:58.640#Z#DEBUG#f7aba7f1-5c10-11f1-a636-eeee0a864133.OPERATION#flowable-async-job-executor-thread-28197#
Step "Check for service binding or key creation" finished#
#2026 05 30 10:18:58.668#Z#DEBUG#f7aba7f1-5c10-11f1-a636-eeee0a864133.OPERATION#flowable-async-job-executor-thread-28197#
[UpdateServiceParametersStep] Executing task "UpdateServiceParametersTask" of process "f86e3424-5c10-11f1-a636-eeee0a864133"...#
#2026 05 30 10:18:58.670#Z#INFO#f7aba7f1-5c10-11f1-a636-eeee0a864133.OPERATION#flowable-async-job-executor-thread-28197#
[UpdateServiceParametersStep] Updating service "Vendor_portal-auth"...#
#2026 05 30 10:18:58.673#Z#DEBUG#f7aba7f1-5c10-11f1-a636-eeee0a864133.OPERATION#flowable-async-job-executor-thread-28197#
[UpdateServiceParametersStep] Updating service parameters for service "Vendor_portal-auth"...#
#2026 05 30 10:18:58.751#Z#DEBUG#f7aba7f1-5c10-11f1-a636-eeee0a864133.OPERATION#flowable-async-job-executor-thread-28197#
[UpdateServiceParametersStep] Service "Vendor_portal-auth" updated#
#2026 05 30 10:18:58.751#Z#DEBUG#f7aba7f1-5c10-11f1-a636-eeee0a864133.OPERATION#flowable-async-job-executor-thread-28197#
[UpdateServiceParametersStep] Triggered service operations: {
  "Vendor_portal-auth" : "UPDATE"
}#
#2026 05 30 10:18:58.752#Z#DEBUG#f7aba7f1-5c10-11f1-a636-eeee0a864133.OPERATION#flowable-async-job-executor-thread-28197#
Step "Update parameters" finished#
#2026 05 30 10:18:59.448#Z#DEBUG#f7aba7f1-5c10-11f1-a636-eeee0a864133.OPERATION#flowable-async-job-executor-thread-10259#
[CheckServiceOperationStateStep] Executing task "CheckServiceOperationStateTask" of process "f91f839f-5c10-11f1-97fc-eeee0a8370ee"...#
#2026 05 30 10:18:59.508#Z#DEBUG#f7aba7f1-5c10-11f1-a636-eeee0a864133.OPERATION#flowable-async-job-executor-thread-10263#
[CheckServiceOperationStateStep] Executing task "CheckServiceOperationStateTask" of process "f928837e-5c10-11f1-97fc-eeee0a8370ee"...#
#2026 05 30 10:18:59.552#Z#DEBUG#f7aba7f1-5c10-11f1-a636-eeee0a864133.OPERATION#flowable-async-job-executor-thread-10259#
[CheckServiceOperationStateStep] Getting service instance "Vendor_portal-db"...#
#2026 05 30 10:18:59.569#Z#DEBUG#f7aba7f1-5c10-11f1-a636-eeee0a864133.OPERATION#flowable-async-job-executor-thread-10263#
[CheckServiceOperationStateStep] Getting service instance "Vendor_portal-destination"...#
#2026 05 30 10:18:59.707#Z#DEBUG#f7aba7f1-5c10-11f1-a636-eeee0a864133.OPERATION#flowable-async-job-executor-thread-10259#
Step "Check for service operations in Progress" finished#
#2026 05 30 10:18:59.720#Z#DEBUG#f7aba7f1-5c10-11f1-a636-eeee0a864133.OPERATION#flowable-async-job-executor-thread-10263#
Step "Check for service operations in Progress" finished#
#2026 05 30 10:18:59.736#Z#DEBUG#f7aba7f1-5c10-11f1-a636-eeee0a864133.OPERATION#flowable-async-job-executor-thread-10259#
[DetermineServiceCreateUpdateServiceActionsStep] Executing task "DetermineServiceCreateUpdateActionsTask" of process "f91f839f-5c10-11f1-97fc-eeee0a8370ee"...#
#2026 05 30 10:18:59.737#Z#INFO#f7aba7f1-5c10-11f1-a636-eeee0a864133.OPERATION#flowable-async-job-executor-thread-10259#
[DetermineServiceCreateUpdateServiceActionsStep] Processing service "Vendor_portal-db"...#
#2026 05 30 10:18:59.743#Z#DEBUG#f7aba7f1-5c10-11f1-a636-eeee0a864133.OPERATION#flowable-async-job-executor-thread-10259#
[DetermineServiceCreateUpdateServiceActionsStep] Getting service instance "Vendor_portal-db"...#
#2026 05 30 10:18:59.749#Z#DEBUG#f7aba7f1-5c10-11f1-a636-eeee0a864133.OPERATION#flowable-async-job-executor-thread-10263#
[DetermineServiceCreateUpdateServiceActionsStep] Executing task "DetermineServiceCreateUpdateActionsTask" of process "f928837e-5c10-11f1-97fc-eeee0a8370ee"...#
#2026 05 30 10:18:59.751#Z#INFO#f7aba7f1-5c10-11f1-a636-eeee0a864133.OPERATION#flowable-async-job-executor-thread-10263#
[DetermineServiceCreateUpdateServiceActionsStep] Processing service "Vendor_portal-destination"...#
#2026 05 30 10:18:59.755#Z#DEBUG#f7aba7f1-5c10-11f1-a636-eeee0a864133.OPERATION#flowable-async-job-executor-thread-10263#
[DetermineServiceCreateUpdateServiceActionsStep] Getting service instance "Vendor_portal-destination"...#
#2026 05 30 10:18:59.869#Z#DEBUG#f7aba7f1-5c10-11f1-a636-eeee0a864133.OPERATION#flowable-async-job-executor-thread-10259#
[DetermineServiceCreateUpdateServiceActionsStep] Existing service: {
  "name" : "Vendor_portal-db",
  "metadata" : {
    "guid" : "adcecc63-16ef-49a6-bfe4-ceb5945703c3",
    "createdAt" : [ 2026, 5, 29, 16, 4, 44 ],
    "updatedAt" : [ 2026, 5, 29, 16, 4, 44 ]
  },
  "v3Metadata" : {
    "annotations" : {
      "mta_id" : "Vendor_portal",
      "mta_version" : "1.0.0",
      "mta_resource" : "{\"name\":\"Vendor_portal-db\"}"
    },
    "labels" : {
      "mta_id" : "54228c1fbfd316678aa58a19b8f339c3"
    }
  },
  "label" : "hana",
  "plan" : "hdi-shared",
  "credentials" : "********",
  "tags" : [ ],
  "type" : "managed",
  "lastOperation" : {
    "type" : "CREATE",
    "state" : "SUCCEEDED"
  }
}#
#2026 05 30 10:18:59.869#Z#WARN#f7aba7f1-5c10-11f1-a636-eeee0a864133.OPERATION#flowable-async-job-executor-thread-10259#
[DetermineServiceCreateUpdateServiceActionsStep] Service parameters for service "Vendor_portal-db" will not be updated, as the parameters are not defined or empty.#
#2026 05 30 10:18:59.870#Z#DEBUG#f7aba7f1-5c10-11f1-a636-eeee0a864133.OPERATION#flowable-async-job-executor-thread-10259#
Step "Determine update actions" finished#
#2026 05 30 10:18:59.880#Z#DEBUG#f7aba7f1-5c10-11f1-a636-eeee0a864133.OPERATION#flowable-async-job-executor-thread-10263#
[DetermineServiceCreateUpdateServiceActionsStep] Existing service: {
  "name" : "Vendor_portal-destination",
  "metadata" : {
    "guid" : "0096e76b-4204-4488-89af-b195d851d22b",
    "createdAt" : [ 2026, 5, 29, 15, 1, 24 ],
    "updatedAt" : [ 2026, 5, 29, 15, 1, 26 ]
  },
  "v3Metadata" : {
    "annotations" : {
      "mta_id" : "Vendor_portal",
      "mta_version" : "1.0.0",
      "mta_resource" : "{\"name\":\"Vendor_portal-destination\"}"
    },
    "labels" : {
      "mta_id" : "54228c1fbfd316678aa58a19b8f339c3"
    }
  },
  "label" : "destination",
  "plan" : "lite",
  "credentials" : "********",
  "tags" : [ ],
  "type" : "managed",
  "lastOperation" : {
    "type" : "CREATE",
    "description" : "",
    "state" : "SUCCEEDED"
  }
}#
#2026 05 30 10:18:59.881#Z#WARN#f7aba7f1-5c10-11f1-a636-eeee0a864133.OPERATION#flowable-async-job-executor-thread-10263#
[DetermineServiceCreateUpdateServiceActionsStep] Service parameters for service "Vendor_portal-destination" will not be updated, as the parameters are not defined or empty.#
#2026 05 30 10:18:59.881#Z#DEBUG#f7aba7f1-5c10-11f1-a636-eeee0a864133.OPERATION#flowable-async-job-executor-thread-10263#
Step "Determine update actions" finished#
#2026 05 30 10:18:59.911#Z#DEBUG#f7aba7f1-5c10-11f1-a636-eeee0a864133.OPERATION#flowable-async-job-executor-thread-10259#
[CheckForServiceBindingOrKeyOperationStep] Executing task "CheckForServiceBindingOrKeyCreation" of process "f91f839f-5c10-11f1-97fc-eeee0a8370ee"...#
#2026 05 30 10:18:59.912#Z#DEBUG#f7aba7f1-5c10-11f1-a636-eeee0a864133.OPERATION#flowable-async-job-executor-thread-10259#
Step "Check for service binding or key creation" finished#
#2026 05 30 10:18:59.929#Z#DEBUG#f7aba7f1-5c10-11f1-a636-eeee0a864133.OPERATION#flowable-async-job-executor-thread-10263#
[CheckForServiceBindingOrKeyOperationStep] Executing task "CheckForServiceBindingOrKeyCreation" of process "f928837e-5c10-11f1-97fc-eeee0a8370ee"...#
#2026 05 30 10:18:59.931#Z#DEBUG#f7aba7f1-5c10-11f1-a636-eeee0a864133.OPERATION#flowable-async-job-executor-thread-10263#
Step "Check for service binding or key creation" finished#
#2026 05 30 10:19:00.496#Z#DEBUG#f7aba7f1-5c10-11f1-a636-eeee0a864133.OPERATION#flowable-async-job-executor-thread-28205#
[CheckServiceOperationStateStep] Executing task "CheckServiceOperationStateTask" of process "f9c0f33d-5c10-11f1-a636-eeee0a864133"...#
#2026 05 30 10:19:00.497#Z#DEBUG#f7aba7f1-5c10-11f1-a636-eeee0a864133.OPERATION#flowable-async-job-executor-thread-28205#
[CheckServiceOperationStateStep] Getting service instance "Vendor_portal-html5-runtime"...#
#2026 05 30 10:19:00.523#Z#DEBUG#f7aba7f1-5c10-11f1-a636-eeee0a864133.OPERATION#flowable-async-job-executor-thread-28205#
Step "Check for service operations in Progress" finished#
#2026 05 30 10:19:00.428#Z#DEBUG#f7aba7f1-5c10-11f1-a636-eeee0a864133.OPERATION#flowable-async-job-executor-thread-11063#
[CheckServiceOperationStateStep] Executing task "CheckServiceOperationStateTask" of process "f9b38627-5c10-11f1-bcd3-eeee0a9b4b71"...#
#2026 05 30 10:19:00.515#Z#DEBUG#f7aba7f1-5c10-11f1-a636-eeee0a864133.OPERATION#flowable-async-job-executor-thread-11063#
[CheckServiceOperationStateStep] Getting service instance "Vendor_portal-html5-repo-host"...#
#2026 05 30 10:19:00.565#Z#DEBUG#f7aba7f1-5c10-11f1-a636-eeee0a864133.OPERATION#flowable-async-job-executor-thread-11063#
Step "Check for service operations in Progress" finished#
#2026 05 30 10:19:00.545#Z#DEBUG#f7aba7f1-5c10-11f1-a636-eeee0a864133.OPERATION#flowable-async-job-executor-thread-28205#
[DetermineServiceCreateUpdateServiceActionsStep] Executing task "DetermineServiceCreateUpdateActionsTask" of process "f9c0f33d-5c10-11f1-a636-eeee0a864133"...#
#2026 05 30 10:19:00.546#Z#INFO#f7aba7f1-5c10-11f1-a636-eeee0a864133.OPERATION#flowable-async-job-executor-thread-28205#
[DetermineServiceCreateUpdateServiceActionsStep] Processing service "Vendor_portal-html5-runtime"...#
#2026 05 30 10:19:00.550#Z#DEBUG#f7aba7f1-5c10-11f1-a636-eeee0a864133.OPERATION#flowable-async-job-executor-thread-28205#
[DetermineServiceCreateUpdateServiceActionsStep] Getting service instance "Vendor_portal-html5-runtime"...#
#2026 05 30 10:19:00.577#Z#DEBUG#f7aba7f1-5c10-11f1-a636-eeee0a864133.OPERATION#flowable-async-job-executor-thread-28205#
[DetermineServiceCreateUpdateServiceActionsStep] Service should be created#
#2026 05 30 10:19:00.578#Z#DEBUG#f7aba7f1-5c10-11f1-a636-eeee0a864133.OPERATION#flowable-async-job-executor-thread-28205#
Step "Determine update actions" finished#
#2026 05 30 10:19:00.604#Z#DEBUG#f7aba7f1-5c10-11f1-a636-eeee0a864133.OPERATION#flowable-async-job-executor-thread-11064#
[DetermineServiceCreateUpdateServiceActionsStep] Executing task "DetermineServiceCreateUpdateActionsTask" of process "f9b38627-5c10-11f1-bcd3-eeee0a9b4b71"...#
#2026 05 30 10:19:00.606#Z#INFO#f7aba7f1-5c10-11f1-a636-eeee0a864133.OPERATION#flowable-async-job-executor-thread-11064#
[DetermineServiceCreateUpdateServiceActionsStep] Processing service "Vendor_portal-html5-repo-host"...#
#2026 05 30 10:19:00.613#Z#DEBUG#f7aba7f1-5c10-11f1-a636-eeee0a864133.OPERATION#flowable-async-job-executor-thread-11064#
[DetermineServiceCreateUpdateServiceActionsStep] Getting service instance "Vendor_portal-html5-repo-host"...#
#2026 05 30 10:19:00.646#Z#DEBUG#f7aba7f1-5c10-11f1-a636-eeee0a864133.OPERATION#flowable-async-job-executor-thread-11064#
[DetermineServiceCreateUpdateServiceActionsStep] Service should be created#
#2026 05 30 10:19:00.649#Z#DEBUG#f7aba7f1-5c10-11f1-a636-eeee0a864133.OPERATION#flowable-async-job-executor-thread-11064#
Step "Determine update actions" finished#
#2026 05 30 10:19:00.614#Z#DEBUG#f7aba7f1-5c10-11f1-a636-eeee0a864133.OPERATION#flowable-async-job-executor-thread-28205#
[CreateServiceStep] Executing task "CreateServiceTask" of process "f9c0f33d-5c10-11f1-a636-eeee0a864133"...#
#2026 05 30 10:19:00.615#Z#INFO#f7aba7f1-5c10-11f1-a636-eeee0a864133.OPERATION#flowable-async-job-executor-thread-28205#
[CreateServiceStep] Creating service "Vendor_portal-html5-runtime" from MTA resource "Vendor_portal-html5-runtime"...#
#2026 05 30 10:19:00.621#Z#DEBUG#f7aba7f1-5c10-11f1-a636-eeee0a864133.OPERATION#flowable-async-job-executor-thread-28205#
[CreateServiceStep] Creating service instance: {
  "isOptional" : false,
  "isManaged" : true,
  "name" : "Vendor_portal-html5-runtime",
  "v3Metadata" : {
    "annotations" : {
      "mta_id" : "Vendor_portal",
      "mta_version" : "1.0.0",
      "mta_resource" : "{\"name\":\"Vendor_portal-html5-runtime\"}"
    },
    "labels" : {
      "mta_id" : "54228c1fbfd316678aa58a19b8f339c3"
    }
  },
  "label" : "html5-apps-repo",
  "plan" : "app-runtime",
  "credentials" : "********",
  "tags" : [ ],
  "type" : "managed",
  "resourceName" : "Vendor_portal-html5-runtime",
  "shouldSkipParametersUpdate" : false,
  "shouldSkipPlanUpdate" : false,
  "shouldSkipTagsUpdate" : false,
  "shouldSkipSyslogUrlUpdate" : false
}#
#2026 05 30 10:19:00.854#Z#DEBUG#f7aba7f1-5c10-11f1-a636-eeee0a864133.OPERATION#flowable-async-job-executor-thread-28205#
[CreateServiceStep] Service "Vendor_portal-html5-runtime" created#
#2026 05 30 10:19:00.855#Z#DEBUG#f7aba7f1-5c10-11f1-a636-eeee0a864133.OPERATION#flowable-async-job-executor-thread-28205#
[CreateServiceStep] Triggered service operations: {
  "Vendor_portal-html5-runtime" : "CREATE"
}#
#2026 05 30 10:19:00.856#Z#DEBUG#f7aba7f1-5c10-11f1-a636-eeee0a864133.OPERATION#flowable-async-job-executor-thread-28205#
Step "Create" finished#
#2026 05 30 10:19:00.711#Z#DEBUG#f7aba7f1-5c10-11f1-a636-eeee0a864133.OPERATION#flowable-async-job-executor-thread-11065#
[CreateServiceStep] Executing task "CreateServiceTask" of process "f9b38627-5c10-11f1-bcd3-eeee0a9b4b71"...#
#2026 05 30 10:19:00.715#Z#INFO#f7aba7f1-5c10-11f1-a636-eeee0a864133.OPERATION#flowable-async-job-executor-thread-11065#
[CreateServiceStep] Creating service "Vendor_portal-html5-repo-host" from MTA resource "Vendor_portal-html5-repo-host"...#
#2026 05 30 10:19:00.722#Z#DEBUG#f7aba7f1-5c10-11f1-a636-eeee0a864133.OPERATION#flowable-async-job-executor-thread-11065#
[CreateServiceStep] Creating service instance: {
  "isOptional" : false,
  "isManaged" : true,
  "name" : "Vendor_portal-html5-repo-host",
  "v3Metadata" : {
    "annotations" : {
      "mta_id" : "Vendor_portal",
      "mta_version" : "1.0.0",
      "mta_resource" : "{\"name\":\"Vendor_portal-html5-repo-host\"}"
    },
    "labels" : {
      "mta_id" : "54228c1fbfd316678aa58a19b8f339c3"
    }
  },
  "label" : "html5-apps-repo",
  "plan" : "app-host",
  "credentials" : "********",
  "tags" : [ ],
  "type" : "managed",
  "resourceName" : "Vendor_portal-html5-repo-host",
  "shouldSkipParametersUpdate" : false,
  "shouldSkipPlanUpdate" : false,
  "shouldSkipTagsUpdate" : false,
  "shouldSkipSyslogUrlUpdate" : false
}#
#2026 05 30 10:19:00.963#Z#DEBUG#f7aba7f1-5c10-11f1-a636-eeee0a864133.OPERATION#flowable-async-job-executor-thread-11065#
[CreateServiceStep] Service "Vendor_portal-html5-repo-host" created#
#2026 05 30 10:19:00.963#Z#DEBUG#f7aba7f1-5c10-11f1-a636-eeee0a864133.OPERATION#flowable-async-job-executor-thread-11065#
[CreateServiceStep] Triggered service operations: {
  "Vendor_portal-html5-repo-host" : "CREATE"
}#
#2026 05 30 10:19:00.964#Z#DEBUG#f7aba7f1-5c10-11f1-a636-eeee0a864133.OPERATION#flowable-async-job-executor-thread-11065#
Step "Create" finished#
#2026 05 30 10:19:04.196#Z#DEBUG#f7aba7f1-5c10-11f1-a636-eeee0a864133.OPERATION#flowable-async-job-executor-thread-11067#
[UpdateServiceParametersStep] Executing task "UpdateServiceParametersTask" of process "f86e3424-5c10-11f1-a636-eeee0a864133"...#
#2026 05 30 10:19:04.198#Z#DEBUG#f7aba7f1-5c10-11f1-a636-eeee0a864133.OPERATION#flowable-async-job-executor-thread-11067#
[UpdateServiceParametersStep] Polling service operations...#
#2026 05 30 10:19:04.202#Z#DEBUG#f7aba7f1-5c10-11f1-a636-eeee0a864133.OPERATION#flowable-async-job-executor-thread-11067#
[UpdateServiceParametersStep] Getting service instance "Vendor_portal-auth"...#
#2026 05 30 10:19:04.354#Z#DEBUG#f7aba7f1-5c10-11f1-a636-eeee0a864133.OPERATION#flowable-async-job-executor-thread-11067#
[UpdateServiceParametersStep] Last operation for service "Vendor_portal-auth": {
  "type" : "UPDATE",
  "description" : "",
  "state" : "SUCCEEDED"
}#
#2026 05 30 10:19:04.354#Z#DEBUG#f7aba7f1-5c10-11f1-a636-eeee0a864133.OPERATION#flowable-async-job-executor-thread-11067#
[UpdateServiceParametersStep] Service "Vendor_portal-auth" updated#
#2026 05 30 10:19:04.354#Z#INFO#f7aba7f1-5c10-11f1-a636-eeee0a864133.OPERATION#flowable-async-job-executor-thread-11067#
[UpdateServiceParametersStep] 1 of 1 done#
#2026 05 30 10:19:04.362#Z#DEBUG#f7aba7f1-5c10-11f1-a636-eeee0a864133.OPERATION#flowable-async-job-executor-thread-11067#
[UpdateServiceParametersStep] Remaining services to poll: [ ]#
#2026 05 30 10:19:04.364#Z#DEBUG#f7aba7f1-5c10-11f1-a636-eeee0a864133.OPERATION#flowable-async-job-executor-thread-11067#
Step "Update parameters" finished#
#2026 05 30 10:19:14.184#Z#DEBUG#f7aba7f1-5c10-11f1-a636-eeee0a864133.OPERATION#flowable-async-job-executor-thread-28218#
[CreateServiceStep] Executing task "CreateServiceTask" of process "f9c0f33d-5c10-11f1-a636-eeee0a864133"...#
#2026 05 30 10:19:14.184#Z#DEBUG#f7aba7f1-5c10-11f1-a636-eeee0a864133.OPERATION#flowable-async-job-executor-thread-28218#
[CreateServiceStep] Polling service operations...#
#2026 05 30 10:19:14.186#Z#DEBUG#f7aba7f1-5c10-11f1-a636-eeee0a864133.OPERATION#flowable-async-job-executor-thread-28218#
[CreateServiceStep] Getting service instance "Vendor_portal-html5-runtime"...#
#2026 05 30 10:19:14.190#Z#DEBUG#f7aba7f1-5c10-11f1-a636-eeee0a864133.OPERATION#flowable-async-job-executor-thread-28219#
[CreateServiceStep] Executing task "CreateServiceTask" of process "f9b38627-5c10-11f1-bcd3-eeee0a9b4b71"...#
#2026 05 30 10:19:14.190#Z#DEBUG#f7aba7f1-5c10-11f1-a636-eeee0a864133.OPERATION#flowable-async-job-executor-thread-28219#
[CreateServiceStep] Polling service operations...#
#2026 05 30 10:19:14.192#Z#DEBUG#f7aba7f1-5c10-11f1-a636-eeee0a864133.OPERATION#flowable-async-job-executor-thread-28219#
[CreateServiceStep] Getting service instance "Vendor_portal-html5-repo-host"...#
#2026 05 30 10:19:14.314#Z#DEBUG#f7aba7f1-5c10-11f1-a636-eeee0a864133.OPERATION#flowable-async-job-executor-thread-28219#
[CreateServiceStep] Last operation for service "Vendor_portal-html5-repo-host": {
  "type" : "CREATE",
  "description" : "",
  "state" : "SUCCEEDED"
}#
#2026 05 30 10:19:14.314#Z#DEBUG#f7aba7f1-5c10-11f1-a636-eeee0a864133.OPERATION#flowable-async-job-executor-thread-28219#
[CreateServiceStep] Service "Vendor_portal-html5-repo-host" created#
#2026 05 30 10:19:14.314#Z#INFO#f7aba7f1-5c10-11f1-a636-eeee0a864133.OPERATION#flowable-async-job-executor-thread-28219#
[CreateServiceStep] 1 of 1 done#
#2026 05 30 10:19:14.318#Z#DEBUG#f7aba7f1-5c10-11f1-a636-eeee0a864133.OPERATION#flowable-async-job-executor-thread-28218#
[CreateServiceStep] Last operation for service "Vendor_portal-html5-runtime": {
  "type" : "CREATE",
  "description" : "",
  "state" : "SUCCEEDED"
}#
#2026 05 30 10:19:14.318#Z#DEBUG#f7aba7f1-5c10-11f1-a636-eeee0a864133.OPERATION#flowable-async-job-executor-thread-28218#
[CreateServiceStep] Service "Vendor_portal-html5-runtime" created#
#2026 05 30 10:19:14.318#Z#INFO#f7aba7f1-5c10-11f1-a636-eeee0a864133.OPERATION#flowable-async-job-executor-thread-28218#
[CreateServiceStep] 1 of 1 done#
#2026 05 30 10:19:14.320#Z#DEBUG#f7aba7f1-5c10-11f1-a636-eeee0a864133.OPERATION#flowable-async-job-executor-thread-28219#
[CreateServiceStep] Remaining services to poll: [ ]#
#2026 05 30 10:19:14.321#Z#DEBUG#f7aba7f1-5c10-11f1-a636-eeee0a864133.OPERATION#flowable-async-job-executor-thread-28219#
Step "Create" finished#
#2026 05 30 10:19:14.324#Z#DEBUG#f7aba7f1-5c10-11f1-a636-eeee0a864133.OPERATION#flowable-async-job-executor-thread-28218#
[CreateServiceStep] Remaining services to poll: [ ]#
#2026 05 30 10:19:14.324#Z#DEBUG#f7aba7f1-5c10-11f1-a636-eeee0a864133.OPERATION#flowable-async-job-executor-thread-28218#
Step "Create" finished#
#2026 05 30 10:19:14.701#Z#DEBUG#f7aba7f1-5c10-11f1-a636-eeee0a864133.OPERATION#flowable-async-job-executor-thread-10269#
[PrepareModulesDeploymentStep] Executing task "prepareModulesDeploymentTask" of process "02339430-5c11-11f1-97fc-eeee0a8370ee"...#
#2026 05 30 10:19:14.701#Z#DEBUG#f7aba7f1-5c10-11f1-a636-eeee0a864133.OPERATION#flowable-async-job-executor-thread-10269#
[PrepareModulesDeploymentStep] Preparing modules deployment...#
#2026 05 30 10:19:14.707#Z#DEBUG#f7aba7f1-5c10-11f1-a636-eeee0a864133.OPERATION#flowable-async-job-executor-thread-10269#
Step "Prepare Modules Deployment" finished#
#2026 05 30 10:19:14.745#Z#DEBUG#f7aba7f1-5c10-11f1-a636-eeee0a864133.OPERATION#flowable-async-job-executor-thread-10270#
[ComputeNextModulesStep] Executing task "computeNextModulesToDeployInParallel" of process "02339430-5c11-11f1-97fc-eeee0a8370ee"...#
#2026 05 30 10:19:14.746#Z#DEBUG#f7aba7f1-5c10-11f1-a636-eeee0a864133.OPERATION#flowable-async-job-executor-thread-10270#
[ComputeNextModulesStep] Computing modules for next parallel iteration...#
#2026 05 30 10:19:14.749#Z#DEBUG#f7aba7f1-5c10-11f1-a636-eeee0a864133.OPERATION#flowable-async-job-executor-thread-10270#
[ComputeNextModulesStep] Completed modules detected: []#
#2026 05 30 10:19:14.749#Z#DEBUG#f7aba7f1-5c10-11f1-a636-eeee0a864133.OPERATION#flowable-async-job-executor-thread-10270#
[ComputeNextModulesStep] All modules for deploy detected: [Vendor_portal, Vendor_portal-destinations, Vendor_portal-app-deployer, Vendor_portal-srv, Vendor_portal-db-deployer]#
#2026 05 30 10:19:14.749#Z#DEBUG#f7aba7f1-5c10-11f1-a636-eeee0a864133.OPERATION#flowable-async-job-executor-thread-10270#
[ComputeNextModulesStep] Modules not for deploy detected: []#
#2026 05 30 10:19:14.750#Z#DEBUG#f7aba7f1-5c10-11f1-a636-eeee0a864133.OPERATION#flowable-async-job-executor-thread-10270#
[ComputeNextModulesStep] Computed modules for next parallel iteration: [ {
  "majorSchemaVersion" : 3,
  "name" : "Vendor_portal-srv",
  "type" : "javascript.nodejs",
  "path" : "Vendor_portal-srv",
  "properties" : { },
  "parameters" : {
    "app-name" : "Vendor_portal-srv",
    "buildpack" : "nodejs_buildpack",
    "default-app-name" : "Vendor_portal-srv",
    "default-host" : "a17ff4fftrial-dev-vendor-portal-srv",
    "default-instances" : 1,
    "default-live-app-name" : "Vendor_portal-srv",
    "default-live-domain" : "cfapps.us10-001.hana.ondemand.com",
    "default-live-host" : "a17ff4fftrial-dev-vendor-portal-srv",
    "default-live-uri" : "a17ff4fftrial-dev-vendor-portal-srv.cfapps.us10-001.hana.ondemand.com",
    "default-live-url" : "https://a17ff4fftrial-dev-vendor-portal-srv.cfapps.us10-001.hana.ondemand.com",
    "default-uri" : "a17ff4fftrial-dev-vendor-portal-srv.cfapps.us10-001.hana.ondemand.com",
    "default-url" : "https://a17ff4fftrial-dev-vendor-portal-srv.cfapps.us10-001.hana.ondemand.com",
    "dependency-type" : "soft",
    "domain" : "cfapps.us10-001.hana.ondemand.com",
    "generated-password" : "********",
    "generated-user" : "********",
    "host" : "a17ff4fftrial-dev-vendor-portal-srv",
    "instances" : 1,
    "protocol" : "https"
  },
  "requiredDependencies" : [ {
    "majorSchemaVersion" : 3,
    "name" : "********",
    "properties" : { },
    "parameters" : { },
    "propertiesMetadata" : {
      "metadata" : { }
    },
    "parametersMetadata" : {
      "metadata" : { }
    }
  }, {
    "majorSchemaVersion" : 3,
    "name" : "Vendor_portal-db",
    "properties" : { },
    "parameters" : { },
    "propertiesMetadata" : {
      "metadata" : { }
    },
    "parametersMetadata" : {
      "metadata" : { }
    }
  }, {
    "majorSchemaVersion" : 3,
    "name" : "Vendor_portal-destination",
    "properties" : { },
    "parameters" : { },
    "propertiesMetadata" : {
      "metadata" : { }
    },
    "parametersMetadata" : {
      "metadata" : { }
    }
  } ],
  "providedDependencies" : [ {
    "majorSchemaVersion" : 3,
    "name" : "srv-api",
    "isPublic" : false,
    "properties" : {
      "srv-url" : "https://a17ff4fftrial-dev-vendor-portal-srv.cfapps.us10-001.hana.ondemand.com"
    },
    "parameters" : { },
    "propertiesMetadata" : {
      "metadata" : { }
    },
    "parametersMetadata" : {
      "metadata" : { }
    }
  }, {
    "majorSchemaVersion" : 3,
    "name" : "Vendor_portal-srv",
    "isPublic" : false,
    "properties" : { },
    "parameters" : { },
    "propertiesMetadata" : {
      "metadata" : { }
    },
    "parametersMetadata" : {
      "metadata" : { }
    }
  } ],
  "propertiesMetadata" : {
    "metadata" : { }
  },
  "parametersMetadata" : {
    "metadata" : { }
  },
  "deployedAfter" : [ ],
  "hooks" : [ ]
}, {
  "majorSchemaVersion" : 3,
  "name" : "Vendor_portal-db-deployer",
  "type" : "com.sap.xs.hdi",
  "path" : "Vendor_portal-db-deployer",
  "properties" : {
    "EXIT" : 1
  },
  "parameters" : {
    "app-name" : "Vendor_portal-db-deployer",
    "buildpack" : "nodejs_buildpack",
    "default-app-name" : "Vendor_portal-db-deployer",
    "default-host" : "a17ff4fftrial-dev-vendor-portal-db-deployer",
    "default-instances" : 1,
    "default-live-app-name" : "Vendor_portal-db-deployer",
    "default-live-domain" : "cfapps.us10-001.hana.ondemand.com",
    "default-live-host" : "a17ff4fftrial-dev-vendor-portal-db-deployer",
    "default-live-uri" : "a17ff4fftrial-dev-vendor-portal-db-deployer.cfapps.us10-001.hana.ondemand.com",
    "default-live-url" : "https://a17ff4fftrial-dev-vendor-portal-db-deployer.cfapps.us10-001.hana.ondemand.com",
    "default-uri" : "a17ff4fftrial-dev-vendor-portal-db-deployer.cfapps.us10-001.hana.ondemand.com",
    "default-url" : "https://a17ff4fftrial-dev-vendor-portal-db-deployer.cfapps.us10-001.hana.ondemand.com",
    "dependency-type" : "hard",
    "domain" : "cfapps.us10-001.hana.ondemand.com",
    "generated-password" : "********",
    "generated-user" : "********",
    "host" : "a17ff4fftrial-dev-vendor-portal-db-deployer",
    "instances" : 1,
    "memory" : "256M",
    "no-route" : true,
    "no-start" : true,
    "protocol" : "https",
    "tasks" : [ {
      "command" : "npm start",
      "memory" : "256M",
      "name" : "deploy"
    } ]
  },
  "requiredDependencies" : [ {
    "majorSchemaVersion" : 3,
    "name" : "Vendor_portal-db",
    "properties" : { },
    "parameters" : { },
    "propertiesMetadata" : {
      "metadata" : { }
    },
    "parametersMetadata" : {
      "metadata" : { }
    }
  } ],
  "providedDependencies" : [ {
    "majorSchemaVersion" : 3,
    "name" : "Vendor_portal-db-deployer",
    "isPublic" : false,
    "properties" : { },
    "parameters" : { },
    "propertiesMetadata" : {
      "metadata" : { }
    },
    "parametersMetadata" : {
      "metadata" : { }
    }
  } ],
  "propertiesMetadata" : {
    "metadata" : { }
  },
  "parametersMetadata" : {
    "metadata" : { }
  },
  "deployedAfter" : [ ],
  "hooks" : [ ]
}, {
  "majorSchemaVersion" : 3,
  "name" : "Vendor_portal-app-deployer",
  "type" : "com.sap.application.content",
  "path" : "Vendor_portal-app-deployer",
  "properties" : { },
  "parameters" : {
    "app-name" : "Vendor_portal-app-deployer",
    "config" : {
      "destinations" : [ {
        "Authentication" : "********",
        "HTML5.DynamicDestination" : true,
        "HTML5.ForwardAuthToken" : "********",
        "Name" : "srv-api",
        "ProxyType" : "Internet",
        "Type" : "HTTP",
        "URL" : "https://a17ff4fftrial-dev-vendor-portal-srv.cfapps.us10-001.hana.ondemand.com"
      } ]
    },
    "default-app-name" : "Vendor_portal-app-deployer",
    "default-host" : "a17ff4fftrial-dev-vendor-portal-app-deployer",
    "default-instances" : 1,
    "default-live-app-name" : "Vendor_portal-app-deployer",
    "default-live-domain" : "cfapps.us10-001.hana.ondemand.com",
    "default-live-host" : "a17ff4fftrial-dev-vendor-portal-app-deployer",
    "default-live-uri" : "a17ff4fftrial-dev-vendor-portal-app-deployer.cfapps.us10-001.hana.ondemand.com",
    "default-live-url" : "https://a17ff4fftrial-dev-vendor-portal-app-deployer.cfapps.us10-001.hana.ondemand.com",
    "default-uri" : "a17ff4fftrial-dev-vendor-portal-app-deployer.cfapps.us10-001.hana.ondemand.com",
    "default-url" : "https://a17ff4fftrial-dev-vendor-portal-app-deployer.cfapps.us10-001.hana.ondemand.com",
    "dependency-type" : "soft",
    "domain" : "cfapps.us10-001.hana.ondemand.com",
    "generated-password" : "********",
    "generated-user" : "********",
    "host" : "a17ff4fftrial-dev-vendor-portal-app-deployer",
    "instances" : 1,
    "protocol" : "https"
  },
  "requiredDependencies" : [ {
    "majorSchemaVersion" : 3,
    "name" : "********",
    "properties" : { },
    "parameters" : { },
    "propertiesMetadata" : {
      "metadata" : { }
    },
    "parametersMetadata" : {
      "metadata" : { }
    }
  }, {
    "majorSchemaVersion" : 3,
    "name" : "srv-api",
    "properties" : { },
    "parameters" : { },
    "propertiesMetadata" : {
      "metadata" : { }
    },
    "parametersMetadata" : {
      "metadata" : { }
    }
  }, {
    "majorSchemaVersion" : 3,
    "name" : "Vendor_portal-html5-repo-host",
    "properties" : { },
    "parameters" : {
      "config" : {
        "HTML5Runtime_enabled" : true
      },
      "content-target" : true
    },
    "propertiesMetadata" : {
      "metadata" : { }
    },
    "parametersMetadata" : {
      "metadata" : { }
    }
  } ],
  "providedDependencies" : [ {
    "majorSchemaVersion" : 3,
    "name" : "Vendor_portal-app-deployer",
    "isPublic" : false,
    "properties" : { },
    "parameters" : { },
    "propertiesMetadata" : {
      "metadata" : { }
    },
    "parametersMetadata" : {
      "metadata" : { }
    }
  } ],
  "propertiesMetadata" : {
    "metadata" : { }
  },
  "parametersMetadata" : {
    "metadata" : { }
  },
  "deployedAfter" : [ ],
  "hooks" : [ ]
}, {
  "majorSchemaVersion" : 3,
  "name" : "Vendor_portal",
  "type" : "javascript.nodejs",
  "path" : "Vendor_portal",
  "properties" : { },
  "parameters" : {
    "app-name" : "Vendor_portal",
    "default-app-name" : "Vendor_portal",
    "default-host" : "a17ff4fftrial-dev-vendor-portal",
    "default-instances" : 1,
    "default-live-app-name" : "Vendor_portal",
    "default-live-domain" : "cfapps.us10-001.hana.ondemand.com",
    "default-live-host" : "a17ff4fftrial-dev-vendor-portal",
    "default-live-uri" : "a17ff4fftrial-dev-vendor-portal.cfapps.us10-001.hana.ondemand.com",
    "default-live-url" : "https://a17ff4fftrial-dev-vendor-portal.cfapps.us10-001.hana.ondemand.com",
    "default-uri" : "a17ff4fftrial-dev-vendor-portal.cfapps.us10-001.hana.ondemand.com",
    "default-url" : "https://a17ff4fftrial-dev-vendor-portal.cfapps.us10-001.hana.ondemand.com",
    "dependency-type" : "soft",
    "disk-quota" : "256M",
    "domain" : "cfapps.us10-001.hana.ondemand.com",
    "generated-password" : "********",
    "generated-user" : "********",
    "host" : "a17ff4fftrial-dev-vendor-portal",
    "instances" : 1,
    "keep-existing-routes" : true,
    "memory" : "256M",
    "protocol" : "https"
  },
  "requiredDependencies" : [ {
    "majorSchemaVersion" : 3,
    "name" : "srv-api",
    "group" : "destinations",
    "properties" : {
      "forwardAuthToken" : "********",
      "name" : "srv-api",
      "url" : "https://a17ff4fftrial-dev-vendor-portal-srv.cfapps.us10-001.hana.ondemand.com"
    },
    "parameters" : { },
    "propertiesMetadata" : {
      "metadata" : { }
    },
    "parametersMetadata" : {
      "metadata" : { }
    }
  }, {
    "majorSchemaVersion" : 3,
    "name" : "********",
    "properties" : { },
    "parameters" : { },
    "propertiesMetadata" : {
      "metadata" : { }
    },
    "parametersMetadata" : {
      "metadata" : { }
    }
  }, {
    "majorSchemaVersion" : 3,
    "name" : "Vendor_portal-destination",
    "properties" : { },
    "parameters" : { },
    "propertiesMetadata" : {
      "metadata" : { }
    },
    "parametersMetadata" : {
      "metadata" : { }
    }
  }, {
    "majorSchemaVersion" : 3,
    "name" : "Vendor_portal-html5-runtime",
    "properties" : { },
    "parameters" : { },
    "propertiesMetadata" : {
      "metadata" : { }
    },
    "parametersMetadata" : {
      "metadata" : { }
    }
  } ],
  "providedDependencies" : [ {
    "majorSchemaVersion" : 3,
    "name" : "app-api",
    "isPublic" : false,
    "properties" : {
      "app-protocol" : "https",
      "app-uri" : "a17ff4fftrial-dev-vendor-portal.cfapps.us10-001.hana.ondemand.com"
    },
    "parameters" : { },
    "propertiesMetadata" : {
      "metadata" : { }
    },
    "parametersMetadata" : {
      "metadata" : { }
    }
  }, {
    "majorSchemaVersion" : 3,
    "name" : "Vendor_portal",
    "isPublic" : false,
    "properties" : { },
    "parameters" : { },
    "propertiesMetadata" : {
      "metadata" : { }
    },
    "parametersMetadata" : {
      "metadata" : { }
    }
  } ],
  "propertiesMetadata" : {
    "metadata" : { }
  },
  "parametersMetadata" : {
    "metadata" : { }
  },
  "deployedAfter" : [ ],
  "hooks" : [ ]
}, {
  "majorSchemaVersion" : 3,
  "name" : "Vendor_portal-destinations",
  "type" : "com.sap.application.content",
  "properties" : { },
  "parameters" : {
    "app-name" : "Vendor_portal-destinations",
    "content" : {
      "instance" : {
        "destinations" : [ {
          "Name" : "Vendor_portal-html5-repository",
          "ServiceInstanceName" : "Vendor_portal-html5-repo-host",
          "ServiceKeyName" : "********",
          "sap.cloud.service" : "Vendor_portal.service"
        }, {
          "Authentication" : "********",
          "Name" : "********",
          "ServiceInstanceName" : "********",
          "ServiceKeyName" : "********",
          "sap.cloud.service" : "Vendor_portal.service"
        } ],
        "existing_destinations_policy" : "update"
      }
    },
    "default-app-name" : "Vendor_portal-destinations",
    "default-host" : "a17ff4fftrial-dev-vendor-portal-destinations",
    "default-instances" : 1,
    "default-live-app-name" : "Vendor_portal-destinations",
    "default-live-domain" : "cfapps.us10-001.hana.ondemand.com",
    "default-live-host" : "a17ff4fftrial-dev-vendor-portal-destinations",
    "default-live-uri" : "a17ff4fftrial-dev-vendor-portal-destinations.cfapps.us10-001.hana.ondemand.com",
    "default-live-url" : "https://a17ff4fftrial-dev-vendor-portal-destinations.cfapps.us10-001.hana.ondemand.com",
    "default-uri" : "a17ff4fftrial-dev-vendor-portal-destinations.cfapps.us10-001.hana.ondemand.com",
    "default-url" : "https://a17ff4fftrial-dev-vendor-portal-destinations.cfapps.us10-001.hana.ondemand.com",
    "dependency-type" : "soft",
    "domain" : "cfapps.us10-001.hana.ondemand.com",
    "generated-password" : "********",
    "generated-user" : "********",
    "host" : "a17ff4fftrial-dev-vendor-portal-destinations",
    "instances" : 1,
    "protocol" : "https"
  },
  "requiredDependencies" : [ {
    "majorSchemaVersion" : 3,
    "name" : "********",
    "properties" : { },
    "parameters" : {
      "service-key" : "********"
    },
    "propertiesMetadata" : {
      "metadata" : { }
    },
    "parametersMetadata" : {
      "metadata" : { }
    }
  }, {
    "majorSchemaVersion" : 3,
    "name" : "Vendor_portal-html5-repo-host",
    "properties" : { },
    "parameters" : {
      "service-key" : "********"
    },
    "propertiesMetadata" : {
      "metadata" : { }
    },
    "parametersMetadata" : {
      "metadata" : { }
    }
  }, {
    "majorSchemaVersion" : 3,
    "name" : "srv-api",
    "properties" : { },
    "parameters" : { },
    "propertiesMetadata" : {
      "metadata" : { }
    },
    "parametersMetadata" : {
      "metadata" : { }
    }
  }, {
    "majorSchemaVersion" : 3,
    "name" : "Vendor_portal-destination",
    "properties" : { },
    "parameters" : {
      "content-target" : true
    },
    "propertiesMetadata" : {
      "metadata" : { }
    },
    "parametersMetadata" : {
      "metadata" : { }
    }
  } ],
  "providedDependencies" : [ {
    "majorSchemaVersion" : 3,
    "name" : "Vendor_portal-destinations",
    "isPublic" : false,
    "properties" : { },
    "parameters" : { },
    "propertiesMetadata" : {
      "metadata" : { }
    },
    "parametersMetadata" : {
      "metadata" : { }
    }
  } ],
  "propertiesMetadata" : {
    "metadata" : { }
  },
  "parametersMetadata" : {
    "metadata" : { }
  },
  "deployedAfter" : [ ],
  "hooks" : [ ]
} ]#
#2026 05 30 10:19:14.750#Z#DEBUG#f7aba7f1-5c10-11f1-a636-eeee0a864133.OPERATION#flowable-async-job-executor-thread-10270#
Step "Compute Next Modules To Deploy" finished#
#2026 05 30 10:19:15.567#Z#DEBUG#f7aba7f1-5c10-11f1-a636-eeee0a864133.OPERATION#flowable-async-job-executor-thread-11075#
[ProcessDescriptorStep] Executing task "reprocessDescriptorTask" of process "02b2af65-5c11-11f1-bcd3-eeee0a9b4b71"...#
#2026 05 30 10:19:15.568#Z#DEBUG#f7aba7f1-5c10-11f1-a636-eeee0a864133.OPERATION#flowable-async-job-executor-thread-11075#
[ProcessDescriptorStep] Resolving properties and parameters in merged descriptor...#
#2026 05 30 10:19:15.572#Z#DEBUG#f7aba7f1-5c10-11f1-a636-eeee0a864133.OPERATION#flowable-async-job-executor-thread-11075#
[ProcessDescriptorStep] Subscriptions: [ ]#
#2026 05 30 10:19:15.582#Z#DEBUG#f7aba7f1-5c10-11f1-a636-eeee0a864133.OPERATION#flowable-async-job-executor-thread-11075#
[ProcessDescriptorStep] MTA modules: [Vendor_portal, Vendor_portal-destinations, Vendor_portal-app-deployer, Vendor_portal-srv, Vendor_portal-db-deployer]#
#2026 05 30 10:19:15.588#Z#DEBUG#f7aba7f1-5c10-11f1-a636-eeee0a864133.OPERATION#flowable-async-job-executor-thread-11075#
[ProcessDescriptorStep] Resolved deployment descriptor: {
  "majorSchemaVersion" : 3,
  "schemaVersion" : "3.3.0",
  "id" : "Vendor_portal",
  "version" : "1.0.0",
  "modules" : [ {
    "majorSchemaVersion" : 3,
    "name" : "Vendor_portal-srv",
    "type" : "javascript.nodejs",
    "path" : "Vendor_portal-srv",
    "properties" : { },
    "parameters" : {
      "default-url" : "https://a17ff4fftrial-dev-vendor-portal-srv.cfapps.us10-001.hana.ondemand.com",
      "default-app-name" : "Vendor_portal-srv",
      "generated-password" : "********",
      "default-live-url" : "https://a17ff4fftrial-dev-vendor-portal-srv.cfapps.us10-001.hana.ondemand.com",
      "default-uri" : "a17ff4fftrial-dev-vendor-portal-srv.cfapps.us10-001.hana.ondemand.com",
      "default-instances" : 1,
      "default-live-host" : "a17ff4fftrial-dev-vendor-portal-srv",
      "instances" : 1,
      "buildpack" : "nodejs_buildpack",
      "default-host" : "a17ff4fftrial-dev-vendor-portal-srv",
      "app-name" : "Vendor_portal-srv",
      "default-live-uri" : "a17ff4fftrial-dev-vendor-portal-srv.cfapps.us10-001.hana.ondemand.com",
      "protocol" : "https",
      "default-live-app-name" : "Vendor_portal-srv",
      "default-live-domain" : "cfapps.us10-001.hana.ondemand.com",
      "domain" : "cfapps.us10-001.hana.ondemand.com",
      "host" : "a17ff4fftrial-dev-vendor-portal-srv",
      "generated-user" : "********"
    },
    "requiredDependencies" : [ {
      "majorSchemaVersion" : 3,
      "name" : "********",
      "properties" : { },
      "parameters" : { },
      "propertiesMetadata" : {
        "metadata" : { }
      },
      "parametersMetadata" : {
        "metadata" : { }
      }
    }, {
      "majorSchemaVersion" : 3,
      "name" : "Vendor_portal-db",
      "properties" : { },
      "parameters" : { },
      "propertiesMetadata" : {
        "metadata" : { }
      },
      "parametersMetadata" : {
        "metadata" : { }
      }
    }, {
      "majorSchemaVersion" : 3,
      "name" : "Vendor_portal-destination",
      "properties" : { },
      "parameters" : { },
      "propertiesMetadata" : {
        "metadata" : { }
      },
      "parametersMetadata" : {
        "metadata" : { }
      }
    } ],
    "providedDependencies" : [ {
      "majorSchemaVersion" : 3,
      "name" : "srv-api",
      "isPublic" : false,
      "properties" : {
        "srv-url" : "https://a17ff4fftrial-dev-vendor-portal-srv.cfapps.us10-001.hana.ondemand.com"
      },
      "parameters" : { },
      "propertiesMetadata" : {
        "metadata" : { }
      },
      "parametersMetadata" : {
        "metadata" : { }
      }
    }, {
      "majorSchemaVersion" : 3,
      "name" : "Vendor_portal-srv",
      "isPublic" : false,
      "properties" : { },
      "parameters" : { },
      "propertiesMetadata" : {
        "metadata" : { }
      },
      "parametersMetadata" : {
        "metadata" : { }
      }
    } ],
    "propertiesMetadata" : {
      "metadata" : { }
    },
    "parametersMetadata" : {
      "metadata" : { }
    },
    "hooks" : [ ]
  }, {
    "majorSchemaVersion" : 3,
    "name" : "Vendor_portal-db-deployer",
    "type" : "com.sap.xs.hdi",
    "path" : "Vendor_portal-db-deployer",
    "properties" : {
      "EXIT" : 1
    },
    "parameters" : {
      "default-url" : "https://a17ff4fftrial-dev-vendor-portal-db-deployer.cfapps.us10-001.hana.ondemand.com",
      "default-app-name" : "Vendor_portal-db-deployer",
      "generated-password" : "********",
      "default-live-url" : "https://a17ff4fftrial-dev-vendor-portal-db-deployer.cfapps.us10-001.hana.ondemand.com",
      "default-uri" : "a17ff4fftrial-dev-vendor-portal-db-deployer.cfapps.us10-001.hana.ondemand.com",
      "memory" : "256M",
      "default-instances" : 1,
      "no-route" : true,
      "default-live-host" : "a17ff4fftrial-dev-vendor-portal-db-deployer",
      "instances" : 1,
      "buildpack" : "nodejs_buildpack",
      "default-host" : "a17ff4fftrial-dev-vendor-portal-db-deployer",
      "app-name" : "Vendor_portal-db-deployer",
      "default-live-uri" : "a17ff4fftrial-dev-vendor-portal-db-deployer.cfapps.us10-001.hana.ondemand.com",
      "protocol" : "https",
      "default-live-app-name" : "Vendor_portal-db-deployer",
      "default-live-domain" : "cfapps.us10-001.hana.ondemand.com",
      "dependency-type" : "hard",
      "domain" : "cfapps.us10-001.hana.ondemand.com",
      "host" : "a17ff4fftrial-dev-vendor-portal-db-deployer",
      "generated-user" : "********",
      "tasks" : [ {
        "command" : "npm start",
        "memory" : "256M",
        "name" : "deploy"
      } ],
      "no-start" : true
    },
    "requiredDependencies" : [ {
      "majorSchemaVersion" : 3,
      "name" : "Vendor_portal-db",
      "properties" : { },
      "parameters" : { },
      "propertiesMetadata" : {
        "metadata" : { }
      },
      "parametersMetadata" : {
        "metadata" : { }
      }
    } ],
    "providedDependencies" : [ {
      "majorSchemaVersion" : 3,
      "name" : "Vendor_portal-db-deployer",
      "isPublic" : false,
      "properties" : { },
      "parameters" : { },
      "propertiesMetadata" : {
        "metadata" : { }
      },
      "parametersMetadata" : {
        "metadata" : { }
      }
    } ],
    "propertiesMetadata" : {
      "metadata" : { }
    },
    "parametersMetadata" : {
      "metadata" : { }
    },
    "hooks" : [ ]
  }, {
    "majorSchemaVersion" : 3,
    "name" : "Vendor_portal-app-deployer",
    "type" : "com.sap.application.content",
    "path" : "Vendor_portal-app-deployer",
    "properties" : { },
    "parameters" : {
      "default-url" : "https://a17ff4fftrial-dev-vendor-portal-app-deployer.cfapps.us10-001.hana.ondemand.com",
      "default-app-name" : "Vendor_portal-app-deployer",
      "generated-password" : "********",
      "default-live-url" : "https://a17ff4fftrial-dev-vendor-portal-app-deployer.cfapps.us10-001.hana.ondemand.com",
      "default-uri" : "a17ff4fftrial-dev-vendor-portal-app-deployer.cfapps.us10-001.hana.ondemand.com",
      "default-instances" : 1,
      "default-live-host" : "a17ff4fftrial-dev-vendor-portal-app-deployer",
      "instances" : 1,
      "default-host" : "a17ff4fftrial-dev-vendor-portal-app-deployer",
      "app-name" : "Vendor_portal-app-deployer",
      "default-live-uri" : "a17ff4fftrial-dev-vendor-portal-app-deployer.cfapps.us10-001.hana.ondemand.com",
      "protocol" : "https",
      "default-live-app-name" : "Vendor_portal-app-deployer",
      "default-live-domain" : "cfapps.us10-001.hana.ondemand.com",
      "domain" : "cfapps.us10-001.hana.ondemand.com",
      "host" : "a17ff4fftrial-dev-vendor-portal-app-deployer",
      "generated-user" : "********",
      "config" : {
        "destinations" : [ {
          "Authentication" : "********",
          "HTML5.DynamicDestination" : true,
          "HTML5.ForwardAuthToken" : "********",
          "Name" : "srv-api",
          "ProxyType" : "Internet",
          "Type" : "HTTP",
          "URL" : "https://a17ff4fftrial-dev-vendor-portal-srv.cfapps.us10-001.hana.ondemand.com"
        } ]
      }
    },
    "requiredDependencies" : [ {
      "majorSchemaVersion" : 3,
      "name" : "********",
      "properties" : { },
      "parameters" : { },
      "propertiesMetadata" : {
        "metadata" : { }
      },
      "parametersMetadata" : {
        "metadata" : { }
      }
    }, {
      "majorSchemaVersion" : 3,
      "name" : "srv-api",
      "properties" : { },
      "parameters" : { },
      "propertiesMetadata" : {
        "metadata" : { }
      },
      "parametersMetadata" : {
        "metadata" : { }
      }
    }, {
      "majorSchemaVersion" : 3,
      "name" : "Vendor_portal-html5-repo-host",
      "properties" : { },
      "parameters" : {
        "config" : {
          "HTML5Runtime_enabled" : true
        },
        "content-target" : true
      },
      "propertiesMetadata" : {
        "metadata" : { }
      },
      "parametersMetadata" : {
        "metadata" : { }
      }
    } ],
    "providedDependencies" : [ {
      "majorSchemaVersion" : 3,
      "name" : "Vendor_portal-app-deployer",
      "isPublic" : false,
      "properties" : { },
      "parameters" : { },
      "propertiesMetadata" : {
        "metadata" : { }
      },
      "parametersMetadata" : {
        "metadata" : { }
      }
    } ],
    "propertiesMetadata" : {
      "metadata" : { }
    },
    "parametersMetadata" : {
      "metadata" : { }
    },
    "hooks" : [ ]
  }, {
    "majorSchemaVersion" : 3,
    "name" : "Vendor_portal",
    "type" : "javascript.nodejs",
    "path" : "Vendor_portal",
    "properties" : { },
    "parameters" : {
      "default-url" : "https://a17ff4fftrial-dev-vendor-portal.cfapps.us10-001.hana.ondemand.com",
      "default-app-name" : "Vendor_portal",
      "generated-password" : "********",
      "default-live-url" : "https://a17ff4fftrial-dev-vendor-portal.cfapps.us10-001.hana.ondemand.com",
      "default-uri" : "a17ff4fftrial-dev-vendor-portal.cfapps.us10-001.hana.ondemand.com",
      "memory" : "256M",
      "default-instances" : 1,
      "default-live-host" : "a17ff4fftrial-dev-vendor-portal",
      "instances" : 1,
      "default-host" : "a17ff4fftrial-dev-vendor-portal",
      "keep-existing-routes" : true,
      "app-name" : "Vendor_portal",
      "default-live-uri" : "a17ff4fftrial-dev-vendor-portal.cfapps.us10-001.hana.ondemand.com",
      "protocol" : "https",
      "default-live-app-name" : "Vendor_portal",
      "default-live-domain" : "cfapps.us10-001.hana.ondemand.com",
      "disk-quota" : "256M",
      "domain" : "cfapps.us10-001.hana.ondemand.com",
      "host" : "a17ff4fftrial-dev-vendor-portal",
      "generated-user" : "********"
    },
    "requiredDependencies" : [ {
      "majorSchemaVersion" : 3,
      "name" : "srv-api",
      "group" : "destinations",
      "properties" : {
        "name" : "srv-api",
        "forwardAuthToken" : "********",
        "url" : "https://a17ff4fftrial-dev-vendor-portal-srv.cfapps.us10-001.hana.ondemand.com"
      },
      "parameters" : { },
      "propertiesMetadata" : {
        "metadata" : { }
      },
      "parametersMetadata" : {
        "metadata" : { }
      }
    }, {
      "majorSchemaVersion" : 3,
      "name" : "********",
      "properties" : { },
      "parameters" : { },
      "propertiesMetadata" : {
        "metadata" : { }
      },
      "parametersMetadata" : {
        "metadata" : { }
      }
    }, {
      "majorSchemaVersion" : 3,
      "name" : "Vendor_portal-destination",
      "properties" : { },
      "parameters" : { },
      "propertiesMetadata" : {
        "metadata" : { }
      },
      "parametersMetadata" : {
        "metadata" : { }
      }
    }, {
      "majorSchemaVersion" : 3,
      "name" : "Vendor_portal-html5-runtime",
      "properties" : { },
      "parameters" : { },
      "propertiesMetadata" : {
        "metadata" : { }
      },
      "parametersMetadata" : {
        "metadata" : { }
      }
    } ],
    "providedDependencies" : [ {
      "majorSchemaVersion" : 3,
      "name" : "app-api",
      "isPublic" : false,
      "properties" : {
        "app-protocol" : "https",
        "app-uri" : "a17ff4fftrial-dev-vendor-portal.cfapps.us10-001.hana.ondemand.com"
      },
      "parameters" : { },
      "propertiesMetadata" : {
        "metadata" : { }
      },
      "parametersMetadata" : {
        "metadata" : { }
      }
    }, {
      "majorSchemaVersion" : 3,
      "name" : "Vendor_portal",
      "isPublic" : false,
      "properties" : { },
      "parameters" : { },
      "propertiesMetadata" : {
        "metadata" : { }
      },
      "parametersMetadata" : {
        "metadata" : { }
      }
    } ],
    "propertiesMetadata" : {
      "metadata" : { }
    },
    "parametersMetadata" : {
      "metadata" : { }
    },
    "hooks" : [ ]
  }, {
    "majorSchemaVersion" : 3,
    "name" : "Vendor_portal-destinations",
    "type" : "com.sap.application.content",
    "properties" : { },
    "parameters" : {
      "default-url" : "https://a17ff4fftrial-dev-vendor-portal-destinations.cfapps.us10-001.hana.ondemand.com",
      "default-app-name" : "Vendor_portal-destinations",
      "generated-password" : "********",
      "default-live-url" : "https://a17ff4fftrial-dev-vendor-portal-destinations.cfapps.us10-001.hana.ondemand.com",
      "default-uri" : "a17ff4fftrial-dev-vendor-portal-destinations.cfapps.us10-001.hana.ondemand.com",
      "default-instances" : 1,
      "default-live-host" : "a17ff4fftrial-dev-vendor-portal-destinations",
      "instances" : 1,
      "default-host" : "a17ff4fftrial-dev-vendor-portal-destinations",
      "content" : {
        "instance" : {
          "destinations" : [ {
            "Name" : "Vendor_portal-html5-repository",
            "ServiceInstanceName" : "Vendor_portal-html5-repo-host",
            "ServiceKeyName" : "********",
            "sap.cloud.service" : "Vendor_portal.service"
          }, {
            "Authentication" : "********",
            "Name" : "********",
            "ServiceInstanceName" : "********",
            "ServiceKeyName" : "********",
            "sap.cloud.service" : "Vendor_portal.service"
          } ],
          "existing_destinations_policy" : "update"
        }
      },
      "app-name" : "Vendor_portal-destinations",
      "default-live-uri" : "a17ff4fftrial-dev-vendor-portal-destinations.cfapps.us10-001.hana.ondemand.com",
      "protocol" : "https",
      "default-live-app-name" : "Vendor_portal-destinations",
      "default-live-domain" : "cfapps.us10-001.hana.ondemand.com",
      "domain" : "cfapps.us10-001.hana.ondemand.com",
      "host" : "a17ff4fftrial-dev-vendor-portal-destinations",
      "generated-user" : "********"
    },
    "requiredDependencies" : [ {
      "majorSchemaVersion" : 3,
      "name" : "********",
      "properties" : { },
      "parameters" : {
        "service-key" : "********"
      },
      "propertiesMetadata" : {
        "metadata" : { }
      },
      "parametersMetadata" : {
        "metadata" : { }
      }
    }, {
      "majorSchemaVersion" : 3,
      "name" : "Vendor_portal-html5-repo-host",
      "properties" : { },
      "parameters" : {
        "service-key" : "********"
      },
      "propertiesMetadata" : {
        "metadata" : { }
      },
      "parametersMetadata" : {
        "metadata" : { }
      }
    }, {
      "majorSchemaVersion" : 3,
      "name" : "srv-api",
      "properties" : { },
      "parameters" : { },
      "propertiesMetadata" : {
        "metadata" : { }
      },
      "parametersMetadata" : {
        "metadata" : { }
      }
    }, {
      "majorSchemaVersion" : 3,
      "name" : "Vendor_portal-destination",
      "properties" : { },
      "parameters" : {
        "content-target" : true
      },
      "propertiesMetadata" : {
        "metadata" : { }
      },
      "parametersMetadata" : {
        "metadata" : { }
      }
    } ],
    "providedDependencies" : [ {
      "majorSchemaVersion" : 3,
      "name" : "Vendor_portal-destinations",
      "isPublic" : false,
      "properties" : { },
      "parameters" : { },
      "propertiesMetadata" : {
        "metadata" : { }
      },
      "parametersMetadata" : {
        "metadata" : { }
      }
    } ],
    "propertiesMetadata" : {
      "metadata" : { }
    },
    "parametersMetadata" : {
      "metadata" : { }
    },
    "hooks" : [ ]
  } ],
  "resources" : [ {
    "majorSchemaVersion" : 3,
    "name" : "********",
    "type" : "org.cloudfoundry.managed-service",
    "properties" : { },
    "parameters" : {
      "generated-password" : "********",
      "path" : "./xs-security.json",
      "service-name" : "********",
      "service-plan" : "application",
      "service" : "xsuaa",
      "generated-user" : "********",
      "default-xsappname" : "********",
      "type" : "managed-service",
      "config" : {
        "oauth2-configuration" : "********",
        "tenant-mode" : "dedicated",
        "xsappname" : "Vendor_portal-a17ff4fftrial-dev"
      },
      "default-service-name" : "********",
      "default-container-name" : "********"
    },
    "isActive" : true,
    "isOptional" : false,
    "propertiesMetadata" : {
      "metadata" : { }
    },
    "parametersMetadata" : {
      "metadata" : { }
    },
    "requiredDependencies" : [ {
      "majorSchemaVersion" : 3,
      "name" : "app-api",
      "properties" : { },
      "parameters" : { },
      "propertiesMetadata" : {
        "metadata" : { }
      },
      "parametersMetadata" : {
        "metadata" : { }
      }
    } ],
    "processedAfter" : [ ]
  }, {
    "majorSchemaVersion" : 3,
    "name" : "Vendor_portal-db",
    "type" : "com.sap.xs.hdi-container",
    "properties" : { },
    "parameters" : {
      "generated-password" : "********",
      "service-name" : "Vendor_portal-db",
      "service-plan" : "hdi-shared",
      "service" : "hana",
      "generated-user" : "********",
      "default-xsappname" : "Vendor_portal-db",
      "type" : "managed-service",
      "default-service-name" : "Vendor_portal-db",
      "default-container-name" : "A17FF4FFTRIAL_DEV_VENDOR_PORTAL_DB"
    },
    "isActive" : true,
    "isOptional" : false,
    "propertiesMetadata" : {
      "metadata" : { }
    },
    "parametersMetadata" : {
      "metadata" : { }
    },
    "requiredDependencies" : [ ],
    "processedAfter" : [ ]
  }, {
    "majorSchemaVersion" : 3,
    "name" : "Vendor_portal-destination",
    "type" : "org.cloudfoundry.managed-service",
    "properties" : { },
    "parameters" : {
      "generated-password" : "********",
      "service-name" : "Vendor_portal-destination",
      "service-plan" : "lite",
      "service" : "destination",
      "generated-user" : "********",
      "default-xsappname" : "Vendor_portal-destination",
      "type" : "managed-service",
      "default-service-name" : "Vendor_portal-destination",
      "default-container-name" : "A17FF4FFTRIAL_DEV_VENDOR_PORTAL_DESTINATION"
    },
    "isActive" : true,
    "isOptional" : false,
    "propertiesMetadata" : {
      "metadata" : { }
    },
    "parametersMetadata" : {
      "metadata" : { }
    },
    "requiredDependencies" : [ {
      "majorSchemaVersion" : 3,
      "name" : "srv-api",
      "properties" : { },
      "parameters" : { },
      "propertiesMetadata" : {
        "metadata" : { }
      },
      "parametersMetadata" : {
        "metadata" : { }
      }
    } ],
    "processedAfter" : [ ]
  }, {
    "majorSchemaVersion" : 3,
    "name" : "Vendor_portal-html5-repo-host",
    "type" : "org.cloudfoundry.managed-service",
    "properties" : { },
    "parameters" : {
      "generated-password" : "********",
      "service-name" : "Vendor_portal-html5-repo-host",
      "service-plan" : "app-host",
      "service" : "html5-apps-repo",
      "generated-user" : "********",
      "default-xsappname" : "Vendor_portal-html5-repo-host",
      "type" : "managed-service",
      "default-service-name" : "Vendor_portal-html5-repo-host",
      "default-container-name" : "A17FF4FFTRIAL_DEV_VENDOR_PORTAL_HTML5_REPO_HOST"
    },
    "isActive" : true,
    "isOptional" : false,
    "propertiesMetadata" : {
      "metadata" : { }
    },
    "parametersMetadata" : {
      "metadata" : { }
    },
    "requiredDependencies" : [ ],
    "processedAfter" : [ ]
  }, {
    "majorSchemaVersion" : 3,
    "name" : "Vendor_portal-html5-runtime",
    "type" : "org.cloudfoundry.managed-service",
    "properties" : { },
    "parameters" : {
      "generated-password" : "********",
      "service-name" : "Vendor_portal-html5-runtime",
      "service-plan" : "app-runtime",
      "service" : "html5-apps-repo",
      "generated-user" : "********",
      "default-xsappname" : "Vendor_portal-html5-runtime",
      "type" : "managed-service",
      "default-service-name" : "Vendor_portal-html5-runtime",
      "default-container-name" : "A17FF4FFTRIAL_DEV_VENDOR_PORTAL_HTML5_RUNTIME"
    },
    "isActive" : true,
    "isOptional" : false,
    "propertiesMetadata" : {
      "metadata" : { }
    },
    "parametersMetadata" : {
      "metadata" : { }
    },
    "requiredDependencies" : [ ],
    "processedAfter" : [ ]
  } ],
  "parameters" : {
    "deploy_mode" : "html5-repo",
    "mta-id" : "Vendor_portal",
    "authorization-url" : "********",
    "org-guid" : "87b32d9e-9c3e-4c0f-a9e8-c141fcaf6941",
    "org" : "a17ff4fftrial",
    "deploy-target" : "a17ff4fftrial dev",
    "enable-parallel-deployments" : true,
    "region-primary-domain" : "us10.hana.ondemand.com",
    "space" : "dev",
    "region-domain" : "us10-001.hana.ondemand.com",
    "xs-api-url" : "https://api.cf.us10-001.hana.ondemand.com",
    "deploy-url" : "deploy-service.cfapps.us10-001.hana.ondemand.com",
    "xs-type" : "CF",
    "default-domain" : "cfapps.us10-001.hana.ondemand.com",
    "mta-version" : "1.0.0",
    "xs-auth-url" : "********",
    "space-guid" : "25c4b79f-ec1f-4f41-8212-286dd3a0616c",
    "user" : "********",
    "controller-url" : "https://api.cf.us10-001.hana.ondemand.com",
    "timestamp" : "20260530101856"
  },
  "parametersMetadata" : {
    "metadata" : { }
  }
}#
#2026 05 30 10:19:15.588#Z#DEBUG#f7aba7f1-5c10-11f1-a636-eeee0a864133.OPERATION#flowable-async-job-executor-thread-11075#
[ProcessDescriptorStep] Merged descriptor properties and parameters resolved#
#2026 05 30 10:19:15.588#Z#DEBUG#f7aba7f1-5c10-11f1-a636-eeee0a864133.OPERATION#flowable-async-job-executor-thread-11075#
Step "Re-Process Descriptor Step" finished#
#2026 05 30 10:19:15.635#Z#DEBUG#f7aba7f1-5c10-11f1-a636-eeee0a864133.OPERATION#flowable-async-job-executor-thread-11075#
[BuildApplicationDeployModelStep] Executing task "buildApplicationDeployModelTask" of process "02b2af65-5c11-11f1-bcd3-eeee0a9b4b71"...#
#2026 05 30 10:19:15.638#Z#DEBUG#f7aba7f1-5c10-11f1-a636-eeee0a864133.OPERATION#flowable-async-job-executor-thread-11075#
[BuildApplicationDeployModelStep] Building cloud deployment model for application "Vendor_portal-db-deployer"...#
#2026 05 30 10:19:15.646#Z#DEBUG#f7aba7f1-5c10-11f1-a636-eeee0a864133.OPERATION#flowable-async-job-executor-thread-11075#
[BuildApplicationDeployModelStep] No health-check-type is specified. Setting default type: port#
#2026 05 30 10:19:15.647#Z#INFO#f7aba7f1-5c10-11f1-a636-eeee0a864133.OPERATION#flowable-async-job-executor-thread-11075#
[BuildApplicationDeployModelStep] Building configuration entries for org a17ff4fftrial, space dev, spaceId 25c4b79f-ec1f-4f41-8212-286dd3a0616c and namespace null!#
#2026 05 30 10:19:15.648#Z#DEBUG#f7aba7f1-5c10-11f1-a636-eeee0a864133.OPERATION#flowable-async-job-executor-thread-11075#
[BuildApplicationDeployModelStep] Configuration entries to publish: [ ]#
#2026 05 30 10:19:15.648#Z#DEBUG#f7aba7f1-5c10-11f1-a636-eeee0a864133.OPERATION#flowable-async-job-executor-thread-11075#
[BuildApplicationDeployModelStep] Cloud deployment model for application built#
#2026 05 30 10:19:15.648#Z#DEBUG#f7aba7f1-5c10-11f1-a636-eeee0a864133.OPERATION#flowable-async-job-executor-thread-11075#
Step "Build Application Deploy Model" finished#
#2026 05 30 10:19:15.649#Z#DEBUG#f7aba7f1-5c10-11f1-a636-eeee0a864133.OPERATION#flowable-async-job-executor-thread-28212#
[ProcessDescriptorStep] Executing task "reprocessDescriptorTask" of process "02c378c4-5c11-11f1-a636-eeee0a864133"...#
#2026 05 30 10:19:15.650#Z#DEBUG#f7aba7f1-5c10-11f1-a636-eeee0a864133.OPERATION#flowable-async-job-executor-thread-28212#
[ProcessDescriptorStep] Resolving properties and parameters in merged descriptor...#
#2026 05 30 10:19:15.653#Z#DEBUG#f7aba7f1-5c10-11f1-a636-eeee0a864133.OPERATION#flowable-async-job-executor-thread-28212#
[ProcessDescriptorStep] Subscriptions: [ ]#
#2026 05 30 10:19:15.658#Z#DEBUG#f7aba7f1-5c10-11f1-a636-eeee0a864133.OPERATION#flowable-async-job-executor-thread-28212#
[ProcessDescriptorStep] MTA modules: [Vendor_portal, Vendor_portal-destinations, Vendor_portal-app-deployer, Vendor_portal-srv, Vendor_portal-db-deployer]#
#2026 05 30 10:19:15.660#Z#DEBUG#f7aba7f1-5c10-11f1-a636-eeee0a864133.OPERATION#flowable-async-job-executor-thread-28212#
[ProcessDescriptorStep] Resolved deployment descriptor: {
  "majorSchemaVersion" : 3,
  "schemaVersion" : "3.3.0",
  "id" : "Vendor_portal",
  "version" : "1.0.0",
  "modules" : [ {
    "majorSchemaVersion" : 3,
    "name" : "Vendor_portal-srv",
    "type" : "javascript.nodejs",
    "path" : "Vendor_portal-srv",
    "properties" : { },
    "parameters" : {
      "default-url" : "https://a17ff4fftrial-dev-vendor-portal-srv.cfapps.us10-001.hana.ondemand.com",
      "default-app-name" : "Vendor_portal-srv",
      "generated-password" : "********",
      "default-live-url" : "https://a17ff4fftrial-dev-vendor-portal-srv.cfapps.us10-001.hana.ondemand.com",
      "default-uri" : "a17ff4fftrial-dev-vendor-portal-srv.cfapps.us10-001.hana.ondemand.com",
      "default-instances" : 1,
      "default-live-host" : "a17ff4fftrial-dev-vendor-portal-srv",
      "instances" : 1,
      "buildpack" : "nodejs_buildpack",
      "default-host" : "a17ff4fftrial-dev-vendor-portal-srv",
      "app-name" : "Vendor_portal-srv",
      "default-live-uri" : "a17ff4fftrial-dev-vendor-portal-srv.cfapps.us10-001.hana.ondemand.com",
      "protocol" : "https",
      "default-live-app-name" : "Vendor_portal-srv",
      "default-live-domain" : "cfapps.us10-001.hana.ondemand.com",
      "domain" : "cfapps.us10-001.hana.ondemand.com",
      "host" : "a17ff4fftrial-dev-vendor-portal-srv",
      "generated-user" : "********"
    },
    "requiredDependencies" : [ {
      "majorSchemaVersion" : 3,
      "name" : "********",
      "properties" : { },
      "parameters" : { },
      "propertiesMetadata" : {
        "metadata" : { }
      },
      "parametersMetadata" : {
        "metadata" : { }
      }
    }, {
      "majorSchemaVersion" : 3,
      "name" : "Vendor_portal-db",
      "properties" : { },
      "parameters" : { },
      "propertiesMetadata" : {
        "metadata" : { }
      },
      "parametersMetadata" : {
        "metadata" : { }
      }
    }, {
      "majorSchemaVersion" : 3,
      "name" : "Vendor_portal-destination",
      "properties" : { },
      "parameters" : { },
      "propertiesMetadata" : {
        "metadata" : { }
      },
      "parametersMetadata" : {
        "metadata" : { }
      }
    } ],
    "providedDependencies" : [ {
      "majorSchemaVersion" : 3,
      "name" : "srv-api",
      "isPublic" : false,
      "properties" : {
        "srv-url" : "https://a17ff4fftrial-dev-vendor-portal-srv.cfapps.us10-001.hana.ondemand.com"
      },
      "parameters" : { },
      "propertiesMetadata" : {
        "metadata" : { }
      },
      "parametersMetadata" : {
        "metadata" : { }
      }
    }, {
      "majorSchemaVersion" : 3,
      "name" : "Vendor_portal-srv",
      "isPublic" : false,
      "properties" : { },
      "parameters" : { },
      "propertiesMetadata" : {
        "metadata" : { }
      },
      "parametersMetadata" : {
        "metadata" : { }
      }
    } ],
    "propertiesMetadata" : {
      "metadata" : { }
    },
    "parametersMetadata" : {
      "metadata" : { }
    },
    "hooks" : [ ]
  }, {
    "majorSchemaVersion" : 3,
    "name" : "Vendor_portal-db-deployer",
    "type" : "com.sap.xs.hdi",
    "path" : "Vendor_portal-db-deployer",
    "properties" : {
      "EXIT" : 1
    },
    "parameters" : {
      "default-url" : "https://a17ff4fftrial-dev-vendor-portal-db-deployer.cfapps.us10-001.hana.ondemand.com",
      "default-app-name" : "Vendor_portal-db-deployer",
      "generated-password" : "********",
      "default-live-url" : "https://a17ff4fftrial-dev-vendor-portal-db-deployer.cfapps.us10-001.hana.ondemand.com",
      "default-uri" : "a17ff4fftrial-dev-vendor-portal-db-deployer.cfapps.us10-001.hana.ondemand.com",
      "memory" : "256M",
      "default-instances" : 1,
      "no-route" : true,
      "default-live-host" : "a17ff4fftrial-dev-vendor-portal-db-deployer",
      "instances" : 1,
      "buildpack" : "nodejs_buildpack",
      "default-host" : "a17ff4fftrial-dev-vendor-portal-db-deployer",
      "app-name" : "Vendor_portal-db-deployer",
      "default-live-uri" : "a17ff4fftrial-dev-vendor-portal-db-deployer.cfapps.us10-001.hana.ondemand.com",
      "protocol" : "https",
      "default-live-app-name" : "Vendor_portal-db-deployer",
      "default-live-domain" : "cfapps.us10-001.hana.ondemand.com",
      "dependency-type" : "hard",
      "domain" : "cfapps.us10-001.hana.ondemand.com",
      "host" : "a17ff4fftrial-dev-vendor-portal-db-deployer",
      "generated-user" : "********",
      "tasks" : [ {
        "command" : "npm start",
        "memory" : "256M",
        "name" : "deploy"
      } ],
      "no-start" : true
    },
    "requiredDependencies" : [ {
      "majorSchemaVersion" : 3,
      "name" : "Vendor_portal-db",
      "properties" : { },
      "parameters" : { },
      "propertiesMetadata" : {
        "metadata" : { }
      },
      "parametersMetadata" : {
        "metadata" : { }
      }
    } ],
    "providedDependencies" : [ {
      "majorSchemaVersion" : 3,
      "name" : "Vendor_portal-db-deployer",
      "isPublic" : false,
      "properties" : { },
      "parameters" : { },
      "propertiesMetadata" : {
        "metadata" : { }
      },
      "parametersMetadata" : {
        "metadata" : { }
      }
    } ],
    "propertiesMetadata" : {
      "metadata" : { }
    },
    "parametersMetadata" : {
      "metadata" : { }
    },
    "hooks" : [ ]
  }, {
    "majorSchemaVersion" : 3,
    "name" : "Vendor_portal-app-deployer",
    "type" : "com.sap.application.content",
    "path" : "Vendor_portal-app-deployer",
    "properties" : { },
    "parameters" : {
      "default-url" : "https://a17ff4fftrial-dev-vendor-portal-app-deployer.cfapps.us10-001.hana.ondemand.com",
      "default-app-name" : "Vendor_portal-app-deployer",
      "generated-password" : "********",
      "default-live-url" : "https://a17ff4fftrial-dev-vendor-portal-app-deployer.cfapps.us10-001.hana.ondemand.com",
      "default-uri" : "a17ff4fftrial-dev-vendor-portal-app-deployer.cfapps.us10-001.hana.ondemand.com",
      "default-instances" : 1,
      "default-live-host" : "a17ff4fftrial-dev-vendor-portal-app-deployer",
      "instances" : 1,
      "default-host" : "a17ff4fftrial-dev-vendor-portal-app-deployer",
      "app-name" : "Vendor_portal-app-deployer",
      "default-live-uri" : "a17ff4fftrial-dev-vendor-portal-app-deployer.cfapps.us10-001.hana.ondemand.com",
      "protocol" : "https",
      "default-live-app-name" : "Vendor_portal-app-deployer",
      "default-live-domain" : "cfapps.us10-001.hana.ondemand.com",
      "domain" : "cfapps.us10-001.hana.ondemand.com",
      "host" : "a17ff4fftrial-dev-vendor-portal-app-deployer",
      "generated-user" : "********",
      "config" : {
        "destinations" : [ {
          "Authentication" : "********",
          "HTML5.DynamicDestination" : true,
          "HTML5.ForwardAuthToken" : "********",
          "Name" : "srv-api",
          "ProxyType" : "Internet",
          "Type" : "HTTP",
          "URL" : "https://a17ff4fftrial-dev-vendor-portal-srv.cfapps.us10-001.hana.ondemand.com"
        } ]
      }
    },
    "requiredDependencies" : [ {
      "majorSchemaVersion" : 3,
      "name" : "********",
      "properties" : { },
      "parameters" : { },
      "propertiesMetadata" : {
        "metadata" : { }
      },
      "parametersMetadata" : {
        "metadata" : { }
      }
    }, {
      "majorSchemaVersion" : 3,
      "name" : "srv-api",
      "properties" : { },
      "parameters" : { },
      "propertiesMetadata" : {
        "metadata" : { }
      },
      "parametersMetadata" : {
        "metadata" : { }
      }
    }, {
      "majorSchemaVersion" : 3,
      "name" : "Vendor_portal-html5-repo-host",
      "properties" : { },
      "parameters" : {
        "config" : {
          "HTML5Runtime_enabled" : true
        },
        "content-target" : true
      },
      "propertiesMetadata" : {
        "metadata" : { }
      },
      "parametersMetadata" : {
        "metadata" : { }
      }
    } ],
    "providedDependencies" : [ {
      "majorSchemaVersion" : 3,
      "name" : "Vendor_portal-app-deployer",
      "isPublic" : false,
      "properties" : { },
      "parameters" : { },
      "propertiesMetadata" : {
        "metadata" : { }
      },
      "parametersMetadata" : {
        "metadata" : { }
      }
    } ],
    "propertiesMetadata" : {
      "metadata" : { }
    },
    "parametersMetadata" : {
      "metadata" : { }
    },
    "hooks" : [ ]
  }, {
    "majorSchemaVersion" : 3,
    "name" : "Vendor_portal",
    "type" : "javascript.nodejs",
    "path" : "Vendor_portal",
    "properties" : { },
    "parameters" : {
      "default-url" : "https://a17ff4fftrial-dev-vendor-portal.cfapps.us10-001.hana.ondemand.com",
      "default-app-name" : "Vendor_portal",
      "generated-password" : "********",
      "default-live-url" : "https://a17ff4fftrial-dev-vendor-portal.cfapps.us10-001.hana.ondemand.com",
      "default-uri" : "a17ff4fftrial-dev-vendor-portal.cfapps.us10-001.hana.ondemand.com",
      "memory" : "256M",
      "default-instances" : 1,
      "default-live-host" : "a17ff4fftrial-dev-vendor-portal",
      "instances" : 1,
      "default-host" : "a17ff4fftrial-dev-vendor-portal",
      "keep-existing-routes" : true,
      "app-name" : "Vendor_portal",
      "default-live-uri" : "a17ff4fftrial-dev-vendor-portal.cfapps.us10-001.hana.ondemand.com",
      "protocol" : "https",
      "default-live-app-name" : "Vendor_portal",
      "default-live-domain" : "cfapps.us10-001.hana.ondemand.com",
      "disk-quota" : "256M",
      "domain" : "cfapps.us10-001.hana.ondemand.com",
      "host" : "a17ff4fftrial-dev-vendor-portal",
      "generated-user" : "********"
    },
    "requiredDependencies" : [ {
      "majorSchemaVersion" : 3,
      "name" : "srv-api",
      "group" : "destinations",
      "properties" : {
        "name" : "srv-api",
        "forwardAuthToken" : "********",
        "url" : "https://a17ff4fftrial-dev-vendor-portal-srv.cfapps.us10-001.hana.ondemand.com"
      },
      "parameters" : { },
      "propertiesMetadata" : {
        "metadata" : { }
      },
      "parametersMetadata" : {
        "metadata" : { }
      }
    }, {
      "majorSchemaVersion" : 3,
      "name" : "********",
      "properties" : { },
      "parameters" : { },
      "propertiesMetadata" : {
        "metadata" : { }
      },
      "parametersMetadata" : {
        "metadata" : { }
      }
    }, {
      "majorSchemaVersion" : 3,
      "name" : "Vendor_portal-destination",
      "properties" : { },
      "parameters" : { },
      "propertiesMetadata" : {
        "metadata" : { }
      },
      "parametersMetadata" : {
        "metadata" : { }
      }
    }, {
      "majorSchemaVersion" : 3,
      "name" : "Vendor_portal-html5-runtime",
      "properties" : { },
      "parameters" : { },
      "propertiesMetadata" : {
        "metadata" : { }
      },
      "parametersMetadata" : {
        "metadata" : { }
      }
    } ],
    "providedDependencies" : [ {
      "majorSchemaVersion" : 3,
      "name" : "app-api",
      "isPublic" : false,
      "properties" : {
        "app-protocol" : "https",
        "app-uri" : "a17ff4fftrial-dev-vendor-portal.cfapps.us10-001.hana.ondemand.com"
      },
      "parameters" : { },
      "propertiesMetadata" : {
        "metadata" : { }
      },
      "parametersMetadata" : {
        "metadata" : { }
      }
    }, {
      "majorSchemaVersion" : 3,
      "name" : "Vendor_portal",
      "isPublic" : false,
      "properties" : { },
      "parameters" : { },
      "propertiesMetadata" : {
        "metadata" : { }
      },
      "parametersMetadata" : {
        "metadata" : { }
      }
    } ],
    "propertiesMetadata" : {
      "metadata" : { }
    },
    "parametersMetadata" : {
      "metadata" : { }
    },
    "hooks" : [ ]
  }, {
    "majorSchemaVersion" : 3,
    "name" : "Vendor_portal-destinations",
    "type" : "com.sap.application.content",
    "properties" : { },
    "parameters" : {
      "default-url" : "https://a17ff4fftrial-dev-vendor-portal-destinations.cfapps.us10-001.hana.ondemand.com",
      "default-app-name" : "Vendor_portal-destinations",
      "generated-password" : "********",
      "default-live-url" : "https://a17ff4fftrial-dev-vendor-portal-destinations.cfapps.us10-001.hana.ondemand.com",
      "default-uri" : "a17ff4fftrial-dev-vendor-portal-destinations.cfapps.us10-001.hana.ondemand.com",
      "default-instances" : 1,
      "default-live-host" : "a17ff4fftrial-dev-vendor-portal-destinations",
      "instances" : 1,
      "default-host" : "a17ff4fftrial-dev-vendor-portal-destinations",
      "content" : {
        "instance" : {
          "destinations" : [ {
            "Name" : "Vendor_portal-html5-repository",
            "ServiceInstanceName" : "Vendor_portal-html5-repo-host",
            "ServiceKeyName" : "********",
            "sap.cloud.service" : "Vendor_portal.service"
          }, {
            "Authentication" : "********",
            "Name" : "********",
            "ServiceInstanceName" : "********",
            "ServiceKeyName" : "********",
            "sap.cloud.service" : "Vendor_portal.service"
          } ],
          "existing_destinations_policy" : "update"
        }
      },
      "app-name" : "Vendor_portal-destinations",
      "default-live-uri" : "a17ff4fftrial-dev-vendor-portal-destinations.cfapps.us10-001.hana.ondemand.com",
      "protocol" : "https",
      "default-live-app-name" : "Vendor_portal-destinations",
      "default-live-domain" : "cfapps.us10-001.hana.ondemand.com",
      "domain" : "cfapps.us10-001.hana.ondemand.com",
      "host" : "a17ff4fftrial-dev-vendor-portal-destinations",
      "generated-user" : "********"
    },
    "requiredDependencies" : [ {
      "majorSchemaVersion" : 3,
      "name" : "********",
      "properties" : { },
      "parameters" : {
        "service-key" : "********"
      },
      "propertiesMetadata" : {
        "metadata" : { }
      },
      "parametersMetadata" : {
        "metadata" : { }
      }
    }, {
      "majorSchemaVersion" : 3,
      "name" : "Vendor_portal-html5-repo-host",
      "properties" : { },
      "parameters" : {
        "service-key" : "********"
      },
      "propertiesMetadata" : {
        "metadata" : { }
      },
      "parametersMetadata" : {
        "metadata" : { }
      }
    }, {
      "majorSchemaVersion" : 3,
      "name" : "srv-api",
      "properties" : { },
      "parameters" : { },
      "propertiesMetadata" : {
        "metadata" : { }
      },
      "parametersMetadata" : {
        "metadata" : { }
      }
    }, {
      "majorSchemaVersion" : 3,
      "name" : "Vendor_portal-destination",
      "properties" : { },
      "parameters" : {
        "content-target" : true
      },
      "propertiesMetadata" : {
        "metadata" : { }
      },
      "parametersMetadata" : {
        "metadata" : { }
      }
    } ],
    "providedDependencies" : [ {
      "majorSchemaVersion" : 3,
      "name" : "Vendor_portal-destinations",
      "isPublic" : false,
      "properties" : { },
      "parameters" : { },
      "propertiesMetadata" : {
        "metadata" : { }
      },
      "parametersMetadata" : {
        "metadata" : { }
      }
    } ],
    "propertiesMetadata" : {
      "metadata" : { }
    },
    "parametersMetadata" : {
      "metadata" : { }
    },
    "hooks" : [ ]
  } ],
  "resources" : [ {
    "majorSchemaVersion" : 3,
    "name" : "********",
    "type" : "org.cloudfoundry.managed-service",
    "properties" : { },
    "parameters" : {
      "generated-password" : "********",
      "path" : "./xs-security.json",
      "service-name" : "********",
      "service-plan" : "application",
      "service" : "xsuaa",
      "generated-user" : "********",
      "default-xsappname" : "********",
      "type" : "managed-service",
      "config" : {
        "oauth2-configuration" : "********",
        "tenant-mode" : "dedicated",
        "xsappname" : "Vendor_portal-a17ff4fftrial-dev"
      },
      "default-service-name" : "********",
      "default-container-name" : "********"
    },
    "isActive" : true,
    "isOptional" : false,
    "propertiesMetadata" : {
      "metadata" : { }
    },
    "parametersMetadata" : {
      "metadata" : { }
    },
    "requiredDependencies" : [ {
      "majorSchemaVersion" : 3,
      "name" : "app-api",
      "properties" : { },
      "parameters" : { },
      "propertiesMetadata" : {
        "metadata" : { }
      },
      "parametersMetadata" : {
        "metadata" : { }
      }
    } ],
    "processedAfter" : [ ]
  }, {
    "majorSchemaVersion" : 3,
    "name" : "Vendor_portal-db",
    "type" : "com.sap.xs.hdi-container",
    "properties" : { },
    "parameters" : {
      "generated-password" : "********",
      "service-name" : "Vendor_portal-db",
      "service-plan" : "hdi-shared",
      "service" : "hana",
      "generated-user" : "********",
      "default-xsappname" : "Vendor_portal-db",
      "type" : "managed-service",
      "default-service-name" : "Vendor_portal-db",
      "default-container-name" : "A17FF4FFTRIAL_DEV_VENDOR_PORTAL_DB"
    },
    "isActive" : true,
    "isOptional" : false,
    "propertiesMetadata" : {
      "metadata" : { }
    },
    "parametersMetadata" : {
      "metadata" : { }
    },
    "requiredDependencies" : [ ],
    "processedAfter" : [ ]
  }, {
    "majorSchemaVersion" : 3,
    "name" : "Vendor_portal-destination",
    "type" : "org.cloudfoundry.managed-service",
    "properties" : { },
    "parameters" : {
      "generated-password" : "********",
      "service-name" : "Vendor_portal-destination",
      "service-plan" : "lite",
      "service" : "destination",
      "generated-user" : "********",
      "default-xsappname" : "Vendor_portal-destination",
      "type" : "managed-service",
      "default-service-name" : "Vendor_portal-destination",
      "default-container-name" : "A17FF4FFTRIAL_DEV_VENDOR_PORTAL_DESTINATION"
    },
    "isActive" : true,
    "isOptional" : false,
    "propertiesMetadata" : {
      "metadata" : { }
    },
    "parametersMetadata" : {
      "metadata" : { }
    },
    "requiredDependencies" : [ {
      "majorSchemaVersion" : 3,
      "name" : "srv-api",
      "properties" : { },
      "parameters" : { },
      "propertiesMetadata" : {
        "metadata" : { }
      },
      "parametersMetadata" : {
        "metadata" : { }
      }
    } ],
    "processedAfter" : [ ]
  }, {
    "majorSchemaVersion" : 3,
    "name" : "Vendor_portal-html5-repo-host",
    "type" : "org.cloudfoundry.managed-service",
    "properties" : { },
    "parameters" : {
      "generated-password" : "********",
      "service-name" : "Vendor_portal-html5-repo-host",
      "service-plan" : "app-host",
      "service" : "html5-apps-repo",
      "generated-user" : "********",
      "default-xsappname" : "Vendor_portal-html5-repo-host",
      "type" : "managed-service",
      "default-service-name" : "Vendor_portal-html5-repo-host",
      "default-container-name" : "A17FF4FFTRIAL_DEV_VENDOR_PORTAL_HTML5_REPO_HOST"
    },
    "isActive" : true,
    "isOptional" : false,
    "propertiesMetadata" : {
      "metadata" : { }
    },
    "parametersMetadata" : {
      "metadata" : { }
    },
    "requiredDependencies" : [ ],
    "processedAfter" : [ ]
  }, {
    "majorSchemaVersion" : 3,
    "name" : "Vendor_portal-html5-runtime",
    "type" : "org.cloudfoundry.managed-service",
    "properties" : { },
    "parameters" : {
      "generated-password" : "********",
      "service-name" : "Vendor_portal-html5-runtime",
      "service-plan" : "app-runtime",
      "service" : "html5-apps-repo",
      "generated-user" : "********",
      "default-xsappname" : "Vendor_portal-html5-runtime",
      "type" : "managed-service",
      "default-service-name" : "Vendor_portal-html5-runtime",
      "default-container-name" : "A17FF4FFTRIAL_DEV_VENDOR_PORTAL_HTML5_RUNTIME"
    },
    "isActive" : true,
    "isOptional" : false,
    "propertiesMetadata" : {
      "metadata" : { }
    },
    "parametersMetadata" : {
      "metadata" : { }
    },
    "requiredDependencies" : [ ],
    "processedAfter" : [ ]
  } ],
  "parameters" : {
    "deploy_mode" : "html5-repo",
    "mta-id" : "Vendor_portal",
    "authorization-url" : "********",
    "org-guid" : "87b32d9e-9c3e-4c0f-a9e8-c141fcaf6941",
    "org" : "a17ff4fftrial",
    "deploy-target" : "a17ff4fftrial dev",
    "enable-parallel-deployments" : true,
    "region-primary-domain" : "us10.hana.ondemand.com",
    "space" : "dev",
    "region-domain" : "us10-001.hana.ondemand.com",
    "xs-api-url" : "https://api.cf.us10-001.hana.ondemand.com",
    "deploy-url" : "deploy-service.cfapps.us10-001.hana.ondemand.com",
    "xs-type" : "CF",
    "default-domain" : "cfapps.us10-001.hana.ondemand.com",
    "mta-version" : "1.0.0",
    "xs-auth-url" : "********",
    "space-guid" : "25c4b79f-ec1f-4f41-8212-286dd3a0616c",
    "user" : "********",
    "controller-url" : "https://api.cf.us10-001.hana.ondemand.com",
    "timestamp" : "20260530101856"
  },
  "parametersMetadata" : {
    "metadata" : { }
  }
}#
#2026 05 30 10:19:15.660#Z#DEBUG#f7aba7f1-5c10-11f1-a636-eeee0a864133.OPERATION#flowable-async-job-executor-thread-28212#
[ProcessDescriptorStep] Merged descriptor properties and parameters resolved#
#2026 05 30 10:19:15.660#Z#DEBUG#f7aba7f1-5c10-11f1-a636-eeee0a864133.OPERATION#flowable-async-job-executor-thread-28212#
Step "Re-Process Descriptor Step" finished#
#2026 05 30 10:19:15.685#Z#DEBUG#f7aba7f1-5c10-11f1-a636-eeee0a864133.OPERATION#flowable-async-job-executor-thread-28212#
[BuildApplicationDeployModelStep] Executing task "buildApplicationDeployModelTask" of process "02c378c4-5c11-11f1-a636-eeee0a864133"...#
#2026 05 30 10:19:15.686#Z#DEBUG#f7aba7f1-5c10-11f1-a636-eeee0a864133.OPERATION#flowable-async-job-executor-thread-28212#
[BuildApplicationDeployModelStep] Building cloud deployment model for application "Vendor_portal-srv"...#
#2026 05 30 10:19:15.690#Z#DEBUG#f7aba7f1-5c10-11f1-a636-eeee0a864133.OPERATION#flowable-async-job-executor-thread-28212#
[BuildApplicationDeployModelStep] No health-check-type is specified. Setting default type: port#
#2026 05 30 10:19:15.690#Z#INFO#f7aba7f1-5c10-11f1-a636-eeee0a864133.OPERATION#flowable-async-job-executor-thread-28212#
[BuildApplicationDeployModelStep] Building configuration entries for org a17ff4fftrial, space dev, spaceId 25c4b79f-ec1f-4f41-8212-286dd3a0616c and namespace null!#
#2026 05 30 10:19:15.691#Z#DEBUG#f7aba7f1-5c10-11f1-a636-eeee0a864133.OPERATION#flowable-async-job-executor-thread-28212#
[BuildApplicationDeployModelStep] Configuration entries to publish: [ ]#
#2026 05 30 10:19:15.691#Z#DEBUG#f7aba7f1-5c10-11f1-a636-eeee0a864133.OPERATION#flowable-async-job-executor-thread-28212#
[BuildApplicationDeployModelStep] Cloud deployment model for application built#
#2026 05 30 10:19:15.691#Z#DEBUG#f7aba7f1-5c10-11f1-a636-eeee0a864133.OPERATION#flowable-async-job-executor-thread-28212#
Step "Build Application Deploy Model" finished#
#2026 05 30 10:19:15.722#Z#DEBUG#f7aba7f1-5c10-11f1-a636-eeee0a864133.OPERATION#flowable-async-job-executor-thread-28212#
[CreateOrUpdateAppStep] Executing task "createAppTask" of process "02c378c4-5c11-11f1-a636-eeee0a864133"...#
#2026 05 30 10:19:15.725#Z#DEBUG#f7aba7f1-5c10-11f1-a636-eeee0a864133.OPERATION#flowable-async-job-executor-thread-28212#
[CreateOrUpdateAppStep] Getting application "Vendor_portal-srv"...#
#2026 05 30 10:19:15.767#Z#INFO#f7aba7f1-5c10-11f1-a636-eeee0a864133.OPERATION#flowable-async-job-executor-thread-28212#
[CreateOrUpdateAppStep] Updating application "Vendor_portal-srv"...#
#2026 05 30 10:19:15.774#Z#DEBUG#f7aba7f1-5c10-11f1-a636-eeee0a864133.OPERATION#flowable-async-job-executor-thread-28212#
[CreateOrUpdateAppStep] Getting process for application "f3610358-e791-4b3a-8047-269077eb9aff"...#
#2026 05 30 10:19:15.808#Z#DEBUG#f7aba7f1-5c10-11f1-a636-eeee0a864133.OPERATION#flowable-async-job-executor-thread-28212#
[CreateOrUpdateAppStep] Getting routes for application "f3610358-e791-4b3a-8047-269077eb9aff"...#
#2026 05 30 10:19:15.848#Z#DEBUG#f7aba7f1-5c10-11f1-a636-eeee0a864133.OPERATION#flowable-async-job-executor-thread-28212#
[CreateOrUpdateAppStep] Getting features for application "f3610358-e791-4b3a-8047-269077eb9aff"#
#2026 05 30 10:19:15.869#Z#DEBUG#f7aba7f1-5c10-11f1-a636-eeee0a864133.OPERATION#flowable-async-job-executor-thread-28212#
[CreateOrUpdateAppStep] Updating staging of application "Vendor_portal-srv" to: {
  "buildpacks" : [ "nodejs_buildpack" ],
  "healthCheckType" : "port",
  "appFeatures" : { }
}#
#2026 05 30 10:19:16.044#Z#DEBUG#f7aba7f1-5c10-11f1-a636-eeee0a864133.OPERATION#flowable-async-job-executor-thread-28212#
[CreateOrUpdateAppStep] Application "Vendor_portal-srv" updated#
#2026 05 30 10:19:16.044#Z#DEBUG#f7aba7f1-5c10-11f1-a636-eeee0a864133.OPERATION#flowable-async-job-executor-thread-28212#
[CreateOrUpdateAppStep] Getting environment of application "f3610358-e791-4b3a-8047-269077eb9aff"...#
#2026 05 30 10:19:16.110#Z#DEBUG#f7aba7f1-5c10-11f1-a636-eeee0a864133.OPERATION#flowable-async-job-executor-thread-28212#
[CreateOrUpdateAppStep] Application "Vendor_portal-srv" updated#
#2026 05 30 10:19:16.110#Z#DEBUG#f7aba7f1-5c10-11f1-a636-eeee0a864133.OPERATION#flowable-async-job-executor-thread-28212#
Step "Create App" finished#
#2026 05 30 10:19:15.705#Z#DEBUG#f7aba7f1-5c10-11f1-a636-eeee0a864133.OPERATION#flowable-async-job-executor-thread-11075#
[CreateOrUpdateAppStep] Executing task "createAppTask" of process "02b2af65-5c11-11f1-bcd3-eeee0a9b4b71"...#
#2026 05 30 10:19:15.710#Z#DEBUG#f7aba7f1-5c10-11f1-a636-eeee0a864133.OPERATION#flowable-async-job-executor-thread-11075#
[CreateOrUpdateAppStep] Getting application "Vendor_portal-db-deployer"...#
#2026 05 30 10:19:15.749#Z#INFO#f7aba7f1-5c10-11f1-a636-eeee0a864133.OPERATION#flowable-async-job-executor-thread-11075#
[CreateOrUpdateAppStep] Updating application "Vendor_portal-db-deployer"...#
#2026 05 30 10:19:15.759#Z#DEBUG#f7aba7f1-5c10-11f1-a636-eeee0a864133.OPERATION#flowable-async-job-executor-thread-11075#
[CreateOrUpdateAppStep] Getting process for application "718baf92-0d5b-4a96-b0c8-87425390867d"...#
#2026 05 30 10:19:15.796#Z#DEBUG#f7aba7f1-5c10-11f1-a636-eeee0a864133.OPERATION#flowable-async-job-executor-thread-11075#
[CreateOrUpdateAppStep] Getting routes for application "718baf92-0d5b-4a96-b0c8-87425390867d"...#
#2026 05 30 10:19:15.826#Z#DEBUG#f7aba7f1-5c10-11f1-a636-eeee0a864133.OPERATION#flowable-async-job-executor-thread-11075#
[CreateOrUpdateAppStep] Getting features for application "718baf92-0d5b-4a96-b0c8-87425390867d"#
#2026 05 30 10:19:15.849#Z#DEBUG#f7aba7f1-5c10-11f1-a636-eeee0a864133.OPERATION#flowable-async-job-executor-thread-11075#
[CreateOrUpdateAppStep] Updating staging of application "Vendor_portal-db-deployer" to: {
  "buildpacks" : [ "nodejs_buildpack" ],
  "healthCheckType" : "port",
  "appFeatures" : { }
}#
#2026 05 30 10:19:16.057#Z#DEBUG#f7aba7f1-5c10-11f1-a636-eeee0a864133.OPERATION#flowable-async-job-executor-thread-11075#
[CreateOrUpdateAppStep] Application "Vendor_portal-db-deployer" updated#
#2026 05 30 10:19:16.057#Z#DEBUG#f7aba7f1-5c10-11f1-a636-eeee0a864133.OPERATION#flowable-async-job-executor-thread-11075#
[CreateOrUpdateAppStep] Getting environment of application "718baf92-0d5b-4a96-b0c8-87425390867d"...#
#2026 05 30 10:19:16.130#Z#DEBUG#f7aba7f1-5c10-11f1-a636-eeee0a864133.OPERATION#flowable-async-job-executor-thread-11075#
[CreateOrUpdateAppStep] Application "Vendor_portal-db-deployer" updated#
#2026 05 30 10:19:16.130#Z#DEBUG#f7aba7f1-5c10-11f1-a636-eeee0a864133.OPERATION#flowable-async-job-executor-thread-11075#
Step "Create App" finished#
#2026 05 30 10:19:16.205#Z#DEBUG#f7aba7f1-5c10-11f1-a636-eeee0a864133.OPERATION#flowable-async-job-executor-thread-28214#
[CheckServiceBindingOperationStep] Executing task "checkForServiceBindingOperationInProgress" of process "031ce2c1-5c11-11f1-a636-eeee0a864133"...#
#2026 05 30 10:19:16.205#Z#DEBUG#f7aba7f1-5c10-11f1-a636-eeee0a864133.OPERATION#flowable-async-job-executor-thread-28214#
[CheckServiceBindingOperationStep] Checking for service binding operation in progress between app "Vendor_portal-srv" and service instance "Vendor_portal-db"#
#2026 05 30 10:19:16.206#Z#DEBUG#f7aba7f1-5c10-11f1-a636-eeee0a864133.OPERATION#flowable-async-job-executor-thread-28214#
[CheckServiceBindingOperationStep] Getting application guid "Vendor_portal-srv"...#
#2026 05 30 10:19:16.244#Z#DEBUG#f7aba7f1-5c10-11f1-a636-eeee0a864133.OPERATION#flowable-async-job-executor-thread-28214#
[CheckServiceBindingOperationStep] Getting GUID of required service instance "Vendor_portal-db"...#
#2026 05 30 10:19:16.274#Z#DEBUG#f7aba7f1-5c10-11f1-a636-eeee0a864133.OPERATION#flowable-async-job-executor-thread-28214#
[CheckServiceBindingOperationStep] Getting binding of service instance "adcecc63-16ef-49a6-bfe4-ceb5945703c3" with application "f3610358-e791-4b3a-8047-269077eb9aff"...#
#2026 05 30 10:19:16.304#Z#DEBUG#f7aba7f1-5c10-11f1-a636-eeee0a864133.OPERATION#flowable-async-job-executor-thread-28214#
[CheckServiceBindingOperationStep] Service binding operation "a5bd1537-c924-4750-b1d4-71af7d933ffc" with type "create" is in state "succeeded"#
#2026 05 30 10:19:16.304#Z#DEBUG#f7aba7f1-5c10-11f1-a636-eeee0a864133.OPERATION#flowable-async-job-executor-thread-28214#
Step "Check For Service Binding Operation In Progress" finished#
#2026 05 30 10:19:16.263#Z#DEBUG#f7aba7f1-5c10-11f1-a636-eeee0a864133.OPERATION#flowable-async-job-executor-thread-11075#
[CheckServiceBindingOperationStep] Executing task "checkForServiceBindingOperationInProgress" of process "0323e818-5c11-11f1-bcd3-eeee0a9b4b71"...#
#2026 05 30 10:19:16.264#Z#DEBUG#f7aba7f1-5c10-11f1-a636-eeee0a864133.OPERATION#flowable-async-job-executor-thread-11075#
[CheckServiceBindingOperationStep] Checking for service binding operation in progress between app "Vendor_portal-db-deployer" and service instance "Vendor_portal-db"#
#2026 05 30 10:19:16.265#Z#DEBUG#f7aba7f1-5c10-11f1-a636-eeee0a864133.OPERATION#flowable-async-job-executor-thread-11075#
[CheckServiceBindingOperationStep] Getting application guid "Vendor_portal-db-deployer"...#
#2026 05 30 10:19:16.307#Z#DEBUG#f7aba7f1-5c10-11f1-a636-eeee0a864133.OPERATION#flowable-async-job-executor-thread-11075#
[CheckServiceBindingOperationStep] Getting GUID of required service instance "Vendor_portal-db"...#
#2026 05 30 10:19:16.343#Z#DEBUG#f7aba7f1-5c10-11f1-a636-eeee0a864133.OPERATION#flowable-async-job-executor-thread-11075#
[CheckServiceBindingOperationStep] Getting binding of service instance "adcecc63-16ef-49a6-bfe4-ceb5945703c3" with application "718baf92-0d5b-4a96-b0c8-87425390867d"...#
#2026 05 30 10:19:16.372#Z#DEBUG#f7aba7f1-5c10-11f1-a636-eeee0a864133.OPERATION#flowable-async-job-executor-thread-11075#
[CheckServiceBindingOperationStep] Service binding operation "de713ab4-a1c7-46dd-94ce-18ce6a88fdcb" with type "create" is in state "succeeded"#
#2026 05 30 10:19:16.372#Z#DEBUG#f7aba7f1-5c10-11f1-a636-eeee0a864133.OPERATION#flowable-async-job-executor-thread-11075#
Step "Check For Service Binding Operation In Progress" finished#
#2026 05 30 10:19:14.909#Z#DEBUG#f7aba7f1-5c10-11f1-a636-eeee0a864133.OPERATION#flowable-async-job-executor-thread-10273#
[BuildContentDeploymentConfigurationStep] Executing task "buildContentDeploymentConfigurationTask" of process "02517d52-5c11-11f1-97fc-eeee0a8370ee"...#
#2026 05 30 10:19:14.915#Z#DEBUG#f7aba7f1-5c10-11f1-a636-eeee0a864133.OPERATION#ForkJoinPool-124-worker-1#
[BuildContentDeploymentConfigurationStep] Getting service key "Vendor_portal-app-deployer-Vendor_portal-html5-repo-host-credentials" for service instance "Vendor_portal-html5-repo-host"...#
#2026 05 30 10:19:14.915#Z#DEBUG#f7aba7f1-5c10-11f1-a636-eeee0a864133.OPERATION#ForkJoinPool-124-worker-2#
[BuildContentDeploymentConfigurationStep] Getting service key "Vendor_portal-app-deployer-Vendor_portal-auth-credentials" for service instance "Vendor_portal-auth"...#
#2026 05 30 10:19:15.070#Z#INFO#f7aba7f1-5c10-11f1-a636-eeee0a864133.OPERATION#ForkJoinPool-124-worker-1#
[BuildContentDeploymentConfigurationStep] Creating service key "Vendor_portal-app-deployer-Vendor_portal-html5-repo-host-credentials" for service instance "Vendor_portal-html5-repo-host"...#
#2026 05 30 10:19:15.072#Z#INFO#f7aba7f1-5c10-11f1-a636-eeee0a864133.OPERATION#ForkJoinPool-124-worker-2#
[BuildContentDeploymentConfigurationStep] Creating service key "Vendor_portal-app-deployer-Vendor_portal-auth-credentials" for service instance "Vendor_portal-auth"...#
#2026 05 30 10:19:15.076#Z#DEBUG#f7aba7f1-5c10-11f1-a636-eeee0a864133.OPERATION#ForkJoinPool-124-worker-1#
[BuildContentDeploymentConfigurationStep] Creating service key "Vendor_portal-app-deployer-Vendor_portal-html5-repo-host-credentials" for service instance "Vendor_portal-html5-repo-host" with parameters: {
  "service_key_type" : "********"
}#
#2026 05 30 10:19:15.078#Z#DEBUG#f7aba7f1-5c10-11f1-a636-eeee0a864133.OPERATION#ForkJoinPool-124-worker-2#
[BuildContentDeploymentConfigurationStep] Creating service key "Vendor_portal-app-deployer-Vendor_portal-auth-credentials" for service instance "Vendor_portal-auth" with parameters: { }#
#2026 05 30 10:19:16.408#Z#DEBUG#f7aba7f1-5c10-11f1-a636-eeee0a864133.OPERATION#ForkJoinPool-124-worker-1#
[BuildContentDeploymentConfigurationStep] Service key "Vendor_portal-app-deployer-Vendor_portal-html5-repo-host-credentials" created#
#2026 05 30 10:19:16.426#Z#DEBUG#f7aba7f1-5c10-11f1-a636-eeee0a864133.OPERATION#ForkJoinPool-124-worker-2#
[BuildContentDeploymentConfigurationStep] Service key "Vendor_portal-app-deployer-Vendor_portal-auth-credentials" created#
#2026 05 30 10:19:16.426#Z#DEBUG#f7aba7f1-5c10-11f1-a636-eeee0a864133.OPERATION#flowable-async-job-executor-thread-10273#
Step "Build Content Deployment Configuration" finished#
#2026 05 30 10:19:16.327#Z#DEBUG#f7aba7f1-5c10-11f1-a636-eeee0a864133.OPERATION#flowable-async-job-executor-thread-28214#
[DetermineApplicationServiceBindingActionsStep] Executing task "determineApplicationServiceBindingActionsTask" of process "031ce2c1-5c11-11f1-a636-eeee0a864133"...#
#2026 05 30 10:19:16.328#Z#DEBUG#f7aba7f1-5c10-11f1-a636-eeee0a864133.OPERATION#flowable-async-job-executor-thread-28214#
[DetermineApplicationServiceBindingActionsStep] Determine bind/unbind operations of application "Vendor_portal-srv" to service instance "Vendor_portal-db"#
#2026 05 30 10:19:16.328#Z#DEBUG#f7aba7f1-5c10-11f1-a636-eeee0a864133.OPERATION#flowable-async-job-executor-thread-28214#
[DetermineApplicationServiceBindingActionsStep] Getting application "Vendor_portal-srv"...#
#2026 05 30 10:19:16.367#Z#DEBUG#f7aba7f1-5c10-11f1-a636-eeee0a864133.OPERATION#flowable-async-job-executor-thread-28214#
[DetermineApplicationServiceBindingActionsStep] Binding parameters for application "Vendor_portal-srv": { }#
#2026 05 30 10:19:16.398#Z#DEBUG#f7aba7f1-5c10-11f1-a636-eeee0a864133.OPERATION#flowable-async-job-executor-thread-28214#
[DetermineApplicationServiceBindingActionsStep] Check should rebind application "Vendor_portal-srv" and service instance "Vendor_portal-db"#
#2026 05 30 10:19:16.398#Z#DEBUG#f7aba7f1-5c10-11f1-a636-eeee0a864133.OPERATION#flowable-async-job-executor-thread-28214#
[DetermineApplicationServiceBindingActionsStep] Getting GUID of required service instance "Vendor_portal-db"...#
#2026 05 30 10:19:16.429#Z#DEBUG#f7aba7f1-5c10-11f1-a636-eeee0a864133.OPERATION#flowable-async-job-executor-thread-28214#
[DetermineApplicationServiceBindingActionsStep] Getting binding of service instance "adcecc63-16ef-49a6-bfe4-ceb5945703c3" with application "f3610358-e791-4b3a-8047-269077eb9aff"...#
#2026 05 30 10:19:16.457#Z#DEBUG#f7aba7f1-5c10-11f1-a636-eeee0a864133.OPERATION#flowable-async-job-executor-thread-28214#
[DetermineApplicationServiceBindingActionsStep] Getting parameters of service binding "a5bd1537-c924-4750-b1d4-71af7d933ffc"...#
#2026 05 30 10:19:16.631#Z#INFO#f7aba7f1-5c10-11f1-a636-eeee0a864133.OPERATION#flowable-async-job-executor-thread-28214#
[DetermineApplicationServiceBindingActionsStep] Service instance "Vendor_portal-db" will not be rebound to application "Vendor_portal-srv" because the binding parameters are not modified#
#2026 05 30 10:19:16.636#Z#DEBUG#f7aba7f1-5c10-11f1-a636-eeee0a864133.OPERATION#flowable-async-job-executor-thread-28214#
[DetermineApplicationServiceBindingActionsStep] Calculated binding operations between application "Vendor_portal-srv" and service instance "Vendor_portal-db": unbind - false bind - false#
#2026 05 30 10:19:16.636#Z#DEBUG#f7aba7f1-5c10-11f1-a636-eeee0a864133.OPERATION#flowable-async-job-executor-thread-28214#
Step "Determine Application Service Binding Actions" finished#
#2026 05 30 10:19:16.430#Z#DEBUG#f7aba7f1-5c10-11f1-a636-eeee0a864133.OPERATION#flowable-async-job-executor-thread-10273#
[CreateContentDeployClientConfigurationStep] Executing task "createContentDeployClientConfigurationTask" of process "0345a068-5c11-11f1-97fc-eeee0a8370ee"...#
#2026 05 30 10:19:16.431#Z#DEBUG#f7aba7f1-5c10-11f1-a636-eeee0a864133.OPERATION#flowable-async-job-executor-thread-10273#
[CreateContentDeployClientConfigurationStep] Content deployer client configuration: {
  "contentDeployerUrl" : "https://html5-apps-repo-dt.cfapps.us10.hana.ondemand.com",
  "uaaClientConfiguration" : {
    "url" : "********",
    "credentials" : "********",
    "authenticationStrategyType" : "********"
  },
  "httpRequestHeaders" : {
    "X-CorrelationID" : "f7aba7f1-5c10-11f1-a636-eeee0a864133"
  },
  "spaceId" : "25c4b79f-ec1f-4f41-8212-286dd3a0616c",
  "serviceName" : "Vendor_portal-html5-repo-host"
}#
#2026 05 30 10:19:16.729#Z#DEBUG#f7aba7f1-5c10-11f1-a636-eeee0a864133.OPERATION#flowable-async-job-executor-thread-10273#
Step "Create Content Deploy Client Configuration" finished#
#2026 05 30 10:19:16.731#Z#DEBUG#f7aba7f1-5c10-11f1-a636-eeee0a864133.OPERATION#flowable-async-job-executor-thread-10273#
[GetContentFromDeploymentDescriptorStep] Executing task "getContentFromDeploymentDescriptorTask" of process "0345a068-5c11-11f1-97fc-eeee0a8370ee"...#
#2026 05 30 10:19:16.731#Z#DEBUG#f7aba7f1-5c10-11f1-a636-eeee0a864133.OPERATION#flowable-async-job-executor-thread-10273#
Step "Get Content From Deployment Descriptor" finished#
#2026 05 30 10:19:16.421#Z#DEBUG#f7aba7f1-5c10-11f1-a636-eeee0a864133.OPERATION#flowable-async-job-executor-thread-11075#
[DetermineApplicationServiceBindingActionsStep] Executing task "determineApplicationServiceBindingActionsTask" of process "0323e818-5c11-11f1-bcd3-eeee0a9b4b71"...#
#2026 05 30 10:19:16.425#Z#DEBUG#f7aba7f1-5c10-11f1-a636-eeee0a864133.OPERATION#flowable-async-job-executor-thread-11075#
[DetermineApplicationServiceBindingActionsStep] Determine bind/unbind operations of application "Vendor_portal-db-deployer" to service instance "Vendor_portal-db"#
#2026 05 30 10:19:16.425#Z#DEBUG#f7aba7f1-5c10-11f1-a636-eeee0a864133.OPERATION#flowable-async-job-executor-thread-11075#
[DetermineApplicationServiceBindingActionsStep] Getting application "Vendor_portal-db-deployer"...#
#2026 05 30 10:19:16.483#Z#DEBUG#f7aba7f1-5c10-11f1-a636-eeee0a864133.OPERATION#flowable-async-job-executor-thread-11075#
[DetermineApplicationServiceBindingActionsStep] Binding parameters for application "Vendor_portal-db-deployer": { }#
#2026 05 30 10:19:16.515#Z#DEBUG#f7aba7f1-5c10-11f1-a636-eeee0a864133.OPERATION#flowable-async-job-executor-thread-11075#
[DetermineApplicationServiceBindingActionsStep] Check should rebind application "Vendor_portal-db-deployer" and service instance "Vendor_portal-db"#
#2026 05 30 10:19:16.515#Z#DEBUG#f7aba7f1-5c10-11f1-a636-eeee0a864133.OPERATION#flowable-async-job-executor-thread-11075#
[DetermineApplicationServiceBindingActionsStep] Getting GUID of required service instance "Vendor_portal-db"...#
#2026 05 30 10:19:16.549#Z#DEBUG#f7aba7f1-5c10-11f1-a636-eeee0a864133.OPERATION#flowable-async-job-executor-thread-11075#
[DetermineApplicationServiceBindingActionsStep] Getting binding of service instance "adcecc63-16ef-49a6-bfe4-ceb5945703c3" with application "718baf92-0d5b-4a96-b0c8-87425390867d"...#
#2026 05 30 10:19:16.596#Z#DEBUG#f7aba7f1-5c10-11f1-a636-eeee0a864133.OPERATION#flowable-async-job-executor-thread-11075#
[DetermineApplicationServiceBindingActionsStep] Getting parameters of service binding "de713ab4-a1c7-46dd-94ce-18ce6a88fdcb"...#
#2026 05 30 10:19:16.796#Z#INFO#f7aba7f1-5c10-11f1-a636-eeee0a864133.OPERATION#flowable-async-job-executor-thread-11075#
[DetermineApplicationServiceBindingActionsStep] Service instance "Vendor_portal-db" will not be rebound to application "Vendor_portal-db-deployer" because the binding parameters are not modified#
#2026 05 30 10:19:16.804#Z#DEBUG#f7aba7f1-5c10-11f1-a636-eeee0a864133.OPERATION#flowable-async-job-executor-thread-11075#
[DetermineApplicationServiceBindingActionsStep] Calculated binding operations between application "Vendor_portal-db-deployer" and service instance "Vendor_portal-db": unbind - false bind - false#
#2026 05 30 10:19:16.804#Z#DEBUG#f7aba7f1-5c10-11f1-a636-eeee0a864133.OPERATION#flowable-async-job-executor-thread-11075#
Step "Determine Application Service Binding Actions" finished#
#2026 05 30 10:19:16.971#Z#DEBUG#f7aba7f1-5c10-11f1-a636-eeee0a864133.OPERATION#flowable-async-job-executor-thread-11075#
[DetermineVcapServicesPropertiesChangedStep] Executing task "determineVcapServicesPropertiesChangedTask" of process "038dcc92-5c11-11f1-bcd3-eeee0a9b4b71"...#
#2026 05 30 10:19:16.976#Z#DEBUG#f7aba7f1-5c10-11f1-a636-eeee0a864133.OPERATION#flowable-async-job-executor-thread-11075#
[DetermineVcapServicesPropertiesChangedStep] VCAP_SERVICES properties for application "Vendor_portal-db-deployer" changed: false#
#2026 05 30 10:19:16.976#Z#DEBUG#f7aba7f1-5c10-11f1-a636-eeee0a864133.OPERATION#flowable-async-job-executor-thread-11075#
Step "Determine vcap services properties changed" finished#
#2026 05 30 10:19:17.020#Z#DEBUG#f7aba7f1-5c10-11f1-a636-eeee0a864133.OPERATION#flowable-async-job-executor-thread-11075#
[UploadAppStep] Executing task "uploadAppTask" of process "038dcc92-5c11-11f1-bcd3-eeee0a9b4b71"...#
#2026 05 30 10:19:17.024#Z#DEBUG#f7aba7f1-5c10-11f1-a636-eeee0a864133.OPERATION#flowable-async-job-executor-thread-11075#
[UploadAppStep] Application upload timeout is default one: 3,600 seconds#
#2026 05 30 10:19:17.024#Z#INFO#f7aba7f1-5c10-11f1-a636-eeee0a864133.OPERATION#flowable-async-job-executor-thread-11075#
[UploadAppStep] Uploading application "Vendor_portal-db-deployer"...#
#2026 05 30 10:19:17.032#Z#DEBUG#f7aba7f1-5c10-11f1-a636-eeee0a864133.OPERATION#flowable-async-job-executor-thread-11075#
[UploadAppStep] Getting application "Vendor_portal-db-deployer"...#
#2026 05 30 10:19:17.072#Z#DEBUG#f7aba7f1-5c10-11f1-a636-eeee0a864133.OPERATION#flowable-async-job-executor-thread-11075#
[UploadAppStep] Getting environment of application "718baf92-0d5b-4a96-b0c8-87425390867d"...#
#2026 05 30 10:19:17.110#Z#INFO#f7aba7f1-5c10-11f1-a636-eeee0a864133.OPERATION#flowable-async-job-executor-thread-11075#
[UploadAppStep] Calculating application digest: "Vendor_portal-db-deployer"#
#2026 05 30 10:19:17.210#Z#DEBUG#f7aba7f1-5c10-11f1-a636-eeee0a864133.OPERATION#flowable-async-job-executor-thread-11075#
Step "Upload App" finished#
#2026 05 30 10:19:16.732#Z#DEBUG#f7aba7f1-5c10-11f1-a636-eeee0a864133.OPERATION#flowable-async-job-executor-thread-10273#
[UploadContentStep] Executing task "uploadContentTask" of process "0345a068-5c11-11f1-97fc-eeee0a8370ee"...#
#2026 05 30 10:19:16.733#Z#INFO#f7aba7f1-5c10-11f1-a636-eeee0a864133.OPERATION#flowable-async-job-executor-thread-10273#
[UploadContentStep] Uploading content module "Vendor_portal-app-deployer" in target service "Vendor_portal-html5-repo-host"...#
#2026 05 30 10:19:16.738#Z#DEBUG#f7aba7f1-5c10-11f1-a636-eeee0a864133.OPERATION#flowable-async-job-executor-thread-10273#
[UploadContentStep] Uploading file "Vendor_portal-app-deployer/app/data.zip" for content module "Vendor_portal-app-deployer" in service "Vendor_portal-html5-repo-host"#
#2026 05 30 10:19:17.048#Z#INFO#f7aba7f1-5c10-11f1-a636-eeee0a864133.OPERATION#flowable-async-job-executor-thread-10273#
[UploadContentStep] Content to deploy size: 4,800 in bytes#
#2026 05 30 10:19:17.554#Z#DEBUG#f7aba7f1-5c10-11f1-a636-eeee0a864133.OPERATION#flowable-async-job-executor-thread-10273#
[UploadContentStep] Uploaded content: {
  "id" : "dd721202-61d7-4758-b515-9c3c38de6fc3",
  "name" : "content.zip",
  "contentType" : "FILE"
}#
#2026 05 30 10:19:17.555#Z#DEBUG#f7aba7f1-5c10-11f1-a636-eeee0a864133.OPERATION#flowable-async-job-executor-thread-10273#
Step "Upload Content" finished#
#2026 05 30 10:19:17.619#Z#DEBUG#f7aba7f1-5c10-11f1-a636-eeee0a864133.OPERATION#flowable-async-job-executor-thread-10269#
[ProcessDescriptorStep] Executing task "reprocessDescriptorTask" of process "03edef2b-5c11-11f1-97fc-eeee0a8370ee"...#
#2026 05 30 10:19:17.620#Z#DEBUG#f7aba7f1-5c10-11f1-a636-eeee0a864133.OPERATION#flowable-async-job-executor-thread-10269#
[ProcessDescriptorStep] Resolving properties and parameters in merged descriptor...#
#2026 05 30 10:19:17.625#Z#DEBUG#f7aba7f1-5c10-11f1-a636-eeee0a864133.OPERATION#flowable-async-job-executor-thread-10269#
[ProcessDescriptorStep] Subscriptions: [ ]#
#2026 05 30 10:19:17.631#Z#DEBUG#f7aba7f1-5c10-11f1-a636-eeee0a864133.OPERATION#flowable-async-job-executor-thread-10269#
[ProcessDescriptorStep] MTA modules: [Vendor_portal, Vendor_portal-destinations, Vendor_portal-app-deployer, Vendor_portal-srv, Vendor_portal-db-deployer]#
#2026 05 30 10:19:17.635#Z#DEBUG#f7aba7f1-5c10-11f1-a636-eeee0a864133.OPERATION#flowable-async-job-executor-thread-10269#
[ProcessDescriptorStep] Resolved deployment descriptor: {
  "majorSchemaVersion" : 3,
  "schemaVersion" : "3.3.0",
  "id" : "Vendor_portal",
  "version" : "1.0.0",
  "modules" : [ {
    "majorSchemaVersion" : 3,
    "name" : "Vendor_portal-srv",
    "type" : "javascript.nodejs",
    "path" : "Vendor_portal-srv",
    "properties" : { },
    "parameters" : {
      "default-url" : "https://a17ff4fftrial-dev-vendor-portal-srv.cfapps.us10-001.hana.ondemand.com",
      "default-app-name" : "Vendor_portal-srv",
      "generated-password" : "********",
      "default-live-url" : "https://a17ff4fftrial-dev-vendor-portal-srv.cfapps.us10-001.hana.ondemand.com",
      "default-uri" : "a17ff4fftrial-dev-vendor-portal-srv.cfapps.us10-001.hana.ondemand.com",
      "default-instances" : 1,
      "default-live-host" : "a17ff4fftrial-dev-vendor-portal-srv",
      "instances" : 1,
      "buildpack" : "nodejs_buildpack",
      "default-host" : "a17ff4fftrial-dev-vendor-portal-srv",
      "app-name" : "Vendor_portal-srv",
      "default-live-uri" : "a17ff4fftrial-dev-vendor-portal-srv.cfapps.us10-001.hana.ondemand.com",
      "protocol" : "https",
      "default-live-app-name" : "Vendor_portal-srv",
      "default-live-domain" : "cfapps.us10-001.hana.ondemand.com",
      "domain" : "cfapps.us10-001.hana.ondemand.com",
      "host" : "a17ff4fftrial-dev-vendor-portal-srv",
      "generated-user" : "********"
    },
    "requiredDependencies" : [ {
      "majorSchemaVersion" : 3,
      "name" : "********",
      "properties" : { },
      "parameters" : { },
      "propertiesMetadata" : {
        "metadata" : { }
      },
      "parametersMetadata" : {
        "metadata" : { }
      }
    }, {
      "majorSchemaVersion" : 3,
      "name" : "Vendor_portal-db",
      "properties" : { },
      "parameters" : { },
      "propertiesMetadata" : {
        "metadata" : { }
      },
      "parametersMetadata" : {
        "metadata" : { }
      }
    }, {
      "majorSchemaVersion" : 3,
      "name" : "Vendor_portal-destination",
      "properties" : { },
      "parameters" : { },
      "propertiesMetadata" : {
        "metadata" : { }
      },
      "parametersMetadata" : {
        "metadata" : { }
      }
    } ],
    "providedDependencies" : [ {
      "majorSchemaVersion" : 3,
      "name" : "srv-api",
      "isPublic" : false,
      "properties" : {
        "srv-url" : "https://a17ff4fftrial-dev-vendor-portal-srv.cfapps.us10-001.hana.ondemand.com"
      },
      "parameters" : { },
      "propertiesMetadata" : {
        "metadata" : { }
      },
      "parametersMetadata" : {
        "metadata" : { }
      }
    }, {
      "majorSchemaVersion" : 3,
      "name" : "Vendor_portal-srv",
      "isPublic" : false,
      "properties" : { },
      "parameters" : { },
      "propertiesMetadata" : {
        "metadata" : { }
      },
      "parametersMetadata" : {
        "metadata" : { }
      }
    } ],
    "propertiesMetadata" : {
      "metadata" : { }
    },
    "parametersMetadata" : {
      "metadata" : { }
    },
    "hooks" : [ ]
  }, {
    "majorSchemaVersion" : 3,
    "name" : "Vendor_portal-db-deployer",
    "type" : "com.sap.xs.hdi",
    "path" : "Vendor_portal-db-deployer",
    "properties" : {
      "EXIT" : 1
    },
    "parameters" : {
      "default-url" : "https://a17ff4fftrial-dev-vendor-portal-db-deployer.cfapps.us10-001.hana.ondemand.com",
      "default-app-name" : "Vendor_portal-db-deployer",
      "generated-password" : "********",
      "default-live-url" : "https://a17ff4fftrial-dev-vendor-portal-db-deployer.cfapps.us10-001.hana.ondemand.com",
      "default-uri" : "a17ff4fftrial-dev-vendor-portal-db-deployer.cfapps.us10-001.hana.ondemand.com",
      "memory" : "256M",
      "default-instances" : 1,
      "no-route" : true,
      "default-live-host" : "a17ff4fftrial-dev-vendor-portal-db-deployer",
      "instances" : 1,
      "buildpack" : "nodejs_buildpack",
      "default-host" : "a17ff4fftrial-dev-vendor-portal-db-deployer",
      "app-name" : "Vendor_portal-db-deployer",
      "default-live-uri" : "a17ff4fftrial-dev-vendor-portal-db-deployer.cfapps.us10-001.hana.ondemand.com",
      "protocol" : "https",
      "default-live-app-name" : "Vendor_portal-db-deployer",
      "default-live-domain" : "cfapps.us10-001.hana.ondemand.com",
      "dependency-type" : "hard",
      "domain" : "cfapps.us10-001.hana.ondemand.com",
      "host" : "a17ff4fftrial-dev-vendor-portal-db-deployer",
      "generated-user" : "********",
      "tasks" : [ {
        "command" : "npm start",
        "memory" : "256M",
        "name" : "deploy"
      } ],
      "no-start" : true
    },
    "requiredDependencies" : [ {
      "majorSchemaVersion" : 3,
      "name" : "Vendor_portal-db",
      "properties" : { },
      "parameters" : { },
      "propertiesMetadata" : {
        "metadata" : { }
      },
      "parametersMetadata" : {
        "metadata" : { }
      }
    } ],
    "providedDependencies" : [ {
      "majorSchemaVersion" : 3,
      "name" : "Vendor_portal-db-deployer",
      "isPublic" : false,
      "properties" : { },
      "parameters" : { },
      "propertiesMetadata" : {
        "metadata" : { }
      },
      "parametersMetadata" : {
        "metadata" : { }
      }
    } ],
    "propertiesMetadata" : {
      "metadata" : { }
    },
    "parametersMetadata" : {
      "metadata" : { }
    },
    "hooks" : [ ]
  }, {
    "majorSchemaVersion" : 3,
    "name" : "Vendor_portal-app-deployer",
    "type" : "com.sap.application.content",
    "path" : "Vendor_portal-app-deployer",
    "properties" : { },
    "parameters" : {
      "default-url" : "https://a17ff4fftrial-dev-vendor-portal-app-deployer.cfapps.us10-001.hana.ondemand.com",
      "default-app-name" : "Vendor_portal-app-deployer",
      "generated-password" : "********",
      "default-live-url" : "https://a17ff4fftrial-dev-vendor-portal-app-deployer.cfapps.us10-001.hana.ondemand.com",
      "default-uri" : "a17ff4fftrial-dev-vendor-portal-app-deployer.cfapps.us10-001.hana.ondemand.com",
      "default-instances" : 1,
      "default-live-host" : "a17ff4fftrial-dev-vendor-portal-app-deployer",
      "instances" : 1,
      "default-host" : "a17ff4fftrial-dev-vendor-portal-app-deployer",
      "app-name" : "Vendor_portal-app-deployer",
      "default-live-uri" : "a17ff4fftrial-dev-vendor-portal-app-deployer.cfapps.us10-001.hana.ondemand.com",
      "protocol" : "https",
      "default-live-app-name" : "Vendor_portal-app-deployer",
      "default-live-domain" : "cfapps.us10-001.hana.ondemand.com",
      "domain" : "cfapps.us10-001.hana.ondemand.com",
      "host" : "a17ff4fftrial-dev-vendor-portal-app-deployer",
      "generated-user" : "********",
      "config" : {
        "destinations" : [ {
          "Authentication" : "********",
          "HTML5.DynamicDestination" : true,
          "HTML5.ForwardAuthToken" : "********",
          "Name" : "srv-api",
          "ProxyType" : "Internet",
          "Type" : "HTTP",
          "URL" : "https://a17ff4fftrial-dev-vendor-portal-srv.cfapps.us10-001.hana.ondemand.com"
        } ]
      }
    },
    "requiredDependencies" : [ {
      "majorSchemaVersion" : 3,
      "name" : "********",
      "properties" : { },
      "parameters" : { },
      "propertiesMetadata" : {
        "metadata" : { }
      },
      "parametersMetadata" : {
        "metadata" : { }
      }
    }, {
      "majorSchemaVersion" : 3,
      "name" : "srv-api",
      "properties" : { },
      "parameters" : { },
      "propertiesMetadata" : {
        "metadata" : { }
      },
      "parametersMetadata" : {
        "metadata" : { }
      }
    }, {
      "majorSchemaVersion" : 3,
      "name" : "Vendor_portal-html5-repo-host",
      "properties" : { },
      "parameters" : {
        "config" : {
          "HTML5Runtime_enabled" : true
        },
        "content-target" : true
      },
      "propertiesMetadata" : {
        "metadata" : { }
      },
      "parametersMetadata" : {
        "metadata" : { }
      }
    } ],
    "providedDependencies" : [ {
      "majorSchemaVersion" : 3,
      "name" : "Vendor_portal-app-deployer",
      "isPublic" : false,
      "properties" : { },
      "parameters" : { },
      "propertiesMetadata" : {
        "metadata" : { }
      },
      "parametersMetadata" : {
        "metadata" : { }
      }
    } ],
    "propertiesMetadata" : {
      "metadata" : { }
    },
    "parametersMetadata" : {
      "metadata" : { }
    },
    "hooks" : [ ]
  }, {
    "majorSchemaVersion" : 3,
    "name" : "Vendor_portal",
    "type" : "javascript.nodejs",
    "path" : "Vendor_portal",
    "properties" : { },
    "parameters" : {
      "default-url" : "https://a17ff4fftrial-dev-vendor-portal.cfapps.us10-001.hana.ondemand.com",
      "default-app-name" : "Vendor_portal",
      "generated-password" : "********",
      "default-live-url" : "https://a17ff4fftrial-dev-vendor-portal.cfapps.us10-001.hana.ondemand.com",
      "default-uri" : "a17ff4fftrial-dev-vendor-portal.cfapps.us10-001.hana.ondemand.com",
      "memory" : "256M",
      "default-instances" : 1,
      "default-live-host" : "a17ff4fftrial-dev-vendor-portal",
      "instances" : 1,
      "default-host" : "a17ff4fftrial-dev-vendor-portal",
      "keep-existing-routes" : true,
      "app-name" : "Vendor_portal",
      "default-live-uri" : "a17ff4fftrial-dev-vendor-portal.cfapps.us10-001.hana.ondemand.com",
      "protocol" : "https",
      "default-live-app-name" : "Vendor_portal",
      "default-live-domain" : "cfapps.us10-001.hana.ondemand.com",
      "disk-quota" : "256M",
      "domain" : "cfapps.us10-001.hana.ondemand.com",
      "host" : "a17ff4fftrial-dev-vendor-portal",
      "generated-user" : "********"
    },
    "requiredDependencies" : [ {
      "majorSchemaVersion" : 3,
      "name" : "srv-api",
      "group" : "destinations",
      "properties" : {
        "name" : "srv-api",
        "forwardAuthToken" : "********",
        "url" : "https://a17ff4fftrial-dev-vendor-portal-srv.cfapps.us10-001.hana.ondemand.com"
      },
      "parameters" : { },
      "propertiesMetadata" : {
        "metadata" : { }
      },
      "parametersMetadata" : {
        "metadata" : { }
      }
    }, {
      "majorSchemaVersion" : 3,
      "name" : "********",
      "properties" : { },
      "parameters" : { },
      "propertiesMetadata" : {
        "metadata" : { }
      },
      "parametersMetadata" : {
        "metadata" : { }
      }
    }, {
      "majorSchemaVersion" : 3,
      "name" : "Vendor_portal-destination",
      "properties" : { },
      "parameters" : { },
      "propertiesMetadata" : {
        "metadata" : { }
      },
      "parametersMetadata" : {
        "metadata" : { }
      }
    }, {
      "majorSchemaVersion" : 3,
      "name" : "Vendor_portal-html5-runtime",
      "properties" : { },
      "parameters" : { },
      "propertiesMetadata" : {
        "metadata" : { }
      },
      "parametersMetadata" : {
        "metadata" : { }
      }
    } ],
    "providedDependencies" : [ {
      "majorSchemaVersion" : 3,
      "name" : "app-api",
      "isPublic" : false,
      "properties" : {
        "app-protocol" : "https",
        "app-uri" : "a17ff4fftrial-dev-vendor-portal.cfapps.us10-001.hana.ondemand.com"
      },
      "parameters" : { },
      "propertiesMetadata" : {
        "metadata" : { }
      },
      "parametersMetadata" : {
        "metadata" : { }
      }
    }, {
      "majorSchemaVersion" : 3,
      "name" : "Vendor_portal",
      "isPublic" : false,
      "properties" : { },
      "parameters" : { },
      "propertiesMetadata" : {
        "metadata" : { }
      },
      "parametersMetadata" : {
        "metadata" : { }
      }
    } ],
    "propertiesMetadata" : {
      "metadata" : { }
    },
    "parametersMetadata" : {
      "metadata" : { }
    },
    "hooks" : [ ]
  }, {
    "majorSchemaVersion" : 3,
    "name" : "Vendor_portal-destinations",
    "type" : "com.sap.application.content",
    "properties" : { },
    "parameters" : {
      "default-url" : "https://a17ff4fftrial-dev-vendor-portal-destinations.cfapps.us10-001.hana.ondemand.com",
      "default-app-name" : "Vendor_portal-destinations",
      "generated-password" : "********",
      "default-live-url" : "https://a17ff4fftrial-dev-vendor-portal-destinations.cfapps.us10-001.hana.ondemand.com",
      "default-uri" : "a17ff4fftrial-dev-vendor-portal-destinations.cfapps.us10-001.hana.ondemand.com",
      "default-instances" : 1,
      "default-live-host" : "a17ff4fftrial-dev-vendor-portal-destinations",
      "instances" : 1,
      "default-host" : "a17ff4fftrial-dev-vendor-portal-destinations",
      "content" : {
        "instance" : {
          "destinations" : [ {
            "Name" : "Vendor_portal-html5-repository",
            "ServiceInstanceName" : "Vendor_portal-html5-repo-host",
            "ServiceKeyName" : "********",
            "sap.cloud.service" : "Vendor_portal.service"
          }, {
            "Authentication" : "********",
            "Name" : "********",
            "ServiceInstanceName" : "********",
            "ServiceKeyName" : "********",
            "sap.cloud.service" : "Vendor_portal.service"
          } ],
          "existing_destinations_policy" : "update"
        }
      },
      "app-name" : "Vendor_portal-destinations",
      "default-live-uri" : "a17ff4fftrial-dev-vendor-portal-destinations.cfapps.us10-001.hana.ondemand.com",
      "protocol" : "https",
      "default-live-app-name" : "Vendor_portal-destinations",
      "default-live-domain" : "cfapps.us10-001.hana.ondemand.com",
      "domain" : "cfapps.us10-001.hana.ondemand.com",
      "host" : "a17ff4fftrial-dev-vendor-portal-destinations",
      "generated-user" : "********"
    },
    "requiredDependencies" : [ {
      "majorSchemaVersion" : 3,
      "name" : "********",
      "properties" : { },
      "parameters" : {
        "service-key" : "********"
      },
      "propertiesMetadata" : {
        "metadata" : { }
      },
      "parametersMetadata" : {
        "metadata" : { }
      }
    }, {
      "majorSchemaVersion" : 3,
      "name" : "Vendor_portal-html5-repo-host",
      "properties" : { },
      "parameters" : {
        "service-key" : "********"
      },
      "propertiesMetadata" : {
        "metadata" : { }
      },
      "parametersMetadata" : {
        "metadata" : { }
      }
    }, {
      "majorSchemaVersion" : 3,
      "name" : "srv-api",
      "properties" : { },
      "parameters" : { },
      "propertiesMetadata" : {
        "metadata" : { }
      },
      "parametersMetadata" : {
        "metadata" : { }
      }
    }, {
      "majorSchemaVersion" : 3,
      "name" : "Vendor_portal-destination",
      "properties" : { },
      "parameters" : {
        "content-target" : true
      },
      "propertiesMetadata" : {
        "metadata" : { }
      },
      "parametersMetadata" : {
        "metadata" : { }
      }
    } ],
    "providedDependencies" : [ {
      "majorSchemaVersion" : 3,
      "name" : "Vendor_portal-destinations",
      "isPublic" : false,
      "properties" : { },
      "parameters" : { },
      "propertiesMetadata" : {
        "metadata" : { }
      },
      "parametersMetadata" : {
        "metadata" : { }
      }
    } ],
    "propertiesMetadata" : {
      "metadata" : { }
    },
    "parametersMetadata" : {
      "metadata" : { }
    },
    "hooks" : [ ]
  } ],
  "resources" : [ {
    "majorSchemaVersion" : 3,
    "name" : "********",
    "type" : "org.cloudfoundry.managed-service",
    "properties" : { },
    "parameters" : {
      "generated-password" : "********",
      "path" : "./xs-security.json",
      "service-name" : "********",
      "service-plan" : "application",
      "service" : "xsuaa",
      "generated-user" : "********",
      "default-xsappname" : "********",
      "type" : "managed-service",
      "config" : {
        "oauth2-configuration" : "********",
        "tenant-mode" : "dedicated",
        "xsappname" : "Vendor_portal-a17ff4fftrial-dev"
      },
      "default-service-name" : "********",
      "default-container-name" : "********"
    },
    "isActive" : true,
    "isOptional" : false,
    "propertiesMetadata" : {
      "metadata" : { }
    },
    "parametersMetadata" : {
      "metadata" : { }
    },
    "requiredDependencies" : [ {
      "majorSchemaVersion" : 3,
      "name" : "app-api",
      "properties" : { },
      "parameters" : { },
      "propertiesMetadata" : {
        "metadata" : { }
      },
      "parametersMetadata" : {
        "metadata" : { }
      }
    } ],
    "processedAfter" : [ ]
  }, {
    "majorSchemaVersion" : 3,
    "name" : "Vendor_portal-db",
    "type" : "com.sap.xs.hdi-container",
    "properties" : { },
    "parameters" : {
      "generated-password" : "********",
      "service-name" : "Vendor_portal-db",
      "service-plan" : "hdi-shared",
      "service" : "hana",
      "generated-user" : "********",
      "default-xsappname" : "Vendor_portal-db",
      "type" : "managed-service",
      "default-service-name" : "Vendor_portal-db",
      "default-container-name" : "A17FF4FFTRIAL_DEV_VENDOR_PORTAL_DB"
    },
    "isActive" : true,
    "isOptional" : false,
    "propertiesMetadata" : {
      "metadata" : { }
    },
    "parametersMetadata" : {
      "metadata" : { }
    },
    "requiredDependencies" : [ ],
    "processedAfter" : [ ]
  }, {
    "majorSchemaVersion" : 3,
    "name" : "Vendor_portal-destination",
    "type" : "org.cloudfoundry.managed-service",
    "properties" : { },
    "parameters" : {
      "generated-password" : "********",
      "service-name" : "Vendor_portal-destination",
      "service-plan" : "lite",
      "service" : "destination",
      "generated-user" : "********",
      "default-xsappname" : "Vendor_portal-destination",
      "type" : "managed-service",
      "default-service-name" : "Vendor_portal-destination",
      "default-container-name" : "A17FF4FFTRIAL_DEV_VENDOR_PORTAL_DESTINATION"
    },
    "isActive" : true,
    "isOptional" : false,
    "propertiesMetadata" : {
      "metadata" : { }
    },
    "parametersMetadata" : {
      "metadata" : { }
    },
    "requiredDependencies" : [ {
      "majorSchemaVersion" : 3,
      "name" : "srv-api",
      "properties" : { },
      "parameters" : { },
      "propertiesMetadata" : {
        "metadata" : { }
      },
      "parametersMetadata" : {
        "metadata" : { }
      }
    } ],
    "processedAfter" : [ ]
  }, {
    "majorSchemaVersion" : 3,
    "name" : "Vendor_portal-html5-repo-host",
    "type" : "org.cloudfoundry.managed-service",
    "properties" : { },
    "parameters" : {
      "generated-password" : "********",
      "service-name" : "Vendor_portal-html5-repo-host",
      "service-plan" : "app-host",
      "service" : "html5-apps-repo",
      "generated-user" : "********",
      "default-xsappname" : "Vendor_portal-html5-repo-host",
      "type" : "managed-service",
      "default-service-name" : "Vendor_portal-html5-repo-host",
      "default-container-name" : "A17FF4FFTRIAL_DEV_VENDOR_PORTAL_HTML5_REPO_HOST"
    },
    "isActive" : true,
    "isOptional" : false,
    "propertiesMetadata" : {
      "metadata" : { }
    },
    "parametersMetadata" : {
      "metadata" : { }
    },
    "requiredDependencies" : [ ],
    "processedAfter" : [ ]
  }, {
    "majorSchemaVersion" : 3,
    "name" : "Vendor_portal-html5-runtime",
    "type" : "org.cloudfoundry.managed-service",
    "properties" : { },
    "parameters" : {
      "generated-password" : "********",
      "service-name" : "Vendor_portal-html5-runtime",
      "service-plan" : "app-runtime",
      "service" : "html5-apps-repo",
      "generated-user" : "********",
      "default-xsappname" : "Vendor_portal-html5-runtime",
      "type" : "managed-service",
      "default-service-name" : "Vendor_portal-html5-runtime",
      "default-container-name" : "A17FF4FFTRIAL_DEV_VENDOR_PORTAL_HTML5_RUNTIME"
    },
    "isActive" : true,
    "isOptional" : false,
    "propertiesMetadata" : {
      "metadata" : { }
    },
    "parametersMetadata" : {
      "metadata" : { }
    },
    "requiredDependencies" : [ ],
    "processedAfter" : [ ]
  } ],
  "parameters" : {
    "deploy_mode" : "html5-repo",
    "mta-id" : "Vendor_portal",
    "authorization-url" : "********",
    "org-guid" : "87b32d9e-9c3e-4c0f-a9e8-c141fcaf6941",
    "org" : "a17ff4fftrial",
    "deploy-target" : "a17ff4fftrial dev",
    "enable-parallel-deployments" : true,
    "region-primary-domain" : "us10.hana.ondemand.com",
    "space" : "dev",
    "region-domain" : "us10-001.hana.ondemand.com",
    "xs-api-url" : "https://api.cf.us10-001.hana.ondemand.com",
    "deploy-url" : "deploy-service.cfapps.us10-001.hana.ondemand.com",
    "xs-type" : "CF",
    "default-domain" : "cfapps.us10-001.hana.ondemand.com",
    "mta-version" : "1.0.0",
    "xs-auth-url" : "********",
    "space-guid" : "25c4b79f-ec1f-4f41-8212-286dd3a0616c",
    "user" : "********",
    "controller-url" : "https://api.cf.us10-001.hana.ondemand.com",
    "timestamp" : "20260530101856"
  },
  "parametersMetadata" : {
    "metadata" : { }
  }
}#
#2026 05 30 10:19:17.635#Z#DEBUG#f7aba7f1-5c10-11f1-a636-eeee0a864133.OPERATION#flowable-async-job-executor-thread-10269#
[ProcessDescriptorStep] Merged descriptor properties and parameters resolved#
#2026 05 30 10:19:17.635#Z#DEBUG#f7aba7f1-5c10-11f1-a636-eeee0a864133.OPERATION#flowable-async-job-executor-thread-10269#
Step "Re-Process Descriptor Step" finished#
#2026 05 30 10:19:17.573#Z#DEBUG#f7aba7f1-5c10-11f1-a636-eeee0a864133.OPERATION#flowable-async-job-executor-thread-10272#
[CheckServiceBindingOperationStep] Executing task "checkForServiceBindingOperationInProgress" of process "03eba498-5c11-11f1-97fc-eeee0a8370ee"...#
#2026 05 30 10:19:17.573#Z#DEBUG#f7aba7f1-5c10-11f1-a636-eeee0a864133.OPERATION#flowable-async-job-executor-thread-10272#
[CheckServiceBindingOperationStep] Checking for service binding operation in progress between app "Vendor_portal-srv" and service instance "Vendor_portal-auth"#
#2026 05 30 10:19:17.575#Z#DEBUG#f7aba7f1-5c10-11f1-a636-eeee0a864133.OPERATION#flowable-async-job-executor-thread-10272#
[CheckServiceBindingOperationStep] Getting application guid "Vendor_portal-srv"...#
#2026 05 30 10:19:17.617#Z#DEBUG#f7aba7f1-5c10-11f1-a636-eeee0a864133.OPERATION#flowable-async-job-executor-thread-10272#
[CheckServiceBindingOperationStep] Getting GUID of required service instance "Vendor_portal-auth"...#
#2026 05 30 10:19:17.644#Z#DEBUG#f7aba7f1-5c10-11f1-a636-eeee0a864133.OPERATION#flowable-async-job-executor-thread-10272#
[CheckServiceBindingOperationStep] Getting binding of service instance "872c8647-a392-4436-bbf4-3eeead01a604" with application "f3610358-e791-4b3a-8047-269077eb9aff"...#
#2026 05 30 10:19:17.676#Z#DEBUG#f7aba7f1-5c10-11f1-a636-eeee0a864133.OPERATION#flowable-async-job-executor-thread-10272#
[CheckServiceBindingOperationStep] Service binding operation "eae37fc1-25ef-40e5-869e-26c0c06f708f" with type "create" is in state "succeeded"#
#2026 05 30 10:19:17.676#Z#DEBUG#f7aba7f1-5c10-11f1-a636-eeee0a864133.OPERATION#flowable-async-job-executor-thread-10272#
Step "Check For Service Binding Operation In Progress" finished#
#2026 05 30 10:19:17.671#Z#DEBUG#f7aba7f1-5c10-11f1-a636-eeee0a864133.OPERATION#flowable-async-job-executor-thread-10269#
[BuildApplicationDeployModelStep] Executing task "buildApplicationDeployModelTask" of process "03edef2b-5c11-11f1-97fc-eeee0a8370ee"...#
#2026 05 30 10:19:17.673#Z#DEBUG#f7aba7f1-5c10-11f1-a636-eeee0a864133.OPERATION#flowable-async-job-executor-thread-10269#
[BuildApplicationDeployModelStep] Building cloud deployment model for application "Vendor_portal"...#
#2026 05 30 10:19:17.682#Z#DEBUG#f7aba7f1-5c10-11f1-a636-eeee0a864133.OPERATION#flowable-async-job-executor-thread-10269#
[BuildApplicationDeployModelStep] No health-check-type is specified. Setting default type: port#
#2026 05 30 10:19:17.682#Z#INFO#f7aba7f1-5c10-11f1-a636-eeee0a864133.OPERATION#flowable-async-job-executor-thread-10269#
[BuildApplicationDeployModelStep] Building configuration entries for org a17ff4fftrial, space dev, spaceId 25c4b79f-ec1f-4f41-8212-286dd3a0616c and namespace null!#
#2026 05 30 10:19:17.683#Z#DEBUG#f7aba7f1-5c10-11f1-a636-eeee0a864133.OPERATION#flowable-async-job-executor-thread-10269#
[BuildApplicationDeployModelStep] Configuration entries to publish: [ ]#
#2026 05 30 10:19:17.683#Z#DEBUG#f7aba7f1-5c10-11f1-a636-eeee0a864133.OPERATION#flowable-async-job-executor-thread-10269#
[BuildApplicationDeployModelStep] Cloud deployment model for application built#
#2026 05 30 10:19:17.683#Z#DEBUG#f7aba7f1-5c10-11f1-a636-eeee0a864133.OPERATION#flowable-async-job-executor-thread-10269#
Step "Build Application Deploy Model" finished#
#2026 05 30 10:19:17.556#Z#DEBUG#f7aba7f1-5c10-11f1-a636-eeee0a864133.OPERATION#flowable-async-job-executor-thread-10273#
[StartContentDeployStep] Executing task "startContentDeployTask" of process "0345a068-5c11-11f1-97fc-eeee0a8370ee"...#
#2026 05 30 10:19:17.556#Z#INFO#f7aba7f1-5c10-11f1-a636-eeee0a864133.OPERATION#flowable-async-job-executor-thread-10273#
[StartContentDeployStep] Deploying content module "Vendor_portal-app-deployer" in target service "Vendor_portal-html5-repo-host"...#
#2026 05 30 10:19:17.798#Z#DEBUG#f7aba7f1-5c10-11f1-a636-eeee0a864133.OPERATION#flowable-async-job-executor-thread-10273#
Step "Start Content Deploy" finished#
#2026 05 30 10:19:17.711#Z#DEBUG#f7aba7f1-5c10-11f1-a636-eeee0a864133.OPERATION#flowable-async-job-executor-thread-10272#
[DetermineApplicationServiceBindingActionsStep] Executing task "determineApplicationServiceBindingActionsTask" of process "03eba498-5c11-11f1-97fc-eeee0a8370ee"...#
#2026 05 30 10:19:17.712#Z#DEBUG#f7aba7f1-5c10-11f1-a636-eeee0a864133.OPERATION#flowable-async-job-executor-thread-10272#
[DetermineApplicationServiceBindingActionsStep] Determine bind/unbind operations of application "Vendor_portal-srv" to service instance "Vendor_portal-auth"#
#2026 05 30 10:19:17.712#Z#DEBUG#f7aba7f1-5c10-11f1-a636-eeee0a864133.OPERATION#flowable-async-job-executor-thread-10272#
[DetermineApplicationServiceBindingActionsStep] Getting application "Vendor_portal-srv"...#
#2026 05 30 10:19:17.752#Z#DEBUG#f7aba7f1-5c10-11f1-a636-eeee0a864133.OPERATION#flowable-async-job-executor-thread-10272#
[DetermineApplicationServiceBindingActionsStep] Binding parameters for application "Vendor_portal-srv": { }#
#2026 05 30 10:19:17.789#Z#DEBUG#f7aba7f1-5c10-11f1-a636-eeee0a864133.OPERATION#flowable-async-job-executor-thread-10272#
[DetermineApplicationServiceBindingActionsStep] Check should rebind application "Vendor_portal-srv" and service instance "Vendor_portal-auth"#
#2026 05 30 10:19:17.789#Z#DEBUG#f7aba7f1-5c10-11f1-a636-eeee0a864133.OPERATION#flowable-async-job-executor-thread-10272#
[DetermineApplicationServiceBindingActionsStep] Getting GUID of required service instance "Vendor_portal-auth"...#
#2026 05 30 10:19:17.819#Z#DEBUG#f7aba7f1-5c10-11f1-a636-eeee0a864133.OPERATION#flowable-async-job-executor-thread-10272#
[DetermineApplicationServiceBindingActionsStep] Getting binding of service instance "872c8647-a392-4436-bbf4-3eeead01a604" with application "f3610358-e791-4b3a-8047-269077eb9aff"...#
#2026 05 30 10:19:17.847#Z#DEBUG#f7aba7f1-5c10-11f1-a636-eeee0a864133.OPERATION#flowable-async-job-executor-thread-10272#
[DetermineApplicationServiceBindingActionsStep] Getting parameters of service binding "eae37fc1-25ef-40e5-869e-26c0c06f708f"...#
#2026 05 30 10:19:17.871#Z#WARN#f7aba7f1-5c10-11f1-a636-eeee0a864133.OPERATION#flowable-async-job-executor-thread-10272#
[DetermineApplicationServiceBindingActionsStep] Cannot retrieve parameters of binding between application "Vendor_portal-srv" and service instance "Vendor_portal-auth"#
#2026 05 30 10:19:17.873#Z#DEBUG#f7aba7f1-5c10-11f1-a636-eeee0a864133.OPERATION#flowable-async-job-executor-thread-10272#
[DetermineApplicationServiceBindingActionsStep] Calculated binding operations between application "Vendor_portal-srv" and service instance "Vendor_portal-auth": unbind - true bind - true#
#2026 05 30 10:19:17.873#Z#DEBUG#f7aba7f1-5c10-11f1-a636-eeee0a864133.OPERATION#flowable-async-job-executor-thread-10272#
Step "Determine Application Service Binding Actions" finished#
#2026 05 30 10:19:17.912#Z#DEBUG#f7aba7f1-5c10-11f1-a636-eeee0a864133.OPERATION#flowable-async-job-executor-thread-10272#
[UnbindServiceFromApplicationStep] Executing task "unbindServiceFromApplicationTask" of process "03eba498-5c11-11f1-97fc-eeee0a8370ee"...#
#2026 05 30 10:19:17.915#Z#INFO#f7aba7f1-5c10-11f1-a636-eeee0a864133.OPERATION#flowable-async-job-executor-thread-10272#
[UnbindServiceFromApplicationStep] Unbinding service instance "Vendor_portal-auth" from application "Vendor_portal-srv"...#
#2026 05 30 10:19:17.919#Z#DEBUG#f7aba7f1-5c10-11f1-a636-eeee0a864133.OPERATION#flowable-async-job-executor-thread-10272#
[UnbindServiceFromApplicationStep] Unbinding application "Vendor_portal-srv" from service instance "Vendor_portal-auth"...#
#2026 05 30 10:19:18.061#Z#DEBUG#f7aba7f1-5c10-11f1-a636-eeee0a864133.OPERATION#flowable-async-job-executor-thread-10272#
Step "Unbind Service from Application" finished#
#2026 05 30 10:19:17.723#Z#DEBUG#f7aba7f1-5c10-11f1-a636-eeee0a864133.OPERATION#flowable-async-job-executor-thread-10269#
[CreateOrUpdateAppStep] Executing task "createAppTask" of process "03edef2b-5c11-11f1-97fc-eeee0a8370ee"...#
#2026 05 30 10:19:17.725#Z#DEBUG#f7aba7f1-5c10-11f1-a636-eeee0a864133.OPERATION#flowable-async-job-executor-thread-10269#
[CreateOrUpdateAppStep] Getting application "Vendor_portal"...#
#2026 05 30 10:19:17.762#Z#INFO#f7aba7f1-5c10-11f1-a636-eeee0a864133.OPERATION#flowable-async-job-executor-thread-10269#
[CreateOrUpdateAppStep] Creating application "Vendor_portal" from MTA module "Vendor_portal"...#
#2026 05 30 10:19:17.768#Z#DEBUG#f7aba7f1-5c10-11f1-a636-eeee0a864133.OPERATION#flowable-async-job-executor-thread-10269#
[CreateOrUpdateAppStep] Creating application "Vendor_portal" with disk "256" memory "256", URIs "a17ff4fftrial-dev-vendor-portal.cfapps.us10-001.hana.ondemand.com" and staging: "{
  "buildpacks" : [ ],
  "healthCheckType" : "port",
  "appFeatures" : { }
}"#
#2026 05 30 10:19:18.196#Z#DEBUG#f7aba7f1-5c10-11f1-a636-eeee0a864133.OPERATION#flowable-async-job-executor-thread-10269#
[CreateOrUpdateAppStep] Application "Vendor_portal" created#
#2026 05 30 10:19:18.196#Z#DEBUG#f7aba7f1-5c10-11f1-a636-eeee0a864133.OPERATION#flowable-async-job-executor-thread-10269#
Step "Create App" finished#
#2026 05 30 10:19:18.297#Z#DEBUG#f7aba7f1-5c10-11f1-a636-eeee0a864133.OPERATION#flowable-async-job-executor-thread-10268#
[CheckServiceBindingOperationStep] Executing task "checkForServiceBindingOperationInProgress" of process "045c19cd-5c11-11f1-97fc-eeee0a8370ee"...#
#2026 05 30 10:19:18.297#Z#DEBUG#f7aba7f1-5c10-11f1-a636-eeee0a864133.OPERATION#flowable-async-job-executor-thread-10268#
[CheckServiceBindingOperationStep] Checking for service binding operation in progress between app "Vendor_portal" and service instance "Vendor_portal-html5-runtime"#
#2026 05 30 10:19:18.298#Z#DEBUG#f7aba7f1-5c10-11f1-a636-eeee0a864133.OPERATION#flowable-async-job-executor-thread-10268#
[CheckServiceBindingOperationStep] Getting application guid "Vendor_portal"...#
#2026 05 30 10:19:18.338#Z#DEBUG#f7aba7f1-5c10-11f1-a636-eeee0a864133.OPERATION#flowable-async-job-executor-thread-10268#
[CheckServiceBindingOperationStep] Getting GUID of required service instance "Vendor_portal-html5-runtime"...#
#2026 05 30 10:19:18.366#Z#DEBUG#f7aba7f1-5c10-11f1-a636-eeee0a864133.OPERATION#flowable-async-job-executor-thread-10268#
[CheckServiceBindingOperationStep] Getting binding of service instance "6da8f408-78f3-43b9-83a3-d24985d9c96e" with application "8eeb1495-b644-4c51-b33b-4bba12e1bf9d"...#
#2026 05 30 10:19:18.393#Z#DEBUG#f7aba7f1-5c10-11f1-a636-eeee0a864133.OPERATION#flowable-async-job-executor-thread-10268#
Step "Check For Service Binding Operation In Progress" finished#
#2026 05 30 10:19:18.424#Z#DEBUG#f7aba7f1-5c10-11f1-a636-eeee0a864133.OPERATION#flowable-async-job-executor-thread-10268#
[DetermineApplicationServiceBindingActionsStep] Executing task "determineApplicationServiceBindingActionsTask" of process "045c19cd-5c11-11f1-97fc-eeee0a8370ee"...#
#2026 05 30 10:19:18.425#Z#DEBUG#f7aba7f1-5c10-11f1-a636-eeee0a864133.OPERATION#flowable-async-job-executor-thread-10268#
[DetermineApplicationServiceBindingActionsStep] Determine bind/unbind operations of application "Vendor_portal" to service instance "Vendor_portal-html5-runtime"#
#2026 05 30 10:19:18.425#Z#DEBUG#f7aba7f1-5c10-11f1-a636-eeee0a864133.OPERATION#flowable-async-job-executor-thread-10268#
[DetermineApplicationServiceBindingActionsStep] Getting application "Vendor_portal"...#
#2026 05 30 10:19:18.468#Z#DEBUG#f7aba7f1-5c10-11f1-a636-eeee0a864133.OPERATION#flowable-async-job-executor-thread-10268#
[DetermineApplicationServiceBindingActionsStep] Binding parameters for application "Vendor_portal": { }#
#2026 05 30 10:19:18.488#Z#DEBUG#f7aba7f1-5c10-11f1-a636-eeee0a864133.OPERATION#flowable-async-job-executor-thread-10268#
[DetermineApplicationServiceBindingActionsStep] Calculated binding operations between application "Vendor_portal" and service instance "Vendor_portal-html5-runtime": unbind - false bind - true#
#2026 05 30 10:19:18.488#Z#DEBUG#f7aba7f1-5c10-11f1-a636-eeee0a864133.OPERATION#flowable-async-job-executor-thread-10268#
Step "Determine Application Service Binding Actions" finished#
#2026 05 30 10:19:18.529#Z#DEBUG#f7aba7f1-5c10-11f1-a636-eeee0a864133.OPERATION#flowable-async-job-executor-thread-10268#
[BindServiceToApplicationStep] Executing task "bindServiceToApplicationTask" of process "045c19cd-5c11-11f1-97fc-eeee0a8370ee"...#
#2026 05 30 10:19:18.531#Z#INFO#f7aba7f1-5c10-11f1-a636-eeee0a864133.OPERATION#flowable-async-job-executor-thread-10268#
[BindServiceToApplicationStep] Binding service instance "Vendor_portal-html5-runtime" to application "Vendor_portal"...#
#2026 05 30 10:19:18.539#Z#DEBUG#f7aba7f1-5c10-11f1-a636-eeee0a864133.OPERATION#flowable-async-job-executor-thread-10268#
[BindServiceToApplicationStep] Binding service instance "Vendor_portal-html5-runtime" to application "Vendor_portal" with parameters: { }#
#2026 05 30 10:19:18.657#Z#DEBUG#f7aba7f1-5c10-11f1-a636-eeee0a864133.OPERATION#flowable-async-job-executor-thread-10268#
Step "Bind Service to Application" finished#
#2026 05 30 10:19:18.566#Z#DEBUG#f7aba7f1-5c10-11f1-a636-eeee0a864133.OPERATION#flowable-async-job-executor-thread-11070#
[CheckServiceBindingOperationStep] Executing task "checkForServiceBindingOperationInProgress" of process "0480431d-5c11-11f1-bcd3-eeee0a9b4b71"...#
#2026 05 30 10:19:18.566#Z#DEBUG#f7aba7f1-5c10-11f1-a636-eeee0a864133.OPERATION#flowable-async-job-executor-thread-11070#
[CheckServiceBindingOperationStep] Checking for service binding operation in progress between app "Vendor_portal-srv" and service instance "Vendor_portal-destination"#
#2026 05 30 10:19:18.567#Z#DEBUG#f7aba7f1-5c10-11f1-a636-eeee0a864133.OPERATION#flowable-async-job-executor-thread-11070#
[CheckServiceBindingOperationStep] Getting application guid "Vendor_portal-srv"...#
#2026 05 30 10:19:18.567#Z#DEBUG#f7aba7f1-5c10-11f1-a636-eeee0a864133.OPERATION#flowable-async-job-executor-thread-11072#
[CheckServiceBindingOperationStep] Executing task "checkForServiceBindingOperationInProgress" of process "04821803-5c11-11f1-bcd3-eeee0a9b4b71"...#
#2026 05 30 10:19:18.567#Z#DEBUG#f7aba7f1-5c10-11f1-a636-eeee0a864133.OPERATION#flowable-async-job-executor-thread-11072#
[CheckServiceBindingOperationStep] Checking for service binding operation in progress between app "Vendor_portal" and service instance "Vendor_portal-auth"#
#2026 05 30 10:19:18.569#Z#DEBUG#f7aba7f1-5c10-11f1-a636-eeee0a864133.OPERATION#flowable-async-job-executor-thread-11072#
[CheckServiceBindingOperationStep] Getting application guid "Vendor_portal"...#
#2026 05 30 10:19:18.611#Z#DEBUG#f7aba7f1-5c10-11f1-a636-eeee0a864133.OPERATION#flowable-async-job-executor-thread-11070#
[CheckServiceBindingOperationStep] Getting GUID of required service instance "Vendor_portal-destination"...#
#2026 05 30 10:19:18.611#Z#DEBUG#f7aba7f1-5c10-11f1-a636-eeee0a864133.OPERATION#flowable-async-job-executor-thread-11072#
[CheckServiceBindingOperationStep] Getting GUID of required service instance "Vendor_portal-auth"...#
#2026 05 30 10:19:18.644#Z#DEBUG#f7aba7f1-5c10-11f1-a636-eeee0a864133.OPERATION#flowable-async-job-executor-thread-11070#
[CheckServiceBindingOperationStep] Getting binding of service instance "0096e76b-4204-4488-89af-b195d851d22b" with application "f3610358-e791-4b3a-8047-269077eb9aff"...#
#2026 05 30 10:19:18.646#Z#DEBUG#f7aba7f1-5c10-11f1-a636-eeee0a864133.OPERATION#flowable-async-job-executor-thread-11072#
[CheckServiceBindingOperationStep] Getting binding of service instance "872c8647-a392-4436-bbf4-3eeead01a604" with application "8eeb1495-b644-4c51-b33b-4bba12e1bf9d"...#
#2026 05 30 10:19:18.673#Z#DEBUG#f7aba7f1-5c10-11f1-a636-eeee0a864133.OPERATION#flowable-async-job-executor-thread-11070#
[CheckServiceBindingOperationStep] Service binding operation "24efbd4b-4374-4dd8-8e7b-8a1db2dae939" with type "create" is in state "succeeded"#
#2026 05 30 10:19:18.673#Z#DEBUG#f7aba7f1-5c10-11f1-a636-eeee0a864133.OPERATION#flowable-async-job-executor-thread-11070#
Step "Check For Service Binding Operation In Progress" finished#
#2026 05 30 10:19:18.675#Z#DEBUG#f7aba7f1-5c10-11f1-a636-eeee0a864133.OPERATION#flowable-async-job-executor-thread-11072#
Step "Check For Service Binding Operation In Progress" finished#
#2026 05 30 10:19:18.627#Z#DEBUG#f7aba7f1-5c10-11f1-a636-eeee0a864133.OPERATION#flowable-async-job-executor-thread-28219#
[CheckServiceBindingOperationStep] Executing task "checkForServiceBindingOperationInProgress" of process "048d89fd-5c11-11f1-a636-eeee0a864133"...#
#2026 05 30 10:19:18.628#Z#DEBUG#f7aba7f1-5c10-11f1-a636-eeee0a864133.OPERATION#flowable-async-job-executor-thread-28219#
[CheckServiceBindingOperationStep] Checking for service binding operation in progress between app "Vendor_portal" and service instance "Vendor_portal-destination"#
#2026 05 30 10:19:18.628#Z#DEBUG#f7aba7f1-5c10-11f1-a636-eeee0a864133.OPERATION#flowable-async-job-executor-thread-28219#
[CheckServiceBindingOperationStep] Getting application guid "Vendor_portal"...#
#2026 05 30 10:19:18.664#Z#DEBUG#f7aba7f1-5c10-11f1-a636-eeee0a864133.OPERATION#flowable-async-job-executor-thread-28219#
[CheckServiceBindingOperationStep] Getting GUID of required service instance "Vendor_portal-destination"...#
#2026 05 30 10:19:18.693#Z#DEBUG#f7aba7f1-5c10-11f1-a636-eeee0a864133.OPERATION#flowable-async-job-executor-thread-28219#
[CheckServiceBindingOperationStep] Getting binding of service instance "0096e76b-4204-4488-89af-b195d851d22b" with application "8eeb1495-b644-4c51-b33b-4bba12e1bf9d"...#
#2026 05 30 10:19:18.718#Z#DEBUG#f7aba7f1-5c10-11f1-a636-eeee0a864133.OPERATION#flowable-async-job-executor-thread-28219#
Step "Check For Service Binding Operation In Progress" finished#
#2026 05 30 10:19:18.726#Z#DEBUG#f7aba7f1-5c10-11f1-a636-eeee0a864133.OPERATION#flowable-async-job-executor-thread-11075#
[DetermineApplicationServiceBindingActionsStep] Executing task "determineApplicationServiceBindingActionsTask" of process "0480431d-5c11-11f1-bcd3-eeee0a9b4b71"...#
#2026 05 30 10:19:18.728#Z#DEBUG#f7aba7f1-5c10-11f1-a636-eeee0a864133.OPERATION#flowable-async-job-executor-thread-11072#
[DetermineApplicationServiceBindingActionsStep] Executing task "determineApplicationServiceBindingActionsTask" of process "04821803-5c11-11f1-bcd3-eeee0a9b4b71"...#
#2026 05 30 10:19:18.729#Z#DEBUG#f7aba7f1-5c10-11f1-a636-eeee0a864133.OPERATION#flowable-async-job-executor-thread-11075#
[DetermineApplicationServiceBindingActionsStep] Determine bind/unbind operations of application "Vendor_portal-srv" to service instance "Vendor_portal-destination"#
#2026 05 30 10:19:18.729#Z#DEBUG#f7aba7f1-5c10-11f1-a636-eeee0a864133.OPERATION#flowable-async-job-executor-thread-11075#
[DetermineApplicationServiceBindingActionsStep] Getting application "Vendor_portal-srv"...#
#2026 05 30 10:19:18.731#Z#DEBUG#f7aba7f1-5c10-11f1-a636-eeee0a864133.OPERATION#flowable-async-job-executor-thread-11072#
[DetermineApplicationServiceBindingActionsStep] Determine bind/unbind operations of application "Vendor_portal" to service instance "Vendor_portal-auth"#
#2026 05 30 10:19:18.731#Z#DEBUG#f7aba7f1-5c10-11f1-a636-eeee0a864133.OPERATION#flowable-async-job-executor-thread-11072#
[DetermineApplicationServiceBindingActionsStep] Getting application "Vendor_portal"...#
#2026 05 30 10:19:18.776#Z#DEBUG#f7aba7f1-5c10-11f1-a636-eeee0a864133.OPERATION#flowable-async-job-executor-thread-11072#
[DetermineApplicationServiceBindingActionsStep] Binding parameters for application "Vendor_portal": { }#
#2026 05 30 10:19:18.778#Z#DEBUG#f7aba7f1-5c10-11f1-a636-eeee0a864133.OPERATION#flowable-async-job-executor-thread-11075#
[DetermineApplicationServiceBindingActionsStep] Binding parameters for application "Vendor_portal-srv": { }#
#2026 05 30 10:19:18.813#Z#DEBUG#f7aba7f1-5c10-11f1-a636-eeee0a864133.OPERATION#flowable-async-job-executor-thread-11072#
[DetermineApplicationServiceBindingActionsStep] Calculated binding operations between application "Vendor_portal" and service instance "Vendor_portal-auth": unbind - false bind - true#
#2026 05 30 10:19:18.813#Z#DEBUG#f7aba7f1-5c10-11f1-a636-eeee0a864133.OPERATION#flowable-async-job-executor-thread-11072#
Step "Determine Application Service Binding Actions" finished#
#2026 05 30 10:19:18.743#Z#DEBUG#f7aba7f1-5c10-11f1-a636-eeee0a864133.OPERATION#flowable-async-job-executor-thread-28219#
[DetermineApplicationServiceBindingActionsStep] Executing task "determineApplicationServiceBindingActionsTask" of process "048d89fd-5c11-11f1-a636-eeee0a864133"...#
#2026 05 30 10:19:18.745#Z#DEBUG#f7aba7f1-5c10-11f1-a636-eeee0a864133.OPERATION#flowable-async-job-executor-thread-28219#
[DetermineApplicationServiceBindingActionsStep] Determine bind/unbind operations of application "Vendor_portal" to service instance "Vendor_portal-destination"#
#2026 05 30 10:19:18.745#Z#DEBUG#f7aba7f1-5c10-11f1-a636-eeee0a864133.OPERATION#flowable-async-job-executor-thread-28219#
[DetermineApplicationServiceBindingActionsStep] Getting application "Vendor_portal"...#
#2026 05 30 10:19:18.795#Z#DEBUG#f7aba7f1-5c10-11f1-a636-eeee0a864133.OPERATION#flowable-async-job-executor-thread-28219#
[DetermineApplicationServiceBindingActionsStep] Binding parameters for application "Vendor_portal": { }#
#2026 05 30 10:19:18.825#Z#DEBUG#f7aba7f1-5c10-11f1-a636-eeee0a864133.OPERATION#flowable-async-job-executor-thread-28219#
[DetermineApplicationServiceBindingActionsStep] Calculated binding operations between application "Vendor_portal" and service instance "Vendor_portal-destination": unbind - false bind - true#
#2026 05 30 10:19:18.825#Z#DEBUG#f7aba7f1-5c10-11f1-a636-eeee0a864133.OPERATION#flowable-async-job-executor-thread-28219#
Step "Determine Application Service Binding Actions" finished#
#2026 05 30 10:19:18.825#Z#DEBUG#f7aba7f1-5c10-11f1-a636-eeee0a864133.OPERATION#flowable-async-job-executor-thread-11075#
[DetermineApplicationServiceBindingActionsStep] Check should rebind application "Vendor_portal-srv" and service instance "Vendor_portal-destination"#
#2026 05 30 10:19:18.825#Z#DEBUG#f7aba7f1-5c10-11f1-a636-eeee0a864133.OPERATION#flowable-async-job-executor-thread-11075#
[DetermineApplicationServiceBindingActionsStep] Getting GUID of required service instance "Vendor_portal-destination"...#
#2026 05 30 10:19:18.856#Z#DEBUG#f7aba7f1-5c10-11f1-a636-eeee0a864133.OPERATION#flowable-async-job-executor-thread-11075#
[DetermineApplicationServiceBindingActionsStep] Getting binding of service instance "0096e76b-4204-4488-89af-b195d851d22b" with application "f3610358-e791-4b3a-8047-269077eb9aff"...#
#2026 05 30 10:19:18.890#Z#DEBUG#f7aba7f1-5c10-11f1-a636-eeee0a864133.OPERATION#flowable-async-job-executor-thread-11075#
[DetermineApplicationServiceBindingActionsStep] Getting parameters of service binding "24efbd4b-4374-4dd8-8e7b-8a1db2dae939"...#
#2026 05 30 10:19:18.919#Z#WARN#f7aba7f1-5c10-11f1-a636-eeee0a864133.OPERATION#flowable-async-job-executor-thread-11075#
[DetermineApplicationServiceBindingActionsStep] Cannot retrieve parameters of binding between application "Vendor_portal-srv" and service instance "Vendor_portal-destination"#
#2026 05 30 10:19:18.921#Z#DEBUG#f7aba7f1-5c10-11f1-a636-eeee0a864133.OPERATION#flowable-async-job-executor-thread-11075#
[DetermineApplicationServiceBindingActionsStep] Calculated binding operations between application "Vendor_portal-srv" and service instance "Vendor_portal-destination": unbind - true bind - true#
#2026 05 30 10:19:18.921#Z#DEBUG#f7aba7f1-5c10-11f1-a636-eeee0a864133.OPERATION#flowable-async-job-executor-thread-11075#
Step "Determine Application Service Binding Actions" finished#
#2026 05 30 10:19:18.857#Z#DEBUG#f7aba7f1-5c10-11f1-a636-eeee0a864133.OPERATION#flowable-async-job-executor-thread-28219#
[BindServiceToApplicationStep] Executing task "bindServiceToApplicationTask" of process "048d89fd-5c11-11f1-a636-eeee0a864133"...#
#2026 05 30 10:19:18.858#Z#INFO#f7aba7f1-5c10-11f1-a636-eeee0a864133.OPERATION#flowable-async-job-executor-thread-28219#
[BindServiceToApplicationStep] Binding service instance "Vendor_portal-destination" to application "Vendor_portal"...#
#2026 05 30 10:19:18.864#Z#DEBUG#f7aba7f1-5c10-11f1-a636-eeee0a864133.OPERATION#flowable-async-job-executor-thread-28219#
[BindServiceToApplicationStep] Binding service instance "Vendor_portal-destination" to application "Vendor_portal" with parameters: { }#
#2026 05 30 10:19:18.992#Z#DEBUG#f7aba7f1-5c10-11f1-a636-eeee0a864133.OPERATION#flowable-async-job-executor-thread-28219#
Step "Bind Service to Application" finished#
#2026 05 30 10:19:18.881#Z#DEBUG#f7aba7f1-5c10-11f1-a636-eeee0a864133.OPERATION#flowable-async-job-executor-thread-11072#
[BindServiceToApplicationStep] Executing task "bindServiceToApplicationTask" of process "04821803-5c11-11f1-bcd3-eeee0a9b4b71"...#
#2026 05 30 10:19:18.883#Z#INFO#f7aba7f1-5c10-11f1-a636-eeee0a864133.OPERATION#flowable-async-job-executor-thread-11072#
[BindServiceToApplicationStep] Binding service instance "Vendor_portal-auth" to application "Vendor_portal"...#
#2026 05 30 10:19:18.893#Z#DEBUG#f7aba7f1-5c10-11f1-a636-eeee0a864133.OPERATION#flowable-async-job-executor-thread-11072#
[BindServiceToApplicationStep] Binding service instance "Vendor_portal-auth" to application "Vendor_portal" with parameters: { }#
#2026 05 30 10:19:19.016#Z#DEBUG#f7aba7f1-5c10-11f1-a636-eeee0a864133.OPERATION#flowable-async-job-executor-thread-11072#
Step "Bind Service to Application" finished#
#2026 05 30 10:19:18.978#Z#DEBUG#f7aba7f1-5c10-11f1-a636-eeee0a864133.OPERATION#flowable-async-job-executor-thread-11075#
[UnbindServiceFromApplicationStep] Executing task "unbindServiceFromApplicationTask" of process "0480431d-5c11-11f1-bcd3-eeee0a9b4b71"...#
#2026 05 30 10:19:18.983#Z#INFO#f7aba7f1-5c10-11f1-a636-eeee0a864133.OPERATION#flowable-async-job-executor-thread-11075#
[UnbindServiceFromApplicationStep] Unbinding service instance "Vendor_portal-destination" from application "Vendor_portal-srv"...#
#2026 05 30 10:19:18.992#Z#DEBUG#f7aba7f1-5c10-11f1-a636-eeee0a864133.OPERATION#flowable-async-job-executor-thread-11075#
[UnbindServiceFromApplicationStep] Unbinding application "Vendor_portal-srv" from service instance "Vendor_portal-destination"...#
#2026 05 30 10:19:19.147#Z#DEBUG#f7aba7f1-5c10-11f1-a636-eeee0a864133.OPERATION#flowable-async-job-executor-thread-11075#
Step "Unbind Service from Application" finished#
#2026 05 30 10:19:18.661#Z#DEBUG#f7aba7f1-5c10-11f1-a636-eeee0a864133.OPERATION#flowable-async-job-executor-thread-11071#
[BuildContentDeploymentConfigurationStep] Executing task "buildContentDeploymentConfigurationTask" of process "0488cf66-5c11-11f1-bcd3-eeee0a9b4b71"...#
#2026 05 30 10:19:18.669#Z#DEBUG#f7aba7f1-5c10-11f1-a636-eeee0a864133.OPERATION#ForkJoinPool-143-worker-1#
[BuildContentDeploymentConfigurationStep] Getting service key "Vendor_portal-html5-repo-host-key" for service instance "Vendor_portal-html5-repo-host"...#
#2026 05 30 10:19:18.670#Z#DEBUG#f7aba7f1-5c10-11f1-a636-eeee0a864133.OPERATION#ForkJoinPool-143-worker-2#
[BuildContentDeploymentConfigurationStep] Getting service key "Vendor_portal-auth-key" for service instance "Vendor_portal-auth"...#
#2026 05 30 10:19:18.672#Z#DEBUG#f7aba7f1-5c10-11f1-a636-eeee0a864133.OPERATION#ForkJoinPool-143-worker-3#
[BuildContentDeploymentConfigurationStep] Getting service key "Vendor_portal-destinations-Vendor_portal-destination-credentials" for service instance "Vendor_portal-destination"...#
#2026 05 30 10:19:18.843#Z#INFO#f7aba7f1-5c10-11f1-a636-eeee0a864133.OPERATION#ForkJoinPool-143-worker-2#
[BuildContentDeploymentConfigurationStep] Creating service key "Vendor_portal-auth-key" for service instance "Vendor_portal-auth"...#
#2026 05 30 10:19:18.847#Z#INFO#f7aba7f1-5c10-11f1-a636-eeee0a864133.OPERATION#ForkJoinPool-143-worker-1#
[BuildContentDeploymentConfigurationStep] Creating service key "Vendor_portal-html5-repo-host-key" for service instance "Vendor_portal-html5-repo-host"...#
#2026 05 30 10:19:18.847#Z#INFO#f7aba7f1-5c10-11f1-a636-eeee0a864133.OPERATION#ForkJoinPool-143-worker-3#
[BuildContentDeploymentConfigurationStep] Creating service key "Vendor_portal-destinations-Vendor_portal-destination-credentials" for service instance "Vendor_portal-destination"...#
#2026 05 30 10:19:18.853#Z#DEBUG#f7aba7f1-5c10-11f1-a636-eeee0a864133.OPERATION#ForkJoinPool-143-worker-2#
[BuildContentDeploymentConfigurationStep] Creating service key "Vendor_portal-auth-key" for service instance "Vendor_portal-auth" with parameters: { }#
#2026 05 30 10:19:18.857#Z#DEBUG#f7aba7f1-5c10-11f1-a636-eeee0a864133.OPERATION#ForkJoinPool-143-worker-1#
[BuildContentDeploymentConfigurationStep] Creating service key "Vendor_portal-html5-repo-host-key" for service instance "Vendor_portal-html5-repo-host" with parameters: { }#
#2026 05 30 10:19:18.861#Z#DEBUG#f7aba7f1-5c10-11f1-a636-eeee0a864133.OPERATION#ForkJoinPool-143-worker-3#
[BuildContentDeploymentConfigurationStep] Creating service key "Vendor_portal-destinations-Vendor_portal-destination-credentials" for service instance "Vendor_portal-destination" with parameters: {
  "service_key_type" : "********"
}#
#2026 05 30 10:19:20.188#Z#DEBUG#f7aba7f1-5c10-11f1-a636-eeee0a864133.OPERATION#ForkJoinPool-143-worker-2#
[BuildContentDeploymentConfigurationStep] Service key "Vendor_portal-auth-key" created#
#2026 05 30 10:19:20.208#Z#DEBUG#f7aba7f1-5c10-11f1-a636-eeee0a864133.OPERATION#ForkJoinPool-143-worker-1#
[BuildContentDeploymentConfigurationStep] Service key "Vendor_portal-html5-repo-host-key" created#
#2026 05 30 10:19:22.269#Z#DEBUG#f7aba7f1-5c10-11f1-a636-eeee0a864133.OPERATION#ForkJoinPool-143-worker-3#
[BuildContentDeploymentConfigurationStep] Service key "Vendor_portal-destinations-Vendor_portal-destination-credentials" created#
#2026 05 30 10:19:22.270#Z#DEBUG#f7aba7f1-5c10-11f1-a636-eeee0a864133.OPERATION#flowable-async-job-executor-thread-11071#
Step "Build Content Deployment Configuration" finished#
#2026 05 30 10:19:22.279#Z#DEBUG#f7aba7f1-5c10-11f1-a636-eeee0a864133.OPERATION#flowable-async-job-executor-thread-11071#
[CreateContentDeployClientConfigurationStep] Executing task "createContentDeployClientConfigurationTask" of process "06c1cec6-5c11-11f1-bcd3-eeee0a9b4b71"...#
#2026 05 30 10:19:22.280#Z#DEBUG#f7aba7f1-5c10-11f1-a636-eeee0a864133.OPERATION#flowable-async-job-executor-thread-11071#
[CreateContentDeployClientConfigurationStep] Content deployer client configuration: {
  "contentDeployerUrl" : "https://destination-configuration.cfapps.us10.hana.ondemand.com/destination-configuration/gacd",
  "uaaClientConfiguration" : {
    "url" : "********",
    "credentials" : "********",
    "authenticationStrategyType" : "********"
  },
  "httpRequestHeaders" : {
    "X-CorrelationID" : "f7aba7f1-5c10-11f1-a636-eeee0a864133"
  },
  "spaceId" : "25c4b79f-ec1f-4f41-8212-286dd3a0616c",
  "serviceName" : "Vendor_portal-destination"
}#
#2026 05 30 10:19:22.499#Z#DEBUG#f7aba7f1-5c10-11f1-a636-eeee0a864133.OPERATION#flowable-async-job-executor-thread-11071#
Step "Create Content Deploy Client Configuration" finished#
#2026 05 30 10:19:22.501#Z#DEBUG#f7aba7f1-5c10-11f1-a636-eeee0a864133.OPERATION#flowable-async-job-executor-thread-11071#
[GetContentFromDeploymentDescriptorStep] Executing task "getContentFromDeploymentDescriptorTask" of process "06c1cec6-5c11-11f1-bcd3-eeee0a9b4b71"...#
#2026 05 30 10:19:22.501#Z#DEBUG#f7aba7f1-5c10-11f1-a636-eeee0a864133.OPERATION#flowable-async-job-executor-thread-11071#
[GetContentFromDeploymentDescriptorStep] Content for module: "Vendor_portal-destinations" is: "{
  "id" : "03a8d8ba-6882-4787-8738-b66f6c76480c",
  "contentType" : "EMBEDDED",
  "content" : {
    "instance" : {
      "destinations" : [ {
        "Name" : "Vendor_portal-html5-repository",
        "ServiceInstanceName" : "Vendor_portal-html5-repo-host",
        "ServiceKeyName" : "********",
        "sap.cloud.service" : "Vendor_portal.service"
      }, {
        "Authentication" : "********",
        "Name" : "********",
        "ServiceInstanceName" : "********",
        "ServiceKeyName" : "********",
        "sap.cloud.service" : "Vendor_portal.service"
      } ],
      "existing_destinations_policy" : "update"
    }
  }
}"#
#2026 05 30 10:19:22.501#Z#DEBUG#f7aba7f1-5c10-11f1-a636-eeee0a864133.OPERATION#flowable-async-job-executor-thread-11071#
Step "Get Content From Deployment Descriptor" finished#
#2026 05 30 10:19:22.505#Z#DEBUG#f7aba7f1-5c10-11f1-a636-eeee0a864133.OPERATION#flowable-async-job-executor-thread-11071#
[SynchronousContentDeployStep] Executing task "synchronousContentDeployTask" of process "06c1cec6-5c11-11f1-bcd3-eeee0a9b4b71"...#
#2026 05 30 10:19:22.505#Z#INFO#f7aba7f1-5c10-11f1-a636-eeee0a864133.OPERATION#flowable-async-job-executor-thread-11071#
[SynchronousContentDeployStep] Deploying content module "Vendor_portal-destinations" in target service "Vendor_portal-destination"...#
#2026 05 30 10:19:22.693#Z#DEBUG#f7aba7f1-5c10-11f1-a636-eeee0a864133.OPERATION#flowable-async-job-executor-thread-11071#
[SynchronousContentDeployStep] Processing inline content upload for module: Vendor_portal-destinations#
#2026 05 30 10:19:23.169#Z#DEBUG#f7aba7f1-5c10-11f1-a636-eeee0a864133.OPERATION#flowable-async-job-executor-thread-11071#
Step "Synchronous Deploy" finished#
#2026 05 30 10:19:24.225#Z#DEBUG#f7aba7f1-5c10-11f1-a636-eeee0a864133.OPERATION#flowable-async-job-executor-thread-28222#
[BindServiceToApplicationStep] Executing task "bindServiceToApplicationTask" of process "045c19cd-5c11-11f1-97fc-eeee0a8370ee"...#
#2026 05 30 10:19:24.226#Z#DEBUG#f7aba7f1-5c10-11f1-a636-eeee0a864133.OPERATION#flowable-async-job-executor-thread-28222#
[BindServiceToApplicationStep] Getting async job "01eea2fa-19a6-40a0-9c2f-c388bfabfe47"#
#2026 05 30 10:19:24.229#Z#DEBUG#f7aba7f1-5c10-11f1-a636-eeee0a864133.OPERATION#flowable-async-job-executor-thread-28224#
[BindServiceToApplicationStep] Executing task "bindServiceToApplicationTask" of process "048d89fd-5c11-11f1-a636-eeee0a864133"...#
#2026 05 30 10:19:24.230#Z#DEBUG#f7aba7f1-5c10-11f1-a636-eeee0a864133.OPERATION#flowable-async-job-executor-thread-28224#
[BindServiceToApplicationStep] Getting async job "6811f092-6f6b-4836-ad08-063140f16013"#
#2026 05 30 10:19:24.235#Z#DEBUG#f7aba7f1-5c10-11f1-a636-eeee0a864133.OPERATION#flowable-async-job-executor-thread-28225#
[BindServiceToApplicationStep] Executing task "bindServiceToApplicationTask" of process "04821803-5c11-11f1-bcd3-eeee0a9b4b71"...#
#2026 05 30 10:19:24.236#Z#DEBUG#f7aba7f1-5c10-11f1-a636-eeee0a864133.OPERATION#flowable-async-job-executor-thread-28225#
[BindServiceToApplicationStep] Getting async job "009fabc8-44a4-4d22-bcfe-e51e2eeca0aa"#
#2026 05 30 10:19:24.251#Z#DEBUG#f7aba7f1-5c10-11f1-a636-eeee0a864133.OPERATION#flowable-async-job-executor-thread-28222#
[BindServiceToApplicationStep] Getting service instance "Vendor_portal-html5-runtime"...#
#2026 05 30 10:19:24.255#Z#DEBUG#f7aba7f1-5c10-11f1-a636-eeee0a864133.OPERATION#flowable-async-job-executor-thread-28224#
[BindServiceToApplicationStep] Getting service instance "Vendor_portal-destination"...#
#2026 05 30 10:19:24.256#Z#DEBUG#f7aba7f1-5c10-11f1-a636-eeee0a864133.OPERATION#flowable-async-job-executor-thread-28225#
[BindServiceToApplicationStep] Getting service instance "Vendor_portal-auth"...#
#2026 05 30 10:19:24.376#Z#DEBUG#f7aba7f1-5c10-11f1-a636-eeee0a864133.OPERATION#flowable-async-job-executor-thread-28222#
[BindServiceToApplicationStep] Async service binding operation with id "01eea2fa-19a6-40a0-9c2f-c388bfabfe47" finished#
#2026 05 30 10:19:24.377#Z#DEBUG#f7aba7f1-5c10-11f1-a636-eeee0a864133.OPERATION#flowable-async-job-executor-thread-28224#
[BindServiceToApplicationStep] Async service binding operation with id "6811f092-6f6b-4836-ad08-063140f16013" finished#
#2026 05 30 10:19:24.377#Z#DEBUG#f7aba7f1-5c10-11f1-a636-eeee0a864133.OPERATION#flowable-async-job-executor-thread-28222#
Step "Bind Service to Application" finished#
#2026 05 30 10:19:24.378#Z#DEBUG#f7aba7f1-5c10-11f1-a636-eeee0a864133.OPERATION#flowable-async-job-executor-thread-28224#
Step "Bind Service to Application" finished#
#2026 05 30 10:19:24.216#Z#DEBUG#f7aba7f1-5c10-11f1-a636-eeee0a864133.OPERATION#flowable-async-job-executor-thread-28226#
[UnbindServiceFromApplicationStep] Executing task "unbindServiceFromApplicationTask" of process "03eba498-5c11-11f1-97fc-eeee0a8370ee"...#
#2026 05 30 10:19:24.218#Z#DEBUG#f7aba7f1-5c10-11f1-a636-eeee0a864133.OPERATION#flowable-async-job-executor-thread-28226#
[UnbindServiceFromApplicationStep] Getting async job "9395cde9-d93a-40d5-a569-b8e7ed933a14"#
#2026 05 30 10:19:24.241#Z#DEBUG#f7aba7f1-5c10-11f1-a636-eeee0a864133.OPERATION#flowable-async-job-executor-thread-28227#
[UnbindServiceFromApplicationStep] Executing task "unbindServiceFromApplicationTask" of process "0480431d-5c11-11f1-bcd3-eeee0a9b4b71"...#
#2026 05 30 10:19:24.243#Z#DEBUG#f7aba7f1-5c10-11f1-a636-eeee0a864133.OPERATION#flowable-async-job-executor-thread-28227#
[UnbindServiceFromApplicationStep] Getting async job "ee8bc3c7-a1da-482c-ab41-c5540668f35e"#
#2026 05 30 10:19:24.245#Z#DEBUG#f7aba7f1-5c10-11f1-a636-eeee0a864133.OPERATION#flowable-async-job-executor-thread-28226#
[UnbindServiceFromApplicationStep] Getting service instance "Vendor_portal-auth"...#
#2026 05 30 10:19:24.272#Z#DEBUG#f7aba7f1-5c10-11f1-a636-eeee0a864133.OPERATION#flowable-async-job-executor-thread-28227#
[UnbindServiceFromApplicationStep] Getting service instance "Vendor_portal-destination"...#
#2026 05 30 10:19:24.376#Z#DEBUG#f7aba7f1-5c10-11f1-a636-eeee0a864133.OPERATION#flowable-async-job-executor-thread-28226#
[UnbindServiceFromApplicationStep] Async service binding operation with id "9395cde9-d93a-40d5-a569-b8e7ed933a14" finished#
#2026 05 30 10:19:24.379#Z#DEBUG#f7aba7f1-5c10-11f1-a636-eeee0a864133.OPERATION#flowable-async-job-executor-thread-28226#
Step "Unbind Service from Application" finished#
#2026 05 30 10:19:24.394#Z#DEBUG#f7aba7f1-5c10-11f1-a636-eeee0a864133.OPERATION#flowable-async-job-executor-thread-28225#
[BindServiceToApplicationStep] Async service binding operation with id "009fabc8-44a4-4d22-bcfe-e51e2eeca0aa" finished#
#2026 05 30 10:19:24.395#Z#DEBUG#f7aba7f1-5c10-11f1-a636-eeee0a864133.OPERATION#flowable-async-job-executor-thread-28225#
Step "Bind Service to Application" finished#
#2026 05 30 10:19:24.405#Z#DEBUG#f7aba7f1-5c10-11f1-a636-eeee0a864133.OPERATION#flowable-async-job-executor-thread-28227#
[UnbindServiceFromApplicationStep] Async service binding operation with id "ee8bc3c7-a1da-482c-ab41-c5540668f35e" finished#
#2026 05 30 10:19:24.408#Z#DEBUG#f7aba7f1-5c10-11f1-a636-eeee0a864133.OPERATION#flowable-async-job-executor-thread-28227#
Step "Unbind Service from Application" finished#
#2026 05 30 10:19:24.442#Z#DEBUG#f7aba7f1-5c10-11f1-a636-eeee0a864133.OPERATION#flowable-async-job-executor-thread-28226#
[BindServiceToApplicationStep] Executing task "bindServiceToApplicationTask" of process "03eba498-5c11-11f1-97fc-eeee0a8370ee"...#
#2026 05 30 10:19:24.443#Z#INFO#f7aba7f1-5c10-11f1-a636-eeee0a864133.OPERATION#flowable-async-job-executor-thread-28226#
[BindServiceToApplicationStep] Binding service instance "Vendor_portal-auth" to application "Vendor_portal-srv"...#
#2026 05 30 10:19:24.449#Z#DEBUG#f7aba7f1-5c10-11f1-a636-eeee0a864133.OPERATION#flowable-async-job-executor-thread-28226#
[BindServiceToApplicationStep] Binding service instance "Vendor_portal-auth" to application "Vendor_portal-srv" with parameters: { }#
#2026 05 30 10:19:24.452#Z#DEBUG#f7aba7f1-5c10-11f1-a636-eeee0a864133.OPERATION#flowable-async-job-executor-thread-28227#
[BindServiceToApplicationStep] Executing task "bindServiceToApplicationTask" of process "0480431d-5c11-11f1-bcd3-eeee0a9b4b71"...#
#2026 05 30 10:19:24.453#Z#INFO#f7aba7f1-5c10-11f1-a636-eeee0a864133.OPERATION#flowable-async-job-executor-thread-28227#
[BindServiceToApplicationStep] Binding service instance "Vendor_portal-destination" to application "Vendor_portal-srv"...#
#2026 05 30 10:19:24.459#Z#DEBUG#f7aba7f1-5c10-11f1-a636-eeee0a864133.OPERATION#flowable-async-job-executor-thread-28227#
[BindServiceToApplicationStep] Binding service instance "Vendor_portal-destination" to application "Vendor_portal-srv" with parameters: { }#
#2026 05 30 10:19:24.592#Z#DEBUG#f7aba7f1-5c10-11f1-a636-eeee0a864133.OPERATION#flowable-async-job-executor-thread-28226#
Step "Bind Service to Application" finished#
#2026 05 30 10:19:24.613#Z#DEBUG#f7aba7f1-5c10-11f1-a636-eeee0a864133.OPERATION#flowable-async-job-executor-thread-28227#
Step "Bind Service to Application" finished#
#2026 05 30 10:19:24.649#Z#DEBUG#f7aba7f1-5c10-11f1-a636-eeee0a864133.OPERATION#flowable-async-job-executor-thread-28222#
[DetermineVcapServicesPropertiesChangedStep] Executing task "determineVcapServicesPropertiesChangedTask" of process "0824ba14-5c11-11f1-a636-eeee0a864133"...#
#2026 05 30 10:19:24.650#Z#DEBUG#f7aba7f1-5c10-11f1-a636-eeee0a864133.OPERATION#flowable-async-job-executor-thread-28222#
[DetermineVcapServicesPropertiesChangedStep] VCAP_SERVICES properties for application "Vendor_portal" changed: true#
#2026 05 30 10:19:24.650#Z#DEBUG#f7aba7f1-5c10-11f1-a636-eeee0a864133.OPERATION#flowable-async-job-executor-thread-28222#
Step "Determine vcap services properties changed" finished#
#2026 05 30 10:19:24.204#Z#DEBUG#f7aba7f1-5c10-11f1-a636-eeee0a864133.OPERATION#flowable-async-job-executor-thread-28223#
[UploadAppStep] Executing task "uploadAppTask" of process "038dcc92-5c11-11f1-bcd3-eeee0a9b4b71"...#
#2026 05 30 10:19:24.207#Z#DEBUG#f7aba7f1-5c10-11f1-a636-eeee0a864133.OPERATION#flowable-async-job-executor-thread-28223#
[UploadAppStep] Application upload timeout is default one: 3,600 seconds#
#2026 05 30 10:19:24.209#Z#DEBUG#f7aba7f1-5c10-11f1-a636-eeee0a864133.OPERATION#pool-21-thread-6#
[UploadAppStep] Upload of application: Vendor_portal-db-deployer started on instance: 0#
#2026 05 30 10:19:24.209#Z#DEBUG#f7aba7f1-5c10-11f1-a636-eeee0a864133.OPERATION#pool-21-thread-6#
[UploadAppStep] Uploading file "Vendor_portal-db-deployer/data.zip" for application "Vendor_portal-db-deployer"#
#2026 05 30 10:19:24.295#Z#INFO#f7aba7f1-5c10-11f1-a636-eeee0a864133.OPERATION#pool-21-thread-6#
[UploadAppStep] Time elapsed for app binary download: 86 in millis#
#2026 05 30 10:19:24.296#Z#INFO#f7aba7f1-5c10-11f1-a636-eeee0a864133.OPERATION#pool-21-thread-6#
[UploadAppStep] Size of app Vendor_portal-db-deployer is 2,428,559 bytes#
#2026 05 30 10:19:24.296#Z#DEBUG#f7aba7f1-5c10-11f1-a636-eeee0a864133.OPERATION#pool-21-thread-6#
[UploadAppStep] Asynchronously uploading binaries for application "Vendor_portal-db-deployer"...#
#2026 05 30 10:19:24.496#Z#INFO#f7aba7f1-5c10-11f1-a636-eeee0a864133.OPERATION#pool-21-thread-6#
[UploadAppStep] Started async upload of application "Vendor_portal-db-deployer"#
#2026 05 30 10:19:24.501#Z#INFO#f7aba7f1-5c10-11f1-a636-eeee0a864133.OPERATION#flowable-async-job-executor-thread-28223#
[UploadAppStep] Time elapsed for upload: 294 in millis#
#2026 05 30 10:19:24.501#Z#DEBUG#f7aba7f1-5c10-11f1-a636-eeee0a864133.OPERATION#flowable-async-job-executor-thread-28223#
[UploadAppStep] Getting application "Vendor_portal-db-deployer"...#
#2026 05 30 10:19:24.516#Z#DEBUG#f7aba7f1-5c10-11f1-a636-eeee0a864133.OPERATION#App upload monitor: 4bb92769-10bd-4b60-b541-f53c76bfb4e3#
[UploadAppStep] Upload status: PROCESSING_UPLOAD#
#2026 05 30 10:19:24.544#Z#DEBUG#f7aba7f1-5c10-11f1-a636-eeee0a864133.OPERATION#flowable-async-job-executor-thread-28223#
[UploadAppStep] Getting environment of application "718baf92-0d5b-4a96-b0c8-87425390867d"...#
#2026 05 30 10:19:24.581#Z#DEBUG#f7aba7f1-5c10-11f1-a636-eeee0a864133.OPERATION#flowable-async-job-executor-thread-28223#
[UploadAppStep] Updating environment of application "Vendor_portal-db-deployer"#
#2026 05 30 10:19:24.655#Z#DEBUG#f7aba7f1-5c10-11f1-a636-eeee0a864133.OPERATION#flowable-async-job-executor-thread-28223#
Step "Upload App" finished#
#2026 05 30 10:19:24.674#Z#DEBUG#f7aba7f1-5c10-11f1-a636-eeee0a864133.OPERATION#flowable-async-job-executor-thread-28222#
[UploadAppStep] Executing task "uploadAppTask" of process "0824ba14-5c11-11f1-a636-eeee0a864133"...#
#2026 05 30 10:19:24.676#Z#DEBUG#f7aba7f1-5c10-11f1-a636-eeee0a864133.OPERATION#flowable-async-job-executor-thread-28222#
[UploadAppStep] Application upload timeout is default one: 3,600 seconds#
#2026 05 30 10:19:24.676#Z#INFO#f7aba7f1-5c10-11f1-a636-eeee0a864133.OPERATION#flowable-async-job-executor-thread-28222#
[UploadAppStep] Uploading application "Vendor_portal"...#
#2026 05 30 10:19:24.681#Z#DEBUG#f7aba7f1-5c10-11f1-a636-eeee0a864133.OPERATION#flowable-async-job-executor-thread-28222#
[UploadAppStep] Getting application "Vendor_portal"...#
#2026 05 30 10:19:24.719#Z#DEBUG#f7aba7f1-5c10-11f1-a636-eeee0a864133.OPERATION#flowable-async-job-executor-thread-28222#
[UploadAppStep] Getting environment of application "8eeb1495-b644-4c51-b33b-4bba12e1bf9d"...#
#2026 05 30 10:19:24.752#Z#INFO#f7aba7f1-5c10-11f1-a636-eeee0a864133.OPERATION#flowable-async-job-executor-thread-28222#
[UploadAppStep] Calculating application digest: "Vendor_portal"#
#2026 05 30 10:19:24.774#Z#DEBUG#f7aba7f1-5c10-11f1-a636-eeee0a864133.OPERATION#flowable-async-job-executor-thread-28222#
Step "Upload App" finished#
#2026 05 30 10:19:24.219#Z#DEBUG#f7aba7f1-5c10-11f1-a636-eeee0a864133.OPERATION#flowable-async-job-executor-thread-11077#
[StartContentDeployStep] Executing task "startContentDeployTask" of process "0345a068-5c11-11f1-97fc-eeee0a8370ee"...#
#2026 05 30 10:19:24.222#Z#DEBUG#f7aba7f1-5c10-11f1-a636-eeee0a864133.OPERATION#flowable-async-job-executor-thread-11077#
[StartContentDeployStep] Checking status of module content deployment "Vendor_portal-app-deployer" in service "Vendor_portal-html5-repo-host"...#
#2026 05 30 10:19:24.736#Z#DEBUG#f7aba7f1-5c10-11f1-a636-eeee0a864133.OPERATION#flowable-async-job-executor-thread-11077#
[StartContentDeployStep] Deleting content deployment resource "dd721202-61d7-4758-b515-9c3c38de6fc3"...#
#2026 05 30 10:19:24.768#Z#DEBUG#f7aba7f1-5c10-11f1-a636-eeee0a864133.OPERATION#flowable-async-job-executor-thread-11077#
Step "Start Content Deploy" finished#
#2026 05 30 10:19:29.548#Z#DEBUG#f7aba7f1-5c10-11f1-a636-eeee0a864133.OPERATION#App upload monitor: 4bb92769-10bd-4b60-b541-f53c76bfb4e3#
[UploadAppStep] Upload status: READY#
#2026 05 30 10:19:34.271#Z#DEBUG#f7aba7f1-5c10-11f1-a636-eeee0a864133.OPERATION#flowable-async-job-executor-thread-28231#
[UploadAppStep] Executing task "uploadAppTask" of process "038dcc92-5c11-11f1-bcd3-eeee0a9b4b71"...#
#2026 05 30 10:19:34.273#Z#DEBUG#f7aba7f1-5c10-11f1-a636-eeee0a864133.OPERATION#flowable-async-job-executor-thread-28231#
[UploadAppStep] Application upload timeout is default one: 3,600 seconds#
#2026 05 30 10:19:34.273#Z#DEBUG#f7aba7f1-5c10-11f1-a636-eeee0a864133.OPERATION#flowable-async-job-executor-thread-28231#
[UploadAppStep] Checking upload status of application "Vendor_portal-db-deployer"...#
#2026 05 30 10:19:34.274#Z#DEBUG#f7aba7f1-5c10-11f1-a636-eeee0a864133.OPERATION#flowable-async-job-executor-thread-28231#
[UploadAppStep] Getting package "4bb92769-10bd-4b60-b541-f53c76bfb4e3"...#
#2026 05 30 10:19:34.279#Z#DEBUG#f7aba7f1-5c10-11f1-a636-eeee0a864133.OPERATION#flowable-async-job-executor-thread-28233#
[UploadAppStep] Executing task "uploadAppTask" of process "0824ba14-5c11-11f1-a636-eeee0a864133"...#
#2026 05 30 10:19:34.281#Z#DEBUG#f7aba7f1-5c10-11f1-a636-eeee0a864133.OPERATION#flowable-async-job-executor-thread-28233#
[UploadAppStep] Application upload timeout is default one: 3,600 seconds#
#2026 05 30 10:19:34.282#Z#DEBUG#f7aba7f1-5c10-11f1-a636-eeee0a864133.OPERATION#pool-21-thread-6#
[UploadAppStep] Upload of application: Vendor_portal started on instance: 0#
#2026 05 30 10:19:34.282#Z#DEBUG#f7aba7f1-5c10-11f1-a636-eeee0a864133.OPERATION#pool-21-thread-6#
[UploadAppStep] Uploading file "Vendor_portal/data.zip" for application "Vendor_portal"#
#2026 05 30 10:19:34.302#Z#DEBUG#f7aba7f1-5c10-11f1-a636-eeee0a864133.OPERATION#flowable-async-job-executor-thread-28231#
[UploadAppStep] Application "Vendor_portal-db-deployer" uploaded#
#2026 05 30 10:19:34.303#Z#DEBUG#f7aba7f1-5c10-11f1-a636-eeee0a864133.OPERATION#flowable-async-job-executor-thread-28231#
Step "Upload App" finished#
#2026 05 30 10:19:34.329#Z#DEBUG#f7aba7f1-5c10-11f1-a636-eeee0a864133.OPERATION#flowable-async-job-executor-thread-28231#
[ScaleAppStep] Executing task "scaleAppTask" of process "038dcc92-5c11-11f1-bcd3-eeee0a9b4b71"...#
#2026 05 30 10:19:34.330#Z#DEBUG#f7aba7f1-5c10-11f1-a636-eeee0a864133.OPERATION#flowable-async-job-executor-thread-28231#
[ScaleAppStep] Scaling application "Vendor_portal-db-deployer"...#
#2026 05 30 10:19:34.330#Z#DEBUG#f7aba7f1-5c10-11f1-a636-eeee0a864133.OPERATION#flowable-async-job-executor-thread-28231#
[ScaleAppStep] Getting application guid "Vendor_portal-db-deployer"...#
#2026 05 30 10:19:34.389#Z#DEBUG#f7aba7f1-5c10-11f1-a636-eeee0a864133.OPERATION#flowable-async-job-executor-thread-28231#
[ScaleAppStep] Getting process for application "718baf92-0d5b-4a96-b0c8-87425390867d"...#
#2026 05 30 10:19:34.420#Z#DEBUG#f7aba7f1-5c10-11f1-a636-eeee0a864133.OPERATION#flowable-async-job-executor-thread-28231#
[ScaleAppStep] Application "Vendor_portal-db-deployer" scaled#
#2026 05 30 10:19:34.420#Z#DEBUG#f7aba7f1-5c10-11f1-a636-eeee0a864133.OPERATION#flowable-async-job-executor-thread-28231#
Step "Scale App" finished#
#2026 05 30 10:19:34.266#Z#DEBUG#f7aba7f1-5c10-11f1-a636-eeee0a864133.OPERATION#flowable-async-job-executor-thread-28234#
[BindServiceToApplicationStep] Executing task "bindServiceToApplicationTask" of process "03eba498-5c11-11f1-97fc-eeee0a8370ee"...#
#2026 05 30 10:19:34.267#Z#DEBUG#f7aba7f1-5c10-11f1-a636-eeee0a864133.OPERATION#flowable-async-job-executor-thread-28234#
[BindServiceToApplicationStep] Getting async job "93fe6d63-2ac1-44f3-96a7-2da07508b5b8"#
#2026 05 30 10:19:34.269#Z#DEBUG#f7aba7f1-5c10-11f1-a636-eeee0a864133.OPERATION#flowable-async-job-executor-thread-28235#
[BindServiceToApplicationStep] Executing task "bindServiceToApplicationTask" of process "0480431d-5c11-11f1-bcd3-eeee0a9b4b71"...#
#2026 05 30 10:19:34.270#Z#DEBUG#f7aba7f1-5c10-11f1-a636-eeee0a864133.OPERATION#flowable-async-job-executor-thread-28235#
[BindServiceToApplicationStep] Getting async job "a94dc65c-336f-4b63-b540-24b0a25c95bf"#
#2026 05 30 10:19:34.293#Z#DEBUG#f7aba7f1-5c10-11f1-a636-eeee0a864133.OPERATION#flowable-async-job-executor-thread-28234#
[BindServiceToApplicationStep] Getting service instance "Vendor_portal-auth"...#
#2026 05 30 10:19:34.295#Z#DEBUG#f7aba7f1-5c10-11f1-a636-eeee0a864133.OPERATION#flowable-async-job-executor-thread-28235#
[BindServiceToApplicationStep] Getting service instance "Vendor_portal-destination"...#
#2026 05 30 10:19:34.424#Z#DEBUG#f7aba7f1-5c10-11f1-a636-eeee0a864133.OPERATION#flowable-async-job-executor-thread-28234#
[BindServiceToApplicationStep] Async service binding operation with id "93fe6d63-2ac1-44f3-96a7-2da07508b5b8" finished#
#2026 05 30 10:19:34.425#Z#DEBUG#f7aba7f1-5c10-11f1-a636-eeee0a864133.OPERATION#flowable-async-job-executor-thread-28234#
Step "Bind Service to Application" finished#
#2026 05 30 10:19:34.439#Z#DEBUG#f7aba7f1-5c10-11f1-a636-eeee0a864133.OPERATION#flowable-async-job-executor-thread-28235#
[BindServiceToApplicationStep] Async service binding operation with id "a94dc65c-336f-4b63-b540-24b0a25c95bf" finished#
#2026 05 30 10:19:34.440#Z#DEBUG#f7aba7f1-5c10-11f1-a636-eeee0a864133.OPERATION#flowable-async-job-executor-thread-28235#
Step "Bind Service to Application" finished#
#2026 05 30 10:19:34.446#Z#DEBUG#f7aba7f1-5c10-11f1-a636-eeee0a864133.OPERATION#flowable-async-job-executor-thread-28231#
[DetermineDesiredStateAchievingActionsStep] Executing task "determineDesiredStateAchievingActionsTask" of process "038dcc92-5c11-11f1-bcd3-eeee0a9b4b71"...#
#2026 05 30 10:19:34.447#Z#DEBUG#f7aba7f1-5c10-11f1-a636-eeee0a864133.OPERATION#flowable-async-job-executor-thread-28231#
[DetermineDesiredStateAchievingActionsStep] Getting application "Vendor_portal-db-deployer"...#
#2026 05 30 10:19:34.501#Z#DEBUG#f7aba7f1-5c10-11f1-a636-eeee0a864133.OPERATION#flowable-async-job-executor-thread-28231#
[DetermineDesiredStateAchievingActionsStep] Getting instances for application "Vendor_portal-db-deployer"...#
#2026 05 30 10:19:34.501#Z#DEBUG#f7aba7f1-5c10-11f1-a636-eeee0a864133.OPERATION#flowable-async-job-executor-thread-28231#
[DetermineDesiredStateAchievingActionsStep] Getting environment of application "718baf92-0d5b-4a96-b0c8-87425390867d"...#
#2026 05 30 10:19:34.533#Z#DEBUG#f7aba7f1-5c10-11f1-a636-eeee0a864133.OPERATION#flowable-async-job-executor-thread-28231#
[DetermineDesiredStateAchievingActionsStep] Current state of application Vendor_portal-db-deployer: STOPPED#
#2026 05 30 10:19:34.533#Z#DEBUG#f7aba7f1-5c10-11f1-a636-eeee0a864133.OPERATION#flowable-async-job-executor-thread-28231#
[DetermineDesiredStateAchievingActionsStep] Desired state of application Vendor_portal-db-deployer: STOPPED#
#2026 05 30 10:19:34.534#Z#DEBUG#f7aba7f1-5c10-11f1-a636-eeee0a864133.OPERATION#flowable-async-job-executor-thread-28231#
[DetermineDesiredStateAchievingActionsStep] Actions that should be executed on application Vendor_portal-db-deployer: [STAGE]#
#2026 05 30 10:19:34.534#Z#DEBUG#f7aba7f1-5c10-11f1-a636-eeee0a864133.OPERATION#flowable-async-job-executor-thread-28231#
Step "Determine Desired State Achieving Actions" finished#
#2026 05 30 10:19:34.361#Z#INFO#f7aba7f1-5c10-11f1-a636-eeee0a864133.OPERATION#pool-21-thread-6#
[UploadAppStep] Time elapsed for app binary download: 78 in millis#
#2026 05 30 10:19:34.361#Z#INFO#f7aba7f1-5c10-11f1-a636-eeee0a864133.OPERATION#pool-21-thread-6#
[UploadAppStep] Size of app Vendor_portal is 768 bytes#
#2026 05 30 10:19:34.361#Z#DEBUG#f7aba7f1-5c10-11f1-a636-eeee0a864133.OPERATION#pool-21-thread-6#
[UploadAppStep] Asynchronously uploading binaries for application "Vendor_portal"...#
#2026 05 30 10:19:34.544#Z#INFO#f7aba7f1-5c10-11f1-a636-eeee0a864133.OPERATION#pool-21-thread-6#
[UploadAppStep] Started async upload of application "Vendor_portal"#
#2026 05 30 10:19:34.549#Z#INFO#f7aba7f1-5c10-11f1-a636-eeee0a864133.OPERATION#flowable-async-job-executor-thread-28233#
[UploadAppStep] Time elapsed for upload: 267 in millis#
#2026 05 30 10:19:34.549#Z#DEBUG#f7aba7f1-5c10-11f1-a636-eeee0a864133.OPERATION#flowable-async-job-executor-thread-28233#
[UploadAppStep] Getting application "Vendor_portal"...#
#2026 05 30 10:19:34.565#Z#DEBUG#f7aba7f1-5c10-11f1-a636-eeee0a864133.OPERATION#App upload monitor: eab178d8-458b-465a-ada6-e377d624d2ee#
[UploadAppStep] Upload status: PROCESSING_UPLOAD#
#2026 05 30 10:19:34.589#Z#DEBUG#f7aba7f1-5c10-11f1-a636-eeee0a864133.OPERATION#flowable-async-job-executor-thread-28233#
[UploadAppStep] Getting environment of application "8eeb1495-b644-4c51-b33b-4bba12e1bf9d"...#
#2026 05 30 10:19:34.622#Z#DEBUG#f7aba7f1-5c10-11f1-a636-eeee0a864133.OPERATION#flowable-async-job-executor-thread-28233#
[UploadAppStep] Updating environment of application "Vendor_portal"#
#2026 05 30 10:19:34.718#Z#DEBUG#f7aba7f1-5c10-11f1-a636-eeee0a864133.OPERATION#flowable-async-job-executor-thread-28233#
Step "Upload App" finished#
#2026 05 30 10:19:34.560#Z#DEBUG#f7aba7f1-5c10-11f1-a636-eeee0a864133.OPERATION#flowable-async-job-executor-thread-28231#
[StageAppStep] Executing task "stageAppTask" of process "038dcc92-5c11-11f1-bcd3-eeee0a9b4b71"...#
#2026 05 30 10:19:34.562#Z#DEBUG#f7aba7f1-5c10-11f1-a636-eeee0a864133.OPERATION#flowable-async-job-executor-thread-28231#
[StageAppStep] Application stage timeout is default one: 3,600 seconds#
#2026 05 30 10:19:34.563#Z#INFO#f7aba7f1-5c10-11f1-a636-eeee0a864133.OPERATION#flowable-async-job-executor-thread-28231#
[StageAppStep] Staging application "Vendor_portal-db-deployer"...#
#2026 05 30 10:19:34.566#Z#DEBUG#f7aba7f1-5c10-11f1-a636-eeee0a864133.OPERATION#flowable-async-job-executor-thread-28231#
[StageAppStep] Creating build for package "4bb92769-10bd-4b60-b541-f53c76bfb4e3"...#
#2026 05 30 10:19:34.969#Z#DEBUG#f7aba7f1-5c10-11f1-a636-eeee0a864133.OPERATION#flowable-async-job-executor-thread-28231#
Step "Stage App" finished#
#2026 05 30 10:19:35.624#Z#DEBUG#f7aba7f1-5c10-11f1-a636-eeee0a864133.OPERATION#flowable-async-job-executor-thread-10276#
[DetermineVcapServicesPropertiesChangedStep] Executing task "determineVcapServicesPropertiesChangedTask" of process "0eae281f-5c11-11f1-97fc-eeee0a8370ee"...#
#2026 05 30 10:19:35.626#Z#DEBUG#f7aba7f1-5c10-11f1-a636-eeee0a864133.OPERATION#flowable-async-job-executor-thread-10276#
[DetermineVcapServicesPropertiesChangedStep] VCAP_SERVICES properties for application "Vendor_portal-srv" changed: true#
#2026 05 30 10:19:35.626#Z#DEBUG#f7aba7f1-5c10-11f1-a636-eeee0a864133.OPERATION#flowable-async-job-executor-thread-10276#
Step "Determine vcap services properties changed" finished#
#2026 05 30 10:19:35.658#Z#DEBUG#f7aba7f1-5c10-11f1-a636-eeee0a864133.OPERATION#flowable-async-job-executor-thread-10277#
[UploadAppStep] Executing task "uploadAppTask" of process "0eae281f-5c11-11f1-97fc-eeee0a8370ee"...#
#2026 05 30 10:19:35.660#Z#DEBUG#f7aba7f1-5c10-11f1-a636-eeee0a864133.OPERATION#flowable-async-job-executor-thread-10277#
[UploadAppStep] Application upload timeout is default one: 3,600 seconds#
#2026 05 30 10:19:35.660#Z#INFO#f7aba7f1-5c10-11f1-a636-eeee0a864133.OPERATION#flowable-async-job-executor-thread-10277#
[UploadAppStep] Uploading application "Vendor_portal-srv"...#
#2026 05 30 10:19:35.665#Z#DEBUG#f7aba7f1-5c10-11f1-a636-eeee0a864133.OPERATION#flowable-async-job-executor-thread-10277#
[UploadAppStep] Getting application "Vendor_portal-srv"...#
#2026 05 30 10:19:35.711#Z#DEBUG#f7aba7f1-5c10-11f1-a636-eeee0a864133.OPERATION#flowable-async-job-executor-thread-10277#
[UploadAppStep] Getting environment of application "f3610358-e791-4b3a-8047-269077eb9aff"...#
#2026 05 30 10:19:35.749#Z#INFO#f7aba7f1-5c10-11f1-a636-eeee0a864133.OPERATION#flowable-async-job-executor-thread-10277#
[UploadAppStep] Calculating application digest: "Vendor_portal-srv"#
#2026 05 30 10:19:35.938#Z#DEBUG#f7aba7f1-5c10-11f1-a636-eeee0a864133.OPERATION#flowable-async-job-executor-thread-10277#
Step "Upload App" finished#
#2026 05 30 10:19:39.592#Z#DEBUG#f7aba7f1-5c10-11f1-a636-eeee0a864133.OPERATION#App upload monitor: eab178d8-458b-465a-ada6-e377d624d2ee#
[UploadAppStep] Upload status: READY#
#2026 05 30 10:19:44.294#Z#DEBUG#f7aba7f1-5c10-11f1-a636-eeee0a864133.OPERATION#flowable-async-job-executor-thread-28240#
[UploadAppStep] Executing task "uploadAppTask" of process "0824ba14-5c11-11f1-a636-eeee0a864133"...#
#2026 05 30 10:19:44.296#Z#DEBUG#f7aba7f1-5c10-11f1-a636-eeee0a864133.OPERATION#flowable-async-job-executor-thread-28240#
[UploadAppStep] Application upload timeout is default one: 3,600 seconds#
#2026 05 30 10:19:44.296#Z#DEBUG#f7aba7f1-5c10-11f1-a636-eeee0a864133.OPERATION#flowable-async-job-executor-thread-28240#
[UploadAppStep] Checking upload status of application "Vendor_portal"...#
#2026 05 30 10:19:44.308#Z#DEBUG#f7aba7f1-5c10-11f1-a636-eeee0a864133.OPERATION#flowable-async-job-executor-thread-28240#
[UploadAppStep] Getting package "eab178d8-458b-465a-ada6-e377d624d2ee"...#
#2026 05 30 10:19:44.337#Z#DEBUG#f7aba7f1-5c10-11f1-a636-eeee0a864133.OPERATION#flowable-async-job-executor-thread-28240#
[UploadAppStep] Application "Vendor_portal" uploaded#
#2026 05 30 10:19:44.338#Z#DEBUG#f7aba7f1-5c10-11f1-a636-eeee0a864133.OPERATION#flowable-async-job-executor-thread-28240#
Step "Upload App" finished#
#2026 05 30 10:19:44.364#Z#DEBUG#f7aba7f1-5c10-11f1-a636-eeee0a864133.OPERATION#flowable-async-job-executor-thread-28242#
[ScaleAppStep] Executing task "scaleAppTask" of process "0824ba14-5c11-11f1-a636-eeee0a864133"...#
#2026 05 30 10:19:44.365#Z#DEBUG#f7aba7f1-5c10-11f1-a636-eeee0a864133.OPERATION#flowable-async-job-executor-thread-28242#
[ScaleAppStep] Scaling application "Vendor_portal"...#
#2026 05 30 10:19:44.365#Z#DEBUG#f7aba7f1-5c10-11f1-a636-eeee0a864133.OPERATION#flowable-async-job-executor-thread-28242#
[ScaleAppStep] Application "Vendor_portal" scaled#
#2026 05 30 10:19:44.365#Z#DEBUG#f7aba7f1-5c10-11f1-a636-eeee0a864133.OPERATION#flowable-async-job-executor-thread-28242#
Step "Scale App" finished#
#2026 05 30 10:19:44.309#Z#DEBUG#f7aba7f1-5c10-11f1-a636-eeee0a864133.OPERATION#flowable-async-job-executor-thread-28241#
[StageAppStep] Executing task "stageAppTask" of process "038dcc92-5c11-11f1-bcd3-eeee0a9b4b71"...#
#2026 05 30 10:19:44.310#Z#DEBUG#f7aba7f1-5c10-11f1-a636-eeee0a864133.OPERATION#flowable-async-job-executor-thread-28241#
[StageAppStep] Application stage timeout is default one: 3,600 seconds#
#2026 05 30 10:19:44.311#Z#DEBUG#f7aba7f1-5c10-11f1-a636-eeee0a864133.OPERATION#flowable-async-job-executor-thread-28241#
[StageAppStep] Checking status of application "Vendor_portal-db-deployer"...#
#2026 05 30 10:19:44.311#Z#DEBUG#f7aba7f1-5c10-11f1-a636-eeee0a864133.OPERATION#flowable-async-job-executor-thread-28241#
[StageAppStep] Getting build "1df8826b-3f95-4c1b-a6e0-16a8aa041248"...#
#2026 05 30 10:19:44.344#Z#DEBUG#f7aba7f1-5c10-11f1-a636-eeee0a864133.OPERATION#flowable-async-job-executor-thread-28241#
[StageAppStep] Staging status of application "Vendor_portal-db-deployer": PENDING#
#2026 05 30 10:19:44.345#Z#DEBUG#f7aba7f1-5c10-11f1-a636-eeee0a864133.OPERATION#flowable-async-job-executor-thread-28241#
[StageAppStep] Getting application guid "Vendor_portal-db-deployer"...#
#2026 05 30 10:19:44.427#Z#DEBUG#f7aba7f1-5c10-11f1-a636-eeee0a864133.OPERATION#flowable-async-job-executor-thread-28241#
Step "Stage App" finished#
#2026 05 30 10:19:44.390#Z#DEBUG#f7aba7f1-5c10-11f1-a636-eeee0a864133.OPERATION#flowable-async-job-executor-thread-28243#
[DetermineDesiredStateAchievingActionsStep] Executing task "determineDesiredStateAchievingActionsTask" of process "0824ba14-5c11-11f1-a636-eeee0a864133"...#
#2026 05 30 10:19:44.391#Z#DEBUG#f7aba7f1-5c10-11f1-a636-eeee0a864133.OPERATION#flowable-async-job-executor-thread-28243#
[DetermineDesiredStateAchievingActionsStep] Getting application "Vendor_portal"...#
#2026 05 30 10:19:44.430#Z#DEBUG#f7aba7f1-5c10-11f1-a636-eeee0a864133.OPERATION#flowable-async-job-executor-thread-28243#
[DetermineDesiredStateAchievingActionsStep] Getting instances for application "Vendor_portal"...#
#2026 05 30 10:19:44.430#Z#DEBUG#f7aba7f1-5c10-11f1-a636-eeee0a864133.OPERATION#flowable-async-job-executor-thread-28243#
[DetermineDesiredStateAchievingActionsStep] Getting environment of application "8eeb1495-b644-4c51-b33b-4bba12e1bf9d"...#
#2026 05 30 10:19:44.460#Z#DEBUG#f7aba7f1-5c10-11f1-a636-eeee0a864133.OPERATION#flowable-async-job-executor-thread-28243#
[DetermineDesiredStateAchievingActionsStep] Current state of application Vendor_portal: STOPPED#
#2026 05 30 10:19:44.460#Z#DEBUG#f7aba7f1-5c10-11f1-a636-eeee0a864133.OPERATION#flowable-async-job-executor-thread-28243#
[DetermineDesiredStateAchievingActionsStep] Desired state of application Vendor_portal: STARTED#
#2026 05 30 10:19:44.461#Z#DEBUG#f7aba7f1-5c10-11f1-a636-eeee0a864133.OPERATION#flowable-async-job-executor-thread-28243#
[DetermineDesiredStateAchievingActionsStep] Actions that should be executed on application Vendor_portal: [STAGE, START]#
#2026 05 30 10:19:44.461#Z#DEBUG#f7aba7f1-5c10-11f1-a636-eeee0a864133.OPERATION#flowable-async-job-executor-thread-28243#
Step "Determine Desired State Achieving Actions" finished#
#2026 05 30 10:19:44.334#Z#DEBUG#f7aba7f1-5c10-11f1-a636-eeee0a864133.OPERATION#flowable-async-job-executor-thread-11082#
[UploadAppStep] Executing task "uploadAppTask" of process "0eae281f-5c11-11f1-97fc-eeee0a8370ee"...#
#2026 05 30 10:19:44.338#Z#DEBUG#f7aba7f1-5c10-11f1-a636-eeee0a864133.OPERATION#flowable-async-job-executor-thread-11082#
[UploadAppStep] Application upload timeout is default one: 3,600 seconds#
#2026 05 30 10:19:44.341#Z#DEBUG#f7aba7f1-5c10-11f1-a636-eeee0a864133.OPERATION#pool-21-thread-5#
[UploadAppStep] Upload of application: Vendor_portal-srv started on instance: 2#
#2026 05 30 10:19:44.341#Z#DEBUG#f7aba7f1-5c10-11f1-a636-eeee0a864133.OPERATION#pool-21-thread-5#
[UploadAppStep] Uploading file "Vendor_portal-srv/data.zip" for application "Vendor_portal-srv"#
#2026 05 30 10:19:44.519#Z#INFO#f7aba7f1-5c10-11f1-a636-eeee0a864133.OPERATION#pool-21-thread-5#
[UploadAppStep] Time elapsed for app binary download: 177 in millis#
#2026 05 30 10:19:44.519#Z#INFO#f7aba7f1-5c10-11f1-a636-eeee0a864133.OPERATION#pool-21-thread-5#
[UploadAppStep] Size of app Vendor_portal-srv is 12,047,093 bytes#
#2026 05 30 10:19:44.519#Z#DEBUG#f7aba7f1-5c10-11f1-a636-eeee0a864133.OPERATION#pool-21-thread-5#
[UploadAppStep] Asynchronously uploading binaries for application "Vendor_portal-srv"...#
#2026 05 30 10:19:44.901#Z#INFO#f7aba7f1-5c10-11f1-a636-eeee0a864133.OPERATION#pool-21-thread-5#
[UploadAppStep] Started async upload of application "Vendor_portal-srv"#
#2026 05 30 10:19:44.910#Z#INFO#f7aba7f1-5c10-11f1-a636-eeee0a864133.OPERATION#flowable-async-job-executor-thread-11082#
[UploadAppStep] Time elapsed for upload: 571 in millis#
#2026 05 30 10:19:44.910#Z#DEBUG#f7aba7f1-5c10-11f1-a636-eeee0a864133.OPERATION#flowable-async-job-executor-thread-11082#
[UploadAppStep] Getting application "Vendor_portal-srv"...#
#2026 05 30 10:19:44.924#Z#DEBUG#f7aba7f1-5c10-11f1-a636-eeee0a864133.OPERATION#App upload monitor: b82f15f1-6948-429f-b9c9-39028140e0fc#
[UploadAppStep] Upload status: PROCESSING_UPLOAD#
#2026 05 30 10:19:44.962#Z#DEBUG#f7aba7f1-5c10-11f1-a636-eeee0a864133.OPERATION#flowable-async-job-executor-thread-11082#
[UploadAppStep] Getting environment of application "f3610358-e791-4b3a-8047-269077eb9aff"...#
#2026 05 30 10:19:45.005#Z#DEBUG#f7aba7f1-5c10-11f1-a636-eeee0a864133.OPERATION#flowable-async-job-executor-thread-11082#
[UploadAppStep] Updating environment of application "Vendor_portal-srv"#
#2026 05 30 10:19:45.099#Z#DEBUG#f7aba7f1-5c10-11f1-a636-eeee0a864133.OPERATION#flowable-async-job-executor-thread-11082#
Step "Upload App" finished#
#2026 05 30 10:19:44.488#Z#DEBUG#f7aba7f1-5c10-11f1-a636-eeee0a864133.OPERATION#flowable-async-job-executor-thread-28243#
[StageAppStep] Executing task "stageAppTask" of process "0824ba14-5c11-11f1-a636-eeee0a864133"...#
#2026 05 30 10:19:44.490#Z#DEBUG#f7aba7f1-5c10-11f1-a636-eeee0a864133.OPERATION#flowable-async-job-executor-thread-28243#
[StageAppStep] Application stage timeout is default one: 3,600 seconds#
#2026 05 30 10:19:44.491#Z#INFO#f7aba7f1-5c10-11f1-a636-eeee0a864133.OPERATION#flowable-async-job-executor-thread-28243#
[StageAppStep] Staging application "Vendor_portal"...#
#2026 05 30 10:19:44.495#Z#DEBUG#f7aba7f1-5c10-11f1-a636-eeee0a864133.OPERATION#flowable-async-job-executor-thread-28243#
[StageAppStep] Creating build for package "eab178d8-458b-465a-ada6-e377d624d2ee"...#
#2026 05 30 10:19:45.889#Z#DEBUG#f7aba7f1-5c10-11f1-a636-eeee0a864133.OPERATION#flowable-async-job-executor-thread-28243#
Step "Stage App" finished#
#2026 05 30 10:19:54.323#Z#DEBUG#f7aba7f1-5c10-11f1-a636-eeee0a864133.OPERATION#flowable-async-job-executor-thread-28249#
[UploadAppStep] Executing task "uploadAppTask" of process "0eae281f-5c11-11f1-97fc-eeee0a8370ee"...#
#2026 05 30 10:19:54.324#Z#DEBUG#f7aba7f1-5c10-11f1-a636-eeee0a864133.OPERATION#flowable-async-job-executor-thread-28249#
[UploadAppStep] Application upload timeout is default one: 3,600 seconds#
#2026 05 30 10:19:54.324#Z#DEBUG#f7aba7f1-5c10-11f1-a636-eeee0a864133.OPERATION#flowable-async-job-executor-thread-28249#
[UploadAppStep] Checking upload status of application "Vendor_portal-srv"...#
#2026 05 30 10:19:54.325#Z#DEBUG#f7aba7f1-5c10-11f1-a636-eeee0a864133.OPERATION#flowable-async-job-executor-thread-28249#
[UploadAppStep] Getting package "b82f15f1-6948-429f-b9c9-39028140e0fc"...#
#2026 05 30 10:19:54.353#Z#DEBUG#f7aba7f1-5c10-11f1-a636-eeee0a864133.OPERATION#flowable-async-job-executor-thread-28249#
Step "Upload App" finished#
#2026 05 30 10:19:54.314#Z#DEBUG#f7aba7f1-5c10-11f1-a636-eeee0a864133.OPERATION#flowable-async-job-executor-thread-28247#
[StageAppStep] Executing task "stageAppTask" of process "038dcc92-5c11-11f1-bcd3-eeee0a9b4b71"...#
#2026 05 30 10:19:54.316#Z#DEBUG#f7aba7f1-5c10-11f1-a636-eeee0a864133.OPERATION#flowable-async-job-executor-thread-28247#
[StageAppStep] Application stage timeout is default one: 3,600 seconds#
#2026 05 30 10:19:54.317#Z#DEBUG#f7aba7f1-5c10-11f1-a636-eeee0a864133.OPERATION#flowable-async-job-executor-thread-28247#
[StageAppStep] Checking status of application "Vendor_portal-db-deployer"...#
#2026 05 30 10:19:54.317#Z#DEBUG#f7aba7f1-5c10-11f1-a636-eeee0a864133.OPERATION#flowable-async-job-executor-thread-28247#
[StageAppStep] Getting build "1df8826b-3f95-4c1b-a6e0-16a8aa041248"...#
#2026 05 30 10:19:54.347#Z#DEBUG#f7aba7f1-5c10-11f1-a636-eeee0a864133.OPERATION#flowable-async-job-executor-thread-28247#
[StageAppStep] Staging status of application "Vendor_portal-db-deployer": PENDING#
#2026 05 30 10:19:54.348#Z#DEBUG#f7aba7f1-5c10-11f1-a636-eeee0a864133.OPERATION#flowable-async-job-executor-thread-28247#
[StageAppStep] Getting application guid "Vendor_portal-db-deployer"...#
#2026 05 30 10:19:54.456#Z#DEBUG#f7aba7f1-5c10-11f1-a636-eeee0a864133.OPERATION#flowable-async-job-executor-thread-28247#
Step "Stage App" finished#
#2026 05 30 10:19:54.337#Z#DEBUG#f7aba7f1-5c10-11f1-a636-eeee0a864133.OPERATION#flowable-async-job-executor-thread-10279#
[StageAppStep] Executing task "stageAppTask" of process "0824ba14-5c11-11f1-a636-eeee0a864133"...#
#2026 05 30 10:19:54.340#Z#DEBUG#f7aba7f1-5c10-11f1-a636-eeee0a864133.OPERATION#flowable-async-job-executor-thread-10279#
[StageAppStep] Application stage timeout is default one: 3,600 seconds#
#2026 05 30 10:19:54.341#Z#DEBUG#f7aba7f1-5c10-11f1-a636-eeee0a864133.OPERATION#flowable-async-job-executor-thread-10279#
[StageAppStep] Checking status of application "Vendor_portal"...#
#2026 05 30 10:19:54.341#Z#DEBUG#f7aba7f1-5c10-11f1-a636-eeee0a864133.OPERATION#flowable-async-job-executor-thread-10279#
[StageAppStep] Getting build "aeba3d41-2ec8-4eea-9f21-6a775f95433b"...#
#2026 05 30 10:19:54.371#Z#DEBUG#f7aba7f1-5c10-11f1-a636-eeee0a864133.OPERATION#flowable-async-job-executor-thread-10279#
[StageAppStep] Staging status of application "Vendor_portal": PENDING#
#2026 05 30 10:19:54.372#Z#DEBUG#f7aba7f1-5c10-11f1-a636-eeee0a864133.OPERATION#flowable-async-job-executor-thread-10279#
[StageAppStep] Getting application guid "Vendor_portal"...#
#2026 05 30 10:19:54.478#Z#DEBUG#f7aba7f1-5c10-11f1-a636-eeee0a864133.OPERATION#flowable-async-job-executor-thread-10279#
Step "Stage App" finished#
#2026 05 30 10:19:49.954#Z#DEBUG#f7aba7f1-5c10-11f1-a636-eeee0a864133.OPERATION#App upload monitor: b82f15f1-6948-429f-b9c9-39028140e0fc#
[UploadAppStep] Upload status: PROCESSING_UPLOAD#
#2026 05 30 10:19:54.998#Z#DEBUG#f7aba7f1-5c10-11f1-a636-eeee0a864133.OPERATION#App upload monitor: b82f15f1-6948-429f-b9c9-39028140e0fc#
[UploadAppStep] Upload status: READY#
#2026 05 30 10:20:04.336#Z#DEBUG#f7aba7f1-5c10-11f1-a636-eeee0a864133.OPERATION#flowable-async-job-executor-thread-28253#
[UploadAppStep] Executing task "uploadAppTask" of process "0eae281f-5c11-11f1-97fc-eeee0a8370ee"...#
#2026 05 30 10:20:04.338#Z#DEBUG#f7aba7f1-5c10-11f1-a636-eeee0a864133.OPERATION#flowable-async-job-executor-thread-28253#
[UploadAppStep] Application upload timeout is default one: 3,600 seconds#
#2026 05 30 10:20:04.338#Z#DEBUG#f7aba7f1-5c10-11f1-a636-eeee0a864133.OPERATION#flowable-async-job-executor-thread-28253#
[UploadAppStep] Checking upload status of application "Vendor_portal-srv"...#
#2026 05 30 10:20:04.338#Z#DEBUG#f7aba7f1-5c10-11f1-a636-eeee0a864133.OPERATION#flowable-async-job-executor-thread-28253#
[UploadAppStep] Getting package "b82f15f1-6948-429f-b9c9-39028140e0fc"...#
#2026 05 30 10:20:04.378#Z#DEBUG#f7aba7f1-5c10-11f1-a636-eeee0a864133.OPERATION#flowable-async-job-executor-thread-28253#
[UploadAppStep] Application "Vendor_portal-srv" uploaded#
#2026 05 30 10:20:04.379#Z#DEBUG#f7aba7f1-5c10-11f1-a636-eeee0a864133.OPERATION#flowable-async-job-executor-thread-28253#
Step "Upload App" finished#
#2026 05 30 10:20:04.404#Z#DEBUG#f7aba7f1-5c10-11f1-a636-eeee0a864133.OPERATION#flowable-async-job-executor-thread-28253#
[ScaleAppStep] Executing task "scaleAppTask" of process "0eae281f-5c11-11f1-97fc-eeee0a8370ee"...#
#2026 05 30 10:20:04.406#Z#DEBUG#f7aba7f1-5c10-11f1-a636-eeee0a864133.OPERATION#flowable-async-job-executor-thread-28253#
[ScaleAppStep] Scaling application "Vendor_portal-srv"...#
#2026 05 30 10:20:04.406#Z#DEBUG#f7aba7f1-5c10-11f1-a636-eeee0a864133.OPERATION#flowable-async-job-executor-thread-28253#
[ScaleAppStep] Getting application guid "Vendor_portal-srv"...#
#2026 05 30 10:20:04.447#Z#DEBUG#f7aba7f1-5c10-11f1-a636-eeee0a864133.OPERATION#flowable-async-job-executor-thread-28253#
[ScaleAppStep] Getting process for application "f3610358-e791-4b3a-8047-269077eb9aff"...#
#2026 05 30 10:20:04.481#Z#DEBUG#f7aba7f1-5c10-11f1-a636-eeee0a864133.OPERATION#flowable-async-job-executor-thread-28253#
[ScaleAppStep] Application "Vendor_portal-srv" scaled#
#2026 05 30 10:20:04.481#Z#DEBUG#f7aba7f1-5c10-11f1-a636-eeee0a864133.OPERATION#flowable-async-job-executor-thread-28253#
Step "Scale App" finished#
#2026 05 30 10:20:04.344#Z#DEBUG#f7aba7f1-5c10-11f1-a636-eeee0a864133.OPERATION#flowable-async-job-executor-thread-28256#
[StageAppStep] Executing task "stageAppTask" of process "038dcc92-5c11-11f1-bcd3-eeee0a9b4b71"...#
#2026 05 30 10:20:04.345#Z#DEBUG#f7aba7f1-5c10-11f1-a636-eeee0a864133.OPERATION#flowable-async-job-executor-thread-28256#
[StageAppStep] Application stage timeout is default one: 3,600 seconds#
#2026 05 30 10:20:04.345#Z#DEBUG#f7aba7f1-5c10-11f1-a636-eeee0a864133.OPERATION#flowable-async-job-executor-thread-28256#
[StageAppStep] Checking status of application "Vendor_portal-db-deployer"...#
#2026 05 30 10:20:04.345#Z#DEBUG#f7aba7f1-5c10-11f1-a636-eeee0a864133.OPERATION#flowable-async-job-executor-thread-28256#
[StageAppStep] Getting build "1df8826b-3f95-4c1b-a6e0-16a8aa041248"...#
#2026 05 30 10:20:04.353#Z#DEBUG#f7aba7f1-5c10-11f1-a636-eeee0a864133.OPERATION#flowable-async-job-executor-thread-28257#
[StageAppStep] Executing task "stageAppTask" of process "0824ba14-5c11-11f1-a636-eeee0a864133"...#
#2026 05 30 10:20:04.354#Z#DEBUG#f7aba7f1-5c10-11f1-a636-eeee0a864133.OPERATION#flowable-async-job-executor-thread-28257#
[StageAppStep] Application stage timeout is default one: 3,600 seconds#
#2026 05 30 10:20:04.355#Z#DEBUG#f7aba7f1-5c10-11f1-a636-eeee0a864133.OPERATION#flowable-async-job-executor-thread-28257#
[StageAppStep] Checking status of application "Vendor_portal"...#
#2026 05 30 10:20:04.355#Z#DEBUG#f7aba7f1-5c10-11f1-a636-eeee0a864133.OPERATION#flowable-async-job-executor-thread-28257#
[StageAppStep] Getting build "aeba3d41-2ec8-4eea-9f21-6a775f95433b"...#
#2026 05 30 10:20:04.377#Z#DEBUG#f7aba7f1-5c10-11f1-a636-eeee0a864133.OPERATION#flowable-async-job-executor-thread-28256#
[StageAppStep] Staging status of application "Vendor_portal-db-deployer": STAGED#
#2026 05 30 10:20:04.378#Z#DEBUG#f7aba7f1-5c10-11f1-a636-eeee0a864133.OPERATION#flowable-async-job-executor-thread-28256#
[StageAppStep] Getting application guid "Vendor_portal-db-deployer"...#
#2026 05 30 10:20:04.385#Z#DEBUG#f7aba7f1-5c10-11f1-a636-eeee0a864133.OPERATION#flowable-async-job-executor-thread-28257#
[StageAppStep] Staging status of application "Vendor_portal": PENDING#
#2026 05 30 10:20:04.386#Z#DEBUG#f7aba7f1-5c10-11f1-a636-eeee0a864133.OPERATION#flowable-async-job-executor-thread-28257#
[StageAppStep] Getting application guid "Vendor_portal"...#
#2026 05 30 10:20:04.472#Z#DEBUG#f7aba7f1-5c10-11f1-a636-eeee0a864133.OPERATION#flowable-async-job-executor-thread-28256#
[StageAppStep] Getting build "1df8826b-3f95-4c1b-a6e0-16a8aa041248"...#
#2026 05 30 10:20:04.489#Z#DEBUG#f7aba7f1-5c10-11f1-a636-eeee0a864133.OPERATION#flowable-async-job-executor-thread-28257#
Step "Stage App" finished#
#2026 05 30 10:20:04.505#Z#DEBUG#f7aba7f1-5c10-11f1-a636-eeee0a864133.OPERATION#flowable-async-job-executor-thread-28256#
[StageAppStep] Binding droplet "3966c38f-97e7-4a28-8162-77b14e38fe66" to application "718baf92-0d5b-4a96-b0c8-87425390867d"...#
#2026 05 30 10:20:04.555#Z#INFO#f7aba7f1-5c10-11f1-a636-eeee0a864133.OPERATION#flowable-async-job-executor-thread-28256#
[StageAppStep] Application "Vendor_portal-db-deployer" staged#
#2026 05 30 10:20:04.561#Z#DEBUG#f7aba7f1-5c10-11f1-a636-eeee0a864133.OPERATION#flowable-async-job-executor-thread-28256#
Step "Stage App" finished#
#2026 05 30 10:20:04.506#Z#DEBUG#f7aba7f1-5c10-11f1-a636-eeee0a864133.OPERATION#flowable-async-job-executor-thread-28253#
[DetermineDesiredStateAchievingActionsStep] Executing task "determineDesiredStateAchievingActionsTask" of process "0eae281f-5c11-11f1-97fc-eeee0a8370ee"...#
#2026 05 30 10:20:04.507#Z#DEBUG#f7aba7f1-5c10-11f1-a636-eeee0a864133.OPERATION#flowable-async-job-executor-thread-28253#
[DetermineDesiredStateAchievingActionsStep] Getting application "Vendor_portal-srv"...#
#2026 05 30 10:20:04.556#Z#DEBUG#f7aba7f1-5c10-11f1-a636-eeee0a864133.OPERATION#flowable-async-job-executor-thread-28253#
[DetermineDesiredStateAchievingActionsStep] Getting instances for application "Vendor_portal-srv"...#
#2026 05 30 10:20:04.556#Z#DEBUG#f7aba7f1-5c10-11f1-a636-eeee0a864133.OPERATION#flowable-async-job-executor-thread-28253#
[DetermineDesiredStateAchievingActionsStep] Getting environment of application "f3610358-e791-4b3a-8047-269077eb9aff"...#
#2026 05 30 10:20:04.588#Z#DEBUG#f7aba7f1-5c10-11f1-a636-eeee0a864133.OPERATION#flowable-async-job-executor-thread-28253#
[DetermineDesiredStateAchievingActionsStep] Current state of application Vendor_portal-srv: STOPPED#
#2026 05 30 10:20:04.588#Z#DEBUG#f7aba7f1-5c10-11f1-a636-eeee0a864133.OPERATION#flowable-async-job-executor-thread-28253#
[DetermineDesiredStateAchievingActionsStep] Desired state of application Vendor_portal-srv: STARTED#
#2026 05 30 10:20:04.588#Z#DEBUG#f7aba7f1-5c10-11f1-a636-eeee0a864133.OPERATION#flowable-async-job-executor-thread-28253#
[DetermineDesiredStateAchievingActionsStep] Actions that should be executed on application Vendor_portal-srv: [STAGE, START]#
#2026 05 30 10:20:04.588#Z#DEBUG#f7aba7f1-5c10-11f1-a636-eeee0a864133.OPERATION#flowable-async-job-executor-thread-28253#
Step "Determine Desired State Achieving Actions" finished#
#2026 05 30 10:20:04.624#Z#DEBUG#f7aba7f1-5c10-11f1-a636-eeee0a864133.OPERATION#flowable-async-job-executor-thread-28256#
[PrepareToExecuteTasksStep] Executing task "prepareToExecuteTasksTask" of process "1ffadebb-5c11-11f1-a636-eeee0a864133"...#
#2026 05 30 10:20:04.626#Z#DEBUG#f7aba7f1-5c10-11f1-a636-eeee0a864133.OPERATION#flowable-async-job-executor-thread-28256#
Step "Prepare To Execute Tasks" finished#
#2026 05 30 10:20:04.649#Z#DEBUG#f7aba7f1-5c10-11f1-a636-eeee0a864133.OPERATION#flowable-async-job-executor-thread-28256#
[ExecuteTaskStep] Executing task "executeTaskTask" of process "1ffadebb-5c11-11f1-a636-eeee0a864133"...#
#2026 05 30 10:20:04.651#Z#DEBUG#f7aba7f1-5c10-11f1-a636-eeee0a864133.OPERATION#flowable-async-job-executor-thread-28256#
[ExecuteTaskStep] Application task execution timeout is default one: 43,200 seconds#
#2026 05 30 10:20:04.652#Z#INFO#f7aba7f1-5c10-11f1-a636-eeee0a864133.OPERATION#flowable-async-job-executor-thread-28256#
[ExecuteTaskStep] Executing task "deploy" on application "Vendor_portal-db-deployer"...#
#2026 05 30 10:20:04.656#Z#DEBUG#f7aba7f1-5c10-11f1-a636-eeee0a864133.OPERATION#flowable-async-job-executor-thread-28256#
[ExecuteTaskStep] Running task on application "Vendor_portal-db-deployer": {
  "name" : "deploy",
  "command" : "npm start",
  "limits" : {
    "memory" : 256
  }
}#
#2026 05 30 10:20:04.920#Z#DEBUG#f7aba7f1-5c10-11f1-a636-eeee0a864133.OPERATION#flowable-async-job-executor-thread-28256#
Step "Execute Task" finished#
#2026 05 30 10:20:04.617#Z#DEBUG#f7aba7f1-5c10-11f1-a636-eeee0a864133.OPERATION#flowable-async-job-executor-thread-28253#
[StageAppStep] Executing task "stageAppTask" of process "0eae281f-5c11-11f1-97fc-eeee0a8370ee"...#
#2026 05 30 10:20:04.619#Z#DEBUG#f7aba7f1-5c10-11f1-a636-eeee0a864133.OPERATION#flowable-async-job-executor-thread-28253#
[StageAppStep] Application stage timeout is default one: 3,600 seconds#
#2026 05 30 10:20:04.620#Z#INFO#f7aba7f1-5c10-11f1-a636-eeee0a864133.OPERATION#flowable-async-job-executor-thread-28253#
[StageAppStep] Staging application "Vendor_portal-srv"...#
#2026 05 30 10:20:04.624#Z#DEBUG#f7aba7f1-5c10-11f1-a636-eeee0a864133.OPERATION#flowable-async-job-executor-thread-28253#
[StageAppStep] Creating build for package "b82f15f1-6948-429f-b9c9-39028140e0fc"...#
#2026 05 30 10:20:05.095#Z#DEBUG#f7aba7f1-5c10-11f1-a636-eeee0a864133.OPERATION#flowable-async-job-executor-thread-28253#
Step "Stage App" finished#
#2026 05 30 10:20:14.364#Z#DEBUG#f7aba7f1-5c10-11f1-a636-eeee0a864133.OPERATION#flowable-async-job-executor-thread-28262#
[ExecuteTaskStep] Executing task "executeTaskTask" of process "1ffadebb-5c11-11f1-a636-eeee0a864133"...#
#2026 05 30 10:20:14.372#Z#DEBUG#f7aba7f1-5c10-11f1-a636-eeee0a864133.OPERATION#flowable-async-job-executor-thread-28262#
[ExecuteTaskStep] Application task execution timeout is default one: 43,200 seconds#
#2026 05 30 10:20:14.373#Z#DEBUG#f7aba7f1-5c10-11f1-a636-eeee0a864133.OPERATION#flowable-async-job-executor-thread-28262#
[ExecuteTaskStep] Getting task "3a0282d4-5b4c-4331-9a3e-f69c71850505"...#
#2026 05 30 10:20:14.405#Z#DEBUG#f7aba7f1-5c10-11f1-a636-eeee0a864133.OPERATION#flowable-async-job-executor-thread-28262#
[ExecuteTaskStep] Task execution status: running#
#2026 05 30 10:20:14.406#Z#DEBUG#f7aba7f1-5c10-11f1-a636-eeee0a864133.OPERATION#flowable-async-job-executor-thread-28262#
[ExecuteTaskStep] Getting application guid "Vendor_portal-db-deployer"...#
#2026 05 30 10:20:14.475#Z#DEBUG#f7aba7f1-5c10-11f1-a636-eeee0a864133.OPERATION#flowable-async-job-executor-thread-28262#
Step "Execute Task" finished#
#2026 05 30 10:20:14.362#Z#DEBUG#f7aba7f1-5c10-11f1-a636-eeee0a864133.OPERATION#flowable-async-job-executor-thread-28261#
[StageAppStep] Executing task "stageAppTask" of process "0824ba14-5c11-11f1-a636-eeee0a864133"...#
#2026 05 30 10:20:14.364#Z#DEBUG#f7aba7f1-5c10-11f1-a636-eeee0a864133.OPERATION#flowable-async-job-executor-thread-28261#
[StageAppStep] Application stage timeout is default one: 3,600 seconds#
#2026 05 30 10:20:14.365#Z#DEBUG#f7aba7f1-5c10-11f1-a636-eeee0a864133.OPERATION#flowable-async-job-executor-thread-28261#
[StageAppStep] Checking status of application "Vendor_portal"...#
#2026 05 30 10:20:14.365#Z#DEBUG#f7aba7f1-5c10-11f1-a636-eeee0a864133.OPERATION#flowable-async-job-executor-thread-28261#
[StageAppStep] Getting build "aeba3d41-2ec8-4eea-9f21-6a775f95433b"...#
#2026 05 30 10:20:14.397#Z#DEBUG#f7aba7f1-5c10-11f1-a636-eeee0a864133.OPERATION#flowable-async-job-executor-thread-28261#
[StageAppStep] Staging status of application "Vendor_portal": PENDING#
#2026 05 30 10:20:14.398#Z#DEBUG#f7aba7f1-5c10-11f1-a636-eeee0a864133.OPERATION#flowable-async-job-executor-thread-28261#
[StageAppStep] Getting application guid "Vendor_portal"...#
#2026 05 30 10:20:14.493#Z#DEBUG#f7aba7f1-5c10-11f1-a636-eeee0a864133.OPERATION#flowable-async-job-executor-thread-28261#
Step "Stage App" finished#
#2026 05 30 10:20:14.400#Z#DEBUG#f7aba7f1-5c10-11f1-a636-eeee0a864133.OPERATION#flowable-async-job-executor-thread-11084#
[StageAppStep] Executing task "stageAppTask" of process "0eae281f-5c11-11f1-97fc-eeee0a8370ee"...#
#2026 05 30 10:20:14.403#Z#DEBUG#f7aba7f1-5c10-11f1-a636-eeee0a864133.OPERATION#flowable-async-job-executor-thread-11084#
[StageAppStep] Application stage timeout is default one: 3,600 seconds#
#2026 05 30 10:20:14.404#Z#DEBUG#f7aba7f1-5c10-11f1-a636-eeee0a864133.OPERATION#flowable-async-job-executor-thread-11084#
[StageAppStep] Checking status of application "Vendor_portal-srv"...#
#2026 05 30 10:20:14.404#Z#DEBUG#f7aba7f1-5c10-11f1-a636-eeee0a864133.OPERATION#flowable-async-job-executor-thread-11084#
[StageAppStep] Getting build "0a7ffa4a-7c07-439f-9b62-a1b88ed6a438"...#
#2026 05 30 10:20:14.441#Z#DEBUG#f7aba7f1-5c10-11f1-a636-eeee0a864133.OPERATION#flowable-async-job-executor-thread-11084#
[StageAppStep] Staging status of application "Vendor_portal-srv": PENDING#
#2026 05 30 10:20:14.442#Z#DEBUG#f7aba7f1-5c10-11f1-a636-eeee0a864133.OPERATION#flowable-async-job-executor-thread-11084#
[StageAppStep] Getting application guid "Vendor_portal-srv"...#
#2026 05 30 10:20:14.564#Z#DEBUG#f7aba7f1-5c10-11f1-a636-eeee0a864133.OPERATION#flowable-async-job-executor-thread-11084#
Step "Stage App" finished#
#2026 05 30 10:20:24.387#Z#DEBUG#f7aba7f1-5c10-11f1-a636-eeee0a864133.OPERATION#flowable-async-job-executor-thread-28269#
[StageAppStep] Executing task "stageAppTask" of process "0824ba14-5c11-11f1-a636-eeee0a864133"...#
#2026 05 30 10:20:24.388#Z#DEBUG#f7aba7f1-5c10-11f1-a636-eeee0a864133.OPERATION#flowable-async-job-executor-thread-28269#
[StageAppStep] Application stage timeout is default one: 3,600 seconds#
#2026 05 30 10:20:24.389#Z#DEBUG#f7aba7f1-5c10-11f1-a636-eeee0a864133.OPERATION#flowable-async-job-executor-thread-28269#
[StageAppStep] Checking status of application "Vendor_portal"...#
#2026 05 30 10:20:24.389#Z#DEBUG#f7aba7f1-5c10-11f1-a636-eeee0a864133.OPERATION#flowable-async-job-executor-thread-28269#
[StageAppStep] Getting build "aeba3d41-2ec8-4eea-9f21-6a775f95433b"...#
#2026 05 30 10:20:24.398#Z#DEBUG#f7aba7f1-5c10-11f1-a636-eeee0a864133.OPERATION#flowable-async-job-executor-thread-28273#
[StageAppStep] Executing task "stageAppTask" of process "0eae281f-5c11-11f1-97fc-eeee0a8370ee"...#
#2026 05 30 10:20:24.400#Z#DEBUG#f7aba7f1-5c10-11f1-a636-eeee0a864133.OPERATION#flowable-async-job-executor-thread-28273#
[StageAppStep] Application stage timeout is default one: 3,600 seconds#
#2026 05 30 10:20:24.401#Z#DEBUG#f7aba7f1-5c10-11f1-a636-eeee0a864133.OPERATION#flowable-async-job-executor-thread-28273#
[StageAppStep] Checking status of application "Vendor_portal-srv"...#
#2026 05 30 10:20:24.401#Z#DEBUG#f7aba7f1-5c10-11f1-a636-eeee0a864133.OPERATION#flowable-async-job-executor-thread-28273#
[StageAppStep] Getting build "0a7ffa4a-7c07-439f-9b62-a1b88ed6a438"...#
#2026 05 30 10:20:24.431#Z#DEBUG#f7aba7f1-5c10-11f1-a636-eeee0a864133.OPERATION#flowable-async-job-executor-thread-28273#
[StageAppStep] Staging status of application "Vendor_portal-srv": PENDING#
#2026 05 30 10:20:24.431#Z#DEBUG#f7aba7f1-5c10-11f1-a636-eeee0a864133.OPERATION#flowable-async-job-executor-thread-28269#
[StageAppStep] Staging status of application "Vendor_portal": STAGED#
#2026 05 30 10:20:24.433#Z#DEBUG#f7aba7f1-5c10-11f1-a636-eeee0a864133.OPERATION#flowable-async-job-executor-thread-28269#
[StageAppStep] Getting application guid "Vendor_portal"...#
#2026 05 30 10:20:24.433#Z#DEBUG#f7aba7f1-5c10-11f1-a636-eeee0a864133.OPERATION#flowable-async-job-executor-thread-28273#
[StageAppStep] Getting application guid "Vendor_portal-srv"...#
#2026 05 30 10:20:24.527#Z#DEBUG#f7aba7f1-5c10-11f1-a636-eeee0a864133.OPERATION#flowable-async-job-executor-thread-28273#
Step "Stage App" finished#
#2026 05 30 10:20:24.417#Z#DEBUG#f7aba7f1-5c10-11f1-a636-eeee0a864133.OPERATION#flowable-async-job-executor-thread-28271#
[ExecuteTaskStep] Executing task "executeTaskTask" of process "1ffadebb-5c11-11f1-a636-eeee0a864133"...#
#2026 05 30 10:20:24.418#Z#DEBUG#f7aba7f1-5c10-11f1-a636-eeee0a864133.OPERATION#flowable-async-job-executor-thread-28271#
[ExecuteTaskStep] Application task execution timeout is default one: 43,200 seconds#
#2026 05 30 10:20:24.419#Z#DEBUG#f7aba7f1-5c10-11f1-a636-eeee0a864133.OPERATION#flowable-async-job-executor-thread-28271#
[ExecuteTaskStep] Getting task "3a0282d4-5b4c-4331-9a3e-f69c71850505"...#
#2026 05 30 10:20:24.450#Z#DEBUG#f7aba7f1-5c10-11f1-a636-eeee0a864133.OPERATION#flowable-async-job-executor-thread-28271#
[ExecuteTaskStep] Task execution status: failed#
#2026 05 30 10:20:24.452#Z#DEBUG#f7aba7f1-5c10-11f1-a636-eeee0a864133.OPERATION#flowable-async-job-executor-thread-28271#
[ExecuteTaskStep] Getting application guid "Vendor_portal-db-deployer"...#
#2026 05 30 10:20:24.541#Z#ERROR#f7aba7f1-5c10-11f1-a636-eeee0a864133.OPERATION#flowable-async-job-executor-thread-28271#
[ExecuteTaskStep] Execution of task "deploy" on application "Vendor_portal-db-deployer" failed.#
#2026 05 30 10:20:24.546#Z#INFO#f7aba7f1-5c10-11f1-a636-eeee0a864133.OPERATION#flowable-async-job-executor-thread-28271#
[ExecuteTaskStep] Download the MTA operation logs for more details.#
#2026 05 30 10:20:24.550#Z#DEBUG#f7aba7f1-5c10-11f1-a636-eeee0a864133.OPERATION#flowable-async-job-executor-thread-28271#
Step "Execute Task" finished#
#2026 05 30 10:20:24.529#Z#DEBUG#f7aba7f1-5c10-11f1-a636-eeee0a864133.OPERATION#flowable-async-job-executor-thread-28269#
[StageAppStep] Getting build "aeba3d41-2ec8-4eea-9f21-6a775f95433b"...#
#2026 05 30 10:20:24.557#Z#DEBUG#f7aba7f1-5c10-11f1-a636-eeee0a864133.OPERATION#flowable-async-job-executor-thread-28269#
[StageAppStep] Binding droplet "58d9aef7-8776-4b7a-ae27-ea97b6433437" to application "8eeb1495-b644-4c51-b33b-4bba12e1bf9d"...#
#2026 05 30 10:20:24.600#Z#INFO#f7aba7f1-5c10-11f1-a636-eeee0a864133.OPERATION#flowable-async-job-executor-thread-28269#
[StageAppStep] Application "Vendor_portal" staged#
#2026 05 30 10:20:24.605#Z#DEBUG#f7aba7f1-5c10-11f1-a636-eeee0a864133.OPERATION#flowable-async-job-executor-thread-28269#
Step "Stage App" finished#
#2026 05 30 10:20:24.636#Z#DEBUG#f7aba7f1-5c10-11f1-a636-eeee0a864133.OPERATION#flowable-async-job-executor-thread-28269#
[RestartAppStep] Executing task "startAppTask" of process "0824ba14-5c11-11f1-a636-eeee0a864133"...#
#2026 05 30 10:20:24.638#Z#DEBUG#f7aba7f1-5c10-11f1-a636-eeee0a864133.OPERATION#flowable-async-job-executor-thread-28269#
[RestartAppStep] Application start timeout is default one: 3,600 seconds#
#2026 05 30 10:20:24.717#Z#DEBUG#f7aba7f1-5c10-11f1-a636-eeee0a864133.OPERATION#flowable-async-job-executor-thread-28269#
[RestartAppStep] Getting application "Vendor_portal"...#
#2026 05 30 10:20:24.771#Z#INFO#f7aba7f1-5c10-11f1-a636-eeee0a864133.OPERATION#flowable-async-job-executor-thread-28269#
[RestartAppStep] Starting application "Vendor_portal"...#
#2026 05 30 10:20:24.775#Z#DEBUG#f7aba7f1-5c10-11f1-a636-eeee0a864133.OPERATION#flowable-async-job-executor-thread-28269#
[RestartAppStep] Starting application "Vendor_portal"...#
#2026 05 30 10:20:25.003#Z#DEBUG#f7aba7f1-5c10-11f1-a636-eeee0a864133.OPERATION#flowable-async-job-executor-thread-28269#
Step "Start App" finished#
#2026 05 30 10:20:27.823#Z#DEBUG#f7aba7f1-5c10-11f1-a636-eeee0a864133.OPERATION#flowable-async-job-executor-thread-28268#
[ExecuteTaskStep] Executing task "executeTaskTask" of process "1ffadebb-5c11-11f1-a636-eeee0a864133"...#
#2026 05 30 10:20:27.825#Z#DEBUG#f7aba7f1-5c10-11f1-a636-eeee0a864133.OPERATION#flowable-async-job-executor-thread-28268#
[ExecuteTaskStep] Application task execution timeout is default one: 43,200 seconds#
#2026 05 30 10:20:27.827#Z#INFO#f7aba7f1-5c10-11f1-a636-eeee0a864133.OPERATION#flowable-async-job-executor-thread-28268#
[ExecuteTaskStep] Executing task "deploy" on application "Vendor_portal-db-deployer"...#
#2026 05 30 10:20:27.831#Z#DEBUG#f7aba7f1-5c10-11f1-a636-eeee0a864133.OPERATION#flowable-async-job-executor-thread-28268#
[ExecuteTaskStep] Running task on application "Vendor_portal-db-deployer": {
  "name" : "deploy",
  "command" : "npm start",
  "limits" : {
    "memory" : 256
  }
}#
#2026 05 30 10:20:28.128#Z#DEBUG#f7aba7f1-5c10-11f1-a636-eeee0a864133.OPERATION#flowable-async-job-executor-thread-28268#
Step "Execute Task" finished#
#2026 05 30 10:20:34.427#Z#DEBUG#f7aba7f1-5c10-11f1-a636-eeee0a864133.OPERATION#flowable-async-job-executor-thread-28279#
[StageAppStep] Executing task "stageAppTask" of process "0eae281f-5c11-11f1-97fc-eeee0a8370ee"...#
#2026 05 30 10:20:34.428#Z#DEBUG#f7aba7f1-5c10-11f1-a636-eeee0a864133.OPERATION#flowable-async-job-executor-thread-28279#
[StageAppStep] Application stage timeout is default one: 3,600 seconds#
#2026 05 30 10:20:34.429#Z#DEBUG#f7aba7f1-5c10-11f1-a636-eeee0a864133.OPERATION#flowable-async-job-executor-thread-28279#
[StageAppStep] Checking status of application "Vendor_portal-srv"...#
#2026 05 30 10:20:34.429#Z#DEBUG#f7aba7f1-5c10-11f1-a636-eeee0a864133.OPERATION#flowable-async-job-executor-thread-28279#
[StageAppStep] Getting build "0a7ffa4a-7c07-439f-9b62-a1b88ed6a438"...#
#2026 05 30 10:20:34.453#Z#DEBUG#f7aba7f1-5c10-11f1-a636-eeee0a864133.OPERATION#flowable-async-job-executor-thread-28279#
[StageAppStep] Staging status of application "Vendor_portal-srv": PENDING#
#2026 05 30 10:20:34.454#Z#DEBUG#f7aba7f1-5c10-11f1-a636-eeee0a864133.OPERATION#flowable-async-job-executor-thread-28279#
[StageAppStep] Getting application guid "Vendor_portal-srv"...#
#2026 05 30 10:20:34.522#Z#DEBUG#f7aba7f1-5c10-11f1-a636-eeee0a864133.OPERATION#flowable-async-job-executor-thread-28279#
Step "Stage App" finished#
#2026 05 30 10:20:34.418#Z#DEBUG#f7aba7f1-5c10-11f1-a636-eeee0a864133.OPERATION#flowable-async-job-executor-thread-28278#
[ExecuteTaskStep] Executing task "executeTaskTask" of process "1ffadebb-5c11-11f1-a636-eeee0a864133"...#
#2026 05 30 10:20:34.419#Z#DEBUG#f7aba7f1-5c10-11f1-a636-eeee0a864133.OPERATION#flowable-async-job-executor-thread-28278#
[ExecuteTaskStep] Application task execution timeout is default one: 43,200 seconds#
#2026 05 30 10:20:34.421#Z#DEBUG#f7aba7f1-5c10-11f1-a636-eeee0a864133.OPERATION#flowable-async-job-executor-thread-28278#
[ExecuteTaskStep] Getting task "59e0916f-1de3-47d6-94ff-dd89dc41e98a"...#
#2026 05 30 10:20:34.448#Z#DEBUG#f7aba7f1-5c10-11f1-a636-eeee0a864133.OPERATION#flowable-async-job-executor-thread-28278#
[ExecuteTaskStep] Task execution status: running#
#2026 05 30 10:20:34.449#Z#DEBUG#f7aba7f1-5c10-11f1-a636-eeee0a864133.OPERATION#flowable-async-job-executor-thread-28278#
[ExecuteTaskStep] Getting application guid "Vendor_portal-db-deployer"...#
#2026 05 30 10:20:34.543#Z#DEBUG#f7aba7f1-5c10-11f1-a636-eeee0a864133.OPERATION#flowable-async-job-executor-thread-28278#
Step "Execute Task" finished#
#2026 05 30 10:20:34.417#Z#DEBUG#f7aba7f1-5c10-11f1-a636-eeee0a864133.OPERATION#flowable-async-job-executor-thread-28277#
[RestartAppStep] Executing task "startAppTask" of process "2c25a591-5c11-11f1-a636-eeee0a864133"...#
#2026 05 30 10:20:34.419#Z#DEBUG#f7aba7f1-5c10-11f1-a636-eeee0a864133.OPERATION#flowable-async-job-executor-thread-28277#
[RestartAppStep] Application start timeout is default one: 3,600 seconds#
#2026 05 30 10:20:34.420#Z#DEBUG#f7aba7f1-5c10-11f1-a636-eeee0a864133.OPERATION#flowable-async-job-executor-thread-28277#
[RestartAppStep] Checking status of application "Vendor_portal"...#
#2026 05 30 10:20:34.420#Z#DEBUG#f7aba7f1-5c10-11f1-a636-eeee0a864133.OPERATION#flowable-async-job-executor-thread-28277#
[RestartAppStep] Getting application "Vendor_portal"...#
#2026 05 30 10:20:34.468#Z#DEBUG#f7aba7f1-5c10-11f1-a636-eeee0a864133.OPERATION#flowable-async-job-executor-thread-28277#
[RestartAppStep] Getting instances for application "Vendor_portal"...#
#2026 05 30 10:20:34.522#Z#DEBUG#f7aba7f1-5c10-11f1-a636-eeee0a864133.OPERATION#flowable-async-job-executor-thread-28277#
[RestartAppStep] Application "Vendor_portal": 0 of 1 instances running (1 starting)#
#2026 05 30 10:20:34.554#Z#DEBUG#f7aba7f1-5c10-11f1-a636-eeee0a864133.OPERATION#flowable-async-job-executor-thread-28277#
Step "Start App" finished#
#2026 05 30 10:20:44.443#Z#DEBUG#f7aba7f1-5c10-11f1-a636-eeee0a864133.OPERATION#flowable-async-job-executor-thread-28285#
[ExecuteTaskStep] Executing task "executeTaskTask" of process "1ffadebb-5c11-11f1-a636-eeee0a864133"...#
#2026 05 30 10:20:44.445#Z#DEBUG#f7aba7f1-5c10-11f1-a636-eeee0a864133.OPERATION#flowable-async-job-executor-thread-28285#
[ExecuteTaskStep] Application task execution timeout is default one: 43,200 seconds#
#2026 05 30 10:20:44.446#Z#DEBUG#f7aba7f1-5c10-11f1-a636-eeee0a864133.OPERATION#flowable-async-job-executor-thread-28285#
[ExecuteTaskStep] Getting task "59e0916f-1de3-47d6-94ff-dd89dc41e98a"...#
#2026 05 30 10:20:44.472#Z#DEBUG#f7aba7f1-5c10-11f1-a636-eeee0a864133.OPERATION#flowable-async-job-executor-thread-28285#
[ExecuteTaskStep] Task execution status: failed#
#2026 05 30 10:20:44.472#Z#DEBUG#f7aba7f1-5c10-11f1-a636-eeee0a864133.OPERATION#flowable-async-job-executor-thread-28285#
[ExecuteTaskStep] Getting application guid "Vendor_portal-db-deployer"...#
#2026 05 30 10:20:44.570#Z#ERROR#f7aba7f1-5c10-11f1-a636-eeee0a864133.OPERATION#flowable-async-job-executor-thread-28285#
[ExecuteTaskStep] Execution of task "deploy" on application "Vendor_portal-db-deployer" failed.#
#2026 05 30 10:20:44.575#Z#INFO#f7aba7f1-5c10-11f1-a636-eeee0a864133.OPERATION#flowable-async-job-executor-thread-28285#
[ExecuteTaskStep] Download the MTA operation logs for more details.#
#2026 05 30 10:20:44.580#Z#DEBUG#f7aba7f1-5c10-11f1-a636-eeee0a864133.OPERATION#flowable-async-job-executor-thread-28285#
Step "Execute Task" finished#
#2026 05 30 10:20:44.439#Z#DEBUG#f7aba7f1-5c10-11f1-a636-eeee0a864133.OPERATION#flowable-async-job-executor-thread-28284#
[RestartAppStep] Executing task "startAppTask" of process "31d702d9-5c11-11f1-a636-eeee0a864133"...#
#2026 05 30 10:20:44.441#Z#DEBUG#f7aba7f1-5c10-11f1-a636-eeee0a864133.OPERATION#flowable-async-job-executor-thread-28284#
[RestartAppStep] Application start timeout is default one: 3,600 seconds#
#2026 05 30 10:20:44.442#Z#DEBUG#f7aba7f1-5c10-11f1-a636-eeee0a864133.OPERATION#flowable-async-job-executor-thread-28284#
[RestartAppStep] Checking status of application "Vendor_portal"...#
#2026 05 30 10:20:44.442#Z#DEBUG#f7aba7f1-5c10-11f1-a636-eeee0a864133.OPERATION#flowable-async-job-executor-thread-28284#
[RestartAppStep] Getting instances for application "Vendor_portal"...#
#2026 05 30 10:20:44.487#Z#DEBUG#f7aba7f1-5c10-11f1-a636-eeee0a864133.OPERATION#flowable-async-job-executor-thread-28284#
[RestartAppStep] Application "Vendor_portal": 1 of 1 instances running (1 running)#
#2026 05 30 10:20:44.538#Z#DEBUG#f7aba7f1-5c10-11f1-a636-eeee0a864133.OPERATION#flowable-async-job-executor-thread-28284#
[RestartAppStep] Getting routes for application "8eeb1495-b644-4c51-b33b-4bba12e1bf9d"...#
#2026 05 30 10:20:44.579#Z#INFO#f7aba7f1-5c10-11f1-a636-eeee0a864133.OPERATION#flowable-async-job-executor-thread-28284#
[RestartAppStep] Application "Vendor_portal" started and available at "a17ff4fftrial-dev-vendor-portal.cfapps.us10-001.hana.ondemand.com"#
#2026 05 30 10:20:44.585#Z#DEBUG#f7aba7f1-5c10-11f1-a636-eeee0a864133.OPERATION#flowable-async-job-executor-thread-28284#
Step "Start App" finished#
#2026 05 30 10:20:44.436#Z#DEBUG#f7aba7f1-5c10-11f1-a636-eeee0a864133.OPERATION#flowable-async-job-executor-thread-28283#
[StageAppStep] Executing task "stageAppTask" of process "0eae281f-5c11-11f1-97fc-eeee0a8370ee"...#
#2026 05 30 10:20:44.438#Z#DEBUG#f7aba7f1-5c10-11f1-a636-eeee0a864133.OPERATION#flowable-async-job-executor-thread-28283#
[StageAppStep] Application stage timeout is default one: 3,600 seconds#
#2026 05 30 10:20:44.438#Z#DEBUG#f7aba7f1-5c10-11f1-a636-eeee0a864133.OPERATION#flowable-async-job-executor-thread-28283#
[StageAppStep] Checking status of application "Vendor_portal-srv"...#
#2026 05 30 10:20:44.438#Z#DEBUG#f7aba7f1-5c10-11f1-a636-eeee0a864133.OPERATION#flowable-async-job-executor-thread-28283#
[StageAppStep] Getting build "0a7ffa4a-7c07-439f-9b62-a1b88ed6a438"...#
#2026 05 30 10:20:44.468#Z#DEBUG#f7aba7f1-5c10-11f1-a636-eeee0a864133.OPERATION#flowable-async-job-executor-thread-28283#
[StageAppStep] Staging status of application "Vendor_portal-srv": STAGED#
#2026 05 30 10:20:44.469#Z#DEBUG#f7aba7f1-5c10-11f1-a636-eeee0a864133.OPERATION#flowable-async-job-executor-thread-28283#
[StageAppStep] Getting application guid "Vendor_portal-srv"...#
#2026 05 30 10:20:44.555#Z#DEBUG#f7aba7f1-5c10-11f1-a636-eeee0a864133.OPERATION#flowable-async-job-executor-thread-28283#
[StageAppStep] Getting build "0a7ffa4a-7c07-439f-9b62-a1b88ed6a438"...#
#2026 05 30 10:20:44.587#Z#DEBUG#f7aba7f1-5c10-11f1-a636-eeee0a864133.OPERATION#flowable-async-job-executor-thread-28283#
[StageAppStep] Binding droplet "a12963d4-04e7-430e-aed4-67d126b407a0" to application "f3610358-e791-4b3a-8047-269077eb9aff"...#
#2026 05 30 10:20:44.640#Z#INFO#f7aba7f1-5c10-11f1-a636-eeee0a864133.OPERATION#flowable-async-job-executor-thread-28283#
[StageAppStep] Application "Vendor_portal-srv" staged#
#2026 05 30 10:20:44.645#Z#DEBUG#f7aba7f1-5c10-11f1-a636-eeee0a864133.OPERATION#flowable-async-job-executor-thread-28283#
Step "Stage App" finished#
#2026 05 30 10:20:44.674#Z#DEBUG#f7aba7f1-5c10-11f1-a636-eeee0a864133.OPERATION#flowable-async-job-executor-thread-28286#
[RestartAppStep] Executing task "startAppTask" of process "0eae281f-5c11-11f1-97fc-eeee0a8370ee"...#
#2026 05 30 10:20:44.677#Z#DEBUG#f7aba7f1-5c10-11f1-a636-eeee0a864133.OPERATION#flowable-async-job-executor-thread-28286#
[RestartAppStep] Application start timeout is default one: 3,600 seconds#
#2026 05 30 10:20:44.737#Z#DEBUG#f7aba7f1-5c10-11f1-a636-eeee0a864133.OPERATION#flowable-async-job-executor-thread-28286#
[RestartAppStep] Getting application "Vendor_portal-srv"...#
#2026 05 30 10:20:44.802#Z#INFO#f7aba7f1-5c10-11f1-a636-eeee0a864133.OPERATION#flowable-async-job-executor-thread-28286#
[RestartAppStep] Starting application "Vendor_portal-srv"...#
#2026 05 30 10:20:44.806#Z#DEBUG#f7aba7f1-5c10-11f1-a636-eeee0a864133.OPERATION#flowable-async-job-executor-thread-28286#
[RestartAppStep] Starting application "Vendor_portal-srv"...#
#2026 05 30 10:20:45.076#Z#DEBUG#f7aba7f1-5c10-11f1-a636-eeee0a864133.OPERATION#flowable-async-job-executor-thread-28286#
Step "Start App" finished#
#2026 05 30 10:20:46.135#Z#DEBUG#f7aba7f1-5c10-11f1-a636-eeee0a864133.OPERATION#flowable-async-job-executor-thread-28287#
[ExecuteTaskStep] Executing task "executeTaskTask" of process "1ffadebb-5c11-11f1-a636-eeee0a864133"...#
#2026 05 30 10:20:46.137#Z#DEBUG#f7aba7f1-5c10-11f1-a636-eeee0a864133.OPERATION#flowable-async-job-executor-thread-28287#
[ExecuteTaskStep] Application task execution timeout is default one: 43,200 seconds#
#2026 05 30 10:20:46.138#Z#INFO#f7aba7f1-5c10-11f1-a636-eeee0a864133.OPERATION#flowable-async-job-executor-thread-28287#
[ExecuteTaskStep] Executing task "deploy" on application "Vendor_portal-db-deployer"...#
#2026 05 30 10:20:46.142#Z#DEBUG#f7aba7f1-5c10-11f1-a636-eeee0a864133.OPERATION#flowable-async-job-executor-thread-28287#
[ExecuteTaskStep] Running task on application "Vendor_portal-db-deployer": {
  "name" : "deploy",
  "command" : "npm start",
  "limits" : {
    "memory" : 256
  }
}#
#2026 05 30 10:20:46.425#Z#DEBUG#f7aba7f1-5c10-11f1-a636-eeee0a864133.OPERATION#flowable-async-job-executor-thread-28287#
Step "Execute Task" finished#
#2026 05 30 10:20:54.454#Z#DEBUG#f7aba7f1-5c10-11f1-a636-eeee0a864133.OPERATION#flowable-async-job-executor-thread-28291#
[RestartAppStep] Executing task "startAppTask" of process "381cb1b9-5c11-11f1-a636-eeee0a864133"...#
#2026 05 30 10:20:54.456#Z#DEBUG#f7aba7f1-5c10-11f1-a636-eeee0a864133.OPERATION#flowable-async-job-executor-thread-28291#
[RestartAppStep] Application start timeout is default one: 3,600 seconds#
#2026 05 30 10:20:54.456#Z#DEBUG#f7aba7f1-5c10-11f1-a636-eeee0a864133.OPERATION#flowable-async-job-executor-thread-28291#
[RestartAppStep] Checking status of application "Vendor_portal-srv"...#
#2026 05 30 10:20:54.456#Z#DEBUG#f7aba7f1-5c10-11f1-a636-eeee0a864133.OPERATION#flowable-async-job-executor-thread-28291#
[RestartAppStep] Getting application "Vendor_portal-srv"...#
#2026 05 30 10:20:54.464#Z#DEBUG#f7aba7f1-5c10-11f1-a636-eeee0a864133.OPERATION#flowable-async-job-executor-thread-28293#
[RestartAppStep] Executing task "startAppTask" of process "37d19edf-5c11-11f1-a636-eeee0a864133"...#
#2026 05 30 10:20:54.466#Z#DEBUG#f7aba7f1-5c10-11f1-a636-eeee0a864133.OPERATION#flowable-async-job-executor-thread-28293#
[RestartAppStep] Application start timeout is default one: 3,600 seconds#
#2026 05 30 10:20:54.467#Z#DEBUG#f7aba7f1-5c10-11f1-a636-eeee0a864133.OPERATION#flowable-async-job-executor-thread-28293#
Step "Start App" finished#
#2026 05 30 10:20:54.544#Z#DEBUG#f7aba7f1-5c10-11f1-a636-eeee0a864133.OPERATION#flowable-async-job-executor-thread-28295#
[PrepareToExecuteTasksStep] Executing task "prepareToExecuteTasksTask" of process "3dba39c9-5c11-11f1-a636-eeee0a864133"...#
#2026 05 30 10:20:54.545#Z#DEBUG#f7aba7f1-5c10-11f1-a636-eeee0a864133.OPERATION#flowable-async-job-executor-thread-28295#
Step "Prepare To Execute Tasks" finished#
#2026 05 30 10:20:54.455#Z#DEBUG#f7aba7f1-5c10-11f1-a636-eeee0a864133.OPERATION#flowable-async-job-executor-thread-28292#
[ExecuteTaskStep] Executing task "executeTaskTask" of process "1ffadebb-5c11-11f1-a636-eeee0a864133"...#
#2026 05 30 10:20:54.456#Z#DEBUG#f7aba7f1-5c10-11f1-a636-eeee0a864133.OPERATION#flowable-async-job-executor-thread-28292#
[ExecuteTaskStep] Application task execution timeout is default one: 43,200 seconds#
#2026 05 30 10:20:54.457#Z#DEBUG#f7aba7f1-5c10-11f1-a636-eeee0a864133.OPERATION#flowable-async-job-executor-thread-28292#
[ExecuteTaskStep] Getting task "986dc4e5-dff3-4ad5-aa02-a9d0fdcf22fd"...#
#2026 05 30 10:20:54.491#Z#DEBUG#f7aba7f1-5c10-11f1-a636-eeee0a864133.OPERATION#flowable-async-job-executor-thread-28292#
[ExecuteTaskStep] Task execution status: running#
#2026 05 30 10:20:54.493#Z#DEBUG#f7aba7f1-5c10-11f1-a636-eeee0a864133.OPERATION#flowable-async-job-executor-thread-28292#
[ExecuteTaskStep] Getting application guid "Vendor_portal-db-deployer"...#
#2026 05 30 10:20:54.593#Z#DEBUG#f7aba7f1-5c10-11f1-a636-eeee0a864133.OPERATION#flowable-async-job-executor-thread-28292#
Step "Execute Task" finished#
#2026 05 30 10:20:54.593#Z#DEBUG#f7aba7f1-5c10-11f1-a636-eeee0a864133.OPERATION#flowable-async-job-executor-thread-28295#
[PublishConfigurationEntriesStep] Executing task "publishProvidedDependenciesTask" of process "3db557a6-5c11-11f1-a636-eeee0a864133"...#
#2026 05 30 10:20:54.594#Z#DEBUG#f7aba7f1-5c10-11f1-a636-eeee0a864133.OPERATION#flowable-async-job-executor-thread-28295#
[PublishConfigurationEntriesStep] Publishing public provided dependencies for application "Vendor_portal"...#
#2026 05 30 10:20:54.595#Z#DEBUG#f7aba7f1-5c10-11f1-a636-eeee0a864133.OPERATION#flowable-async-job-executor-thread-28295#
[PublishConfigurationEntriesStep] No public provided dependencies for publishing#
#2026 05 30 10:20:54.595#Z#DEBUG#f7aba7f1-5c10-11f1-a636-eeee0a864133.OPERATION#flowable-async-job-executor-thread-28295#
Step "Publish Provided Dependencies" finished#
#2026 05 30 10:20:54.515#Z#DEBUG#f7aba7f1-5c10-11f1-a636-eeee0a864133.OPERATION#flowable-async-job-executor-thread-28291#
[RestartAppStep] Getting instances for application "Vendor_portal-srv"...#
#2026 05 30 10:20:54.567#Z#DEBUG#f7aba7f1-5c10-11f1-a636-eeee0a864133.OPERATION#flowable-async-job-executor-thread-28291#
[RestartAppStep] Application "Vendor_portal-srv": 0 of 1 instances running (1 starting)#
#2026 05 30 10:20:54.621#Z#DEBUG#f7aba7f1-5c10-11f1-a636-eeee0a864133.OPERATION#flowable-async-job-executor-thread-28291#
Step "Start App" finished#
#2026 05 30 10:20:54.625#Z#DEBUG#f7aba7f1-5c10-11f1-a636-eeee0a864133.OPERATION#flowable-async-job-executor-thread-28295#
[CreateOrUpdateServiceBrokerStep] Executing task "createOrUpdateServiceBrokerTask" of process "3db557a6-5c11-11f1-a636-eeee0a864133"...#
#2026 05 30 10:20:54.626#Z#DEBUG#f7aba7f1-5c10-11f1-a636-eeee0a864133.OPERATION#flowable-async-job-executor-thread-28295#
[CreateOrUpdateServiceBrokerStep] Creating service brokers...#
#2026 05 30 10:20:54.627#Z#DEBUG#f7aba7f1-5c10-11f1-a636-eeee0a864133.OPERATION#flowable-async-job-executor-thread-28295#
Step "Create Or Update Service Broker " finished#
#2026 05 30 10:21:04.485#Z#DEBUG#f7aba7f1-5c10-11f1-a636-eeee0a864133.OPERATION#flowable-async-job-executor-thread-10288#
[ExecuteTaskStep] Executing task "executeTaskTask" of process "1ffadebb-5c11-11f1-a636-eeee0a864133"...#
#2026 05 30 10:21:04.488#Z#DEBUG#f7aba7f1-5c10-11f1-a636-eeee0a864133.OPERATION#flowable-async-job-executor-thread-10288#
[ExecuteTaskStep] Application task execution timeout is default one: 43,200 seconds#
#2026 05 30 10:21:04.490#Z#DEBUG#f7aba7f1-5c10-11f1-a636-eeee0a864133.OPERATION#flowable-async-job-executor-thread-10288#
[ExecuteTaskStep] Getting task "986dc4e5-dff3-4ad5-aa02-a9d0fdcf22fd"...#
#2026 05 30 10:21:04.525#Z#DEBUG#f7aba7f1-5c10-11f1-a636-eeee0a864133.OPERATION#flowable-async-job-executor-thread-10288#
[ExecuteTaskStep] Task execution status: failed#
#2026 05 30 10:21:04.527#Z#DEBUG#f7aba7f1-5c10-11f1-a636-eeee0a864133.OPERATION#flowable-async-job-executor-thread-10288#
[ExecuteTaskStep] Getting application guid "Vendor_portal-db-deployer"...#
#2026 05 30 10:21:04.604#Z#ERROR#f7aba7f1-5c10-11f1-a636-eeee0a864133.OPERATION#flowable-async-job-executor-thread-10288#
[ExecuteTaskStep] Execution of task "deploy" on application "Vendor_portal-db-deployer" failed.#
#2026 05 30 10:21:04.612#Z#INFO#f7aba7f1-5c10-11f1-a636-eeee0a864133.OPERATION#flowable-async-job-executor-thread-10288#
[ExecuteTaskStep] Download the MTA operation logs for more details.#
#2026 05 30 10:21:04.617#Z#DEBUG#f7aba7f1-5c10-11f1-a636-eeee0a864133.OPERATION#flowable-async-job-executor-thread-10288#
Step "Execute Task" finished#
#2026 05 30 10:21:04.468#Z#DEBUG#f7aba7f1-5c10-11f1-a636-eeee0a864133.OPERATION#flowable-async-job-executor-thread-28299#
[RestartAppStep] Executing task "startAppTask" of process "3dccfea2-5c11-11f1-a636-eeee0a864133"...#
#2026 05 30 10:21:04.470#Z#DEBUG#f7aba7f1-5c10-11f1-a636-eeee0a864133.OPERATION#flowable-async-job-executor-thread-28299#
[RestartAppStep] Application start timeout is default one: 3,600 seconds#
#2026 05 30 10:21:04.471#Z#DEBUG#f7aba7f1-5c10-11f1-a636-eeee0a864133.OPERATION#flowable-async-job-executor-thread-28299#
[RestartAppStep] Checking status of application "Vendor_portal-srv"...#
#2026 05 30 10:21:04.471#Z#DEBUG#f7aba7f1-5c10-11f1-a636-eeee0a864133.OPERATION#flowable-async-job-executor-thread-28299#
[RestartAppStep] Getting instances for application "Vendor_portal-srv"...#
#2026 05 30 10:21:04.517#Z#DEBUG#f7aba7f1-5c10-11f1-a636-eeee0a864133.OPERATION#flowable-async-job-executor-thread-28299#
[RestartAppStep] Application "Vendor_portal-srv": 1 of 1 instances running (1 running)#
#2026 05 30 10:21:04.578#Z#DEBUG#f7aba7f1-5c10-11f1-a636-eeee0a864133.OPERATION#flowable-async-job-executor-thread-28299#
[RestartAppStep] Getting routes for application "f3610358-e791-4b3a-8047-269077eb9aff"...#
#2026 05 30 10:21:04.620#Z#INFO#f7aba7f1-5c10-11f1-a636-eeee0a864133.OPERATION#flowable-async-job-executor-thread-28299#
[RestartAppStep] Application "Vendor_portal-srv" started and available at "a17ff4fftrial-dev-vendor-portal-srv.cfapps.us10-001.hana.ondemand.com"#
#2026 05 30 10:21:04.625#Z#DEBUG#f7aba7f1-5c10-11f1-a636-eeee0a864133.OPERATION#flowable-async-job-executor-thread-28299#
Step "Start App" finished#
#2026 05 30 10:21:07.441#Z#DEBUG#f7aba7f1-5c10-11f1-a636-eeee0a864133.OPERATION#flowable-async-job-executor-thread-28302#
[ExecuteTaskStep] Executing task "executeTaskTask" of process "1ffadebb-5c11-11f1-a636-eeee0a864133"...#
#2026 05 30 10:21:07.444#Z#DEBUG#f7aba7f1-5c10-11f1-a636-eeee0a864133.OPERATION#flowable-async-job-executor-thread-28302#
[ExecuteTaskStep] Application task execution timeout is default one: 43,200 seconds#
#2026 05 30 10:21:07.446#Z#INFO#f7aba7f1-5c10-11f1-a636-eeee0a864133.OPERATION#flowable-async-job-executor-thread-28302#
[ExecuteTaskStep] Executing task "deploy" on application "Vendor_portal-db-deployer"...#
#2026 05 30 10:21:07.450#Z#DEBUG#f7aba7f1-5c10-11f1-a636-eeee0a864133.OPERATION#flowable-async-job-executor-thread-28302#
[ExecuteTaskStep] Running task on application "Vendor_portal-db-deployer": {
  "name" : "deploy",
  "command" : "npm start",
  "limits" : {
    "memory" : 256
  }
}#
#2026 05 30 10:21:07.716#Z#DEBUG#f7aba7f1-5c10-11f1-a636-eeee0a864133.OPERATION#flowable-async-job-executor-thread-28302#
Step "Execute Task" finished#
#2026 05 30 10:21:14.525#Z#DEBUG#f7aba7f1-5c10-11f1-a636-eeee0a864133.OPERATION#flowable-async-job-executor-thread-11093#
[RestartAppStep] Executing task "startAppTask" of process "43c37b94-5c11-11f1-a636-eeee0a864133"...#
#2026 05 30 10:21:14.530#Z#DEBUG#f7aba7f1-5c10-11f1-a636-eeee0a864133.OPERATION#flowable-async-job-executor-thread-11093#
[RestartAppStep] Application start timeout is default one: 3,600 seconds#
#2026 05 30 10:21:14.532#Z#DEBUG#f7aba7f1-5c10-11f1-a636-eeee0a864133.OPERATION#flowable-async-job-executor-thread-11093#
Step "Start App" finished#
#2026 05 30 10:21:14.485#Z#DEBUG#f7aba7f1-5c10-11f1-a636-eeee0a864133.OPERATION#flowable-async-job-executor-thread-28307#
[ExecuteTaskStep] Executing task "executeTaskTask" of process "1ffadebb-5c11-11f1-a636-eeee0a864133"...#
#2026 05 30 10:21:14.487#Z#DEBUG#f7aba7f1-5c10-11f1-a636-eeee0a864133.OPERATION#flowable-async-job-executor-thread-28307#
[ExecuteTaskStep] Application task execution timeout is default one: 43,200 seconds#
#2026 05 30 10:21:14.488#Z#DEBUG#f7aba7f1-5c10-11f1-a636-eeee0a864133.OPERATION#flowable-async-job-executor-thread-28307#
[ExecuteTaskStep] Getting task "f2a1e97e-bc4c-497e-a640-b5c82492d298"...#
#2026 05 30 10:21:14.520#Z#DEBUG#f7aba7f1-5c10-11f1-a636-eeee0a864133.OPERATION#flowable-async-job-executor-thread-28307#
[ExecuteTaskStep] Task execution status: running#
#2026 05 30 10:21:14.521#Z#DEBUG#f7aba7f1-5c10-11f1-a636-eeee0a864133.OPERATION#flowable-async-job-executor-thread-28307#
[ExecuteTaskStep] Getting application guid "Vendor_portal-db-deployer"...#
#2026 05 30 10:21:14.625#Z#DEBUG#f7aba7f1-5c10-11f1-a636-eeee0a864133.OPERATION#flowable-async-job-executor-thread-28307#
Step "Execute Task" finished#
#2026 05 30 10:21:14.667#Z#DEBUG#f7aba7f1-5c10-11f1-a636-eeee0a864133.OPERATION#flowable-async-job-executor-thread-11095#
[PrepareToExecuteTasksStep] Executing task "prepareToExecuteTasksTask" of process "49b405d0-5c11-11f1-bcd3-eeee0a9b4b71"...#
#2026 05 30 10:21:14.669#Z#DEBUG#f7aba7f1-5c10-11f1-a636-eeee0a864133.OPERATION#flowable-async-job-executor-thread-11095#
Step "Prepare To Execute Tasks" finished#
#2026 05 30 10:21:14.757#Z#DEBUG#f7aba7f1-5c10-11f1-a636-eeee0a864133.OPERATION#flowable-async-job-executor-thread-11096#
[PublishConfigurationEntriesStep] Executing task "publishProvidedDependenciesTask" of process "49aba13d-5c11-11f1-bcd3-eeee0a9b4b71"...#
#2026 05 30 10:21:14.759#Z#DEBUG#f7aba7f1-5c10-11f1-a636-eeee0a864133.OPERATION#flowable-async-job-executor-thread-11096#
[PublishConfigurationEntriesStep] Publishing public provided dependencies for application "Vendor_portal-srv"...#
#2026 05 30 10:21:14.760#Z#DEBUG#f7aba7f1-5c10-11f1-a636-eeee0a864133.OPERATION#flowable-async-job-executor-thread-11096#
[PublishConfigurationEntriesStep] No public provided dependencies for publishing#
#2026 05 30 10:21:14.760#Z#DEBUG#f7aba7f1-5c10-11f1-a636-eeee0a864133.OPERATION#flowable-async-job-executor-thread-11096#
Step "Publish Provided Dependencies" finished#
#2026 05 30 10:21:14.807#Z#DEBUG#f7aba7f1-5c10-11f1-a636-eeee0a864133.OPERATION#flowable-async-job-executor-thread-11097#
[CreateOrUpdateServiceBrokerStep] Executing task "createOrUpdateServiceBrokerTask" of process "49aba13d-5c11-11f1-bcd3-eeee0a9b4b71"...#
#2026 05 30 10:21:14.810#Z#DEBUG#f7aba7f1-5c10-11f1-a636-eeee0a864133.OPERATION#flowable-async-job-executor-thread-11097#
[CreateOrUpdateServiceBrokerStep] Creating service brokers...#
#2026 05 30 10:21:14.811#Z#DEBUG#f7aba7f1-5c10-11f1-a636-eeee0a864133.OPERATION#flowable-async-job-executor-thread-11097#
Step "Create Or Update Service Broker " finished#
#2026 05 30 10:21:24.506#Z#DEBUG#f7aba7f1-5c10-11f1-a636-eeee0a864133.OPERATION#flowable-async-job-executor-thread-28315#
[ExecuteTaskStep] Executing task "executeTaskTask" of process "1ffadebb-5c11-11f1-a636-eeee0a864133"...#
#2026 05 30 10:21:24.508#Z#DEBUG#f7aba7f1-5c10-11f1-a636-eeee0a864133.OPERATION#flowable-async-job-executor-thread-28315#
[ExecuteTaskStep] Application task execution timeout is default one: 43,200 seconds#
#2026 05 30 10:21:24.509#Z#DEBUG#f7aba7f1-5c10-11f1-a636-eeee0a864133.OPERATION#flowable-async-job-executor-thread-28315#
[ExecuteTaskStep] Getting task "f2a1e97e-bc4c-497e-a640-b5c82492d298"...#
#2026 05 30 10:21:24.541#Z#DEBUG#f7aba7f1-5c10-11f1-a636-eeee0a864133.OPERATION#flowable-async-job-executor-thread-28315#
[ExecuteTaskStep] Task execution status: failed#
#2026 05 30 10:21:24.542#Z#DEBUG#f7aba7f1-5c10-11f1-a636-eeee0a864133.OPERATION#flowable-async-job-executor-thread-28315#
[ExecuteTaskStep] Getting application guid "Vendor_portal-db-deployer"...#
#2026 05 30 10:21:24.635#Z#ERROR#f7aba7f1-5c10-11f1-a636-eeee0a864133.OPERATION#flowable-async-job-executor-thread-28315#
[ExecuteTaskStep] Execution of task "deploy" on application "Vendor_portal-db-deployer" failed.#
#2026 05 30 10:21:24.641#Z#INFO#f7aba7f1-5c10-11f1-a636-eeee0a864133.OPERATION#flowable-async-job-executor-thread-28315#
[ExecuteTaskStep] Download the MTA operation logs for more details.#
#2026 05 30 10:21:24.646#Z#DEBUG#f7aba7f1-5c10-11f1-a636-eeee0a864133.OPERATION#flowable-async-job-executor-thread-28315#
Step "Execute Task" finished#
